wave_peak	wave_base	wave_top	note
555.7063	555.6563	555.7563	Al 1
669.6023	669.5523	669.6523	Al 1
669.8673	669.8173	669.9173	Al 1
877.2864999999999	877.2365	877.3365	Al 1
877.3896000000001	877.3396	877.4396	Al 1
