wave_peak	wave_base	wave_top	note
505.21443	505.1644	505.2644	C  1
538.03252	537.9825	538.0825	C  1
658.761	658.711	658.811	C  1
872.71395	872.664	872.764	C  1
