wave_peak	wave_base	wave_top	note
477.3941	477.3441	477.4441	Ce 2
491.4924	491.4424	491.5424	Ce 2
511.71692999999993	511.6669	511.7669	Ce 2
518.7457999999999	518.6958	518.7958	Ce 2
527.4229	527.3729	527.4729	Ce 2
533.0555999999999	533.0056	533.1056	Ce 2
604.3372999999999	604.2873	604.3873	Ce 2
876.9913	876.9413	877.0413	Ce 2
877.21353	877.1635	877.2635	Ce 2
