wave_peak	wave_base	wave_top	note
486.13230000000004	486.0823	486.1823	H  1
656.2796999999999	656.2297	656.3297	H  1
