wave_peak	wave_base	wave_top	note
670.77635	670.7264	670.8263	Li 1
670.7914499999999	670.7414	670.8414	Li 1
670.79215	670.7422	670.8421	Li 1
670.8072500000001	670.7573	670.8572	Li 1
