wave_peak	wave_base	wave_top	note
516.73216	516.6822	516.7822	Mg 1
517.26843	517.2184	517.3184	Mg 1
518.36042	518.3104	518.4104	Mg 1
552.84047	552.7905	552.8905	Mg 1
571.1088	571.0588	571.1588	Mg 1
631.8716999999999	631.8217	631.9217	Mg 1
631.9237	631.8737	631.9737	Mg 1
631.9493	631.8993	631.9993	Mg 1
871.7825	871.7325	871.8325	Mg 1
873.6019	873.5519	873.6519	Mg 1
880.6757	880.6257	880.7257	Mg 1
892.3569	892.3069	892.4069	Mg 1
