wave_peak	wave_base	wave_top	note
475.18217999999996	475.1322	475.2322	Na 1
568.8205	568.7705	568.8705	Na 1
588.99509	588.9451	589.0451	Na 1
589.5924200000001	589.5424	589.6424	Na 1
615.42255	615.3726	615.4726	Na 1
616.07471	616.0247	616.1247	Na 1
