wave_peak	wave_base	wave_top	note
615.81858	615.7686	615.8686	O  1
630.0303799999999	629.9804	630.0804	O  1
636.3776	636.3276	636.4276	O  1
