wave_peak	wave_base	wave_top	note
674.34832	674.2983	674.3983	S  1
674.354	674.304	674.404	S  1
674.358	674.308	674.408	S  1
674.857	674.807	674.907	S  1
674.858	674.808	674.908	S  1
674.879	674.829	674.929	S  1
675.7149999999999	675.665	675.765	S  1
869.4709999999999	869.421	869.521	S  1
