wave_peak	wave_base	wave_top	note
488.36821	488.3182	488.4182	Y  2
490.01189000000005	489.9619	490.0619	Y  2
498.2129	498.1629	498.2629	Y  2
508.7416	508.6916	508.7916	Y  2
520.0406	519.9906	520.0906	Y  2
520.57224	520.5222	520.6222	Y  2
528.9815	528.9315	529.0315	Y  2
540.2774000000001	540.2274	540.3274	Y  2
554.4611	554.4111	554.5111	Y  2
572.88865	572.8386	572.9386	Y  2
679.5414	679.4914	679.5914	Y  2
