wave_peak	wave_base	wave_top	note
478.492	478.442	478.542	Zr 1
480.587	480.537	480.637	Zr 1
480.947	480.897	480.997	Zr 1
481.504	481.454	481.554	Zr 1
481.563	481.513	481.613	Zr 1
482.804	482.754	482.854	Zr 1
504.658	504.608	504.708	Zr 1
511.22700000000003	511.177	511.277	Zr 2
538.514	538.464	538.564	Zr 1
612.7439999999999	612.694	612.794	Zr 1
613.455	613.405	613.505	Zr 1
614.046	613.996	614.096	Zr 1
614.3199999999999	614.27	614.37	Zr 1
644.574	644.524	644.624	Zr 1
