wavelength species lower_state_eV loggf damping d0 equivalent_width comment
  5100.000 106.00113   2.33800    -5.703      0.00      0.00      0.00           
  5100.031      25.1   6.53100    -4.730      0.00      0.00      0.00           
  5100.031      25.1   6.53600    -4.534     -7.88      0.00      0.00           
  5100.066      29.1  14.43000     0.188     -7.61      0.00      0.00           
  5100.070      27.0   4.11000    -0.820      0.00      0.00      0.00           
  5100.075      23.1   8.03500    -3.366     -7.72      0.00      0.00           
  5100.077      27.0   4.11300    -1.089     -7.51      0.00      0.00           
  5100.099      26.0   5.03300    -8.139     -7.18      0.00      0.00           
  5100.099      26.0   5.03300    -8.366     -7.18      0.00      0.00           
  5100.123      22.1   6.97100    -3.800     -7.66      0.00      0.00           
  5100.142      27.1  11.45700     0.675     -7.57      0.00      0.00           
  5100.153      41.0   0.04900    -1.440      0.00      0.00      0.00           
  5100.153      41.0   0.04900    -1.440      0.00      0.00      0.00           
  5100.163      26.1  11.59100    -6.764     -7.42      0.00      0.00           
  5100.233      26.1   8.19300    -3.558     -7.54      0.00      0.00           
  5100.249 112.00124   0.60700     0.520      0.00      0.00      0.00           
  5100.260      62.1   1.49200    -0.490      0.00      0.00      0.00           
  5100.260      62.1   1.49300    -0.490      0.00      0.00      0.00           
  5100.317      24.1  12.58600    -3.433     -7.25      0.00      0.00           
  5100.325      42.0   2.98500    -1.750      0.00      0.00      0.00           
  5100.325      42.0   2.98800    -1.749      0.00      0.00      0.00           
  5100.344      26.1   8.07300    -5.444     -7.74      0.00      0.00           
  5100.368 112.00125   0.60600     0.520      0.00      0.00      0.00           
  5100.381 112.00124   0.56500    -2.771      0.00      0.00      0.00           
  5100.382      27.1  11.32300    -0.560     -7.57      0.00      0.00           
  5100.386      26.1  11.19600    -5.172     -7.63      0.00      0.00           
  5100.390      62.0   1.62200     0.830      0.00      0.00      0.00           
  5100.390      62.0   1.62400     0.833      0.00      0.00      0.00           
  5100.393 112.00124   0.60700    -2.993      0.00      0.00      0.00           
  5100.436 112.00124   0.56600    -0.021      0.00      0.00      0.00           
  5100.441 112.00124   0.21600    -1.737      0.00      0.00      0.00           
  5100.470 112.00124   0.60700    -3.017      0.00      0.00      0.00           
  5100.473 112.00126   0.60500     0.520      0.00      0.00      0.00           
  5100.482      28.0   4.53800    -1.851     -7.27      0.00      0.00           
  5100.510      24.1   6.80000    -3.190      0.00      0.00      0.00           
  5100.510      24.1   6.80500    -4.582     -7.84      0.00      0.00           
  5100.523      28.1  14.40000    -2.601     -7.49      0.00      0.00           
  5100.528 106.00113   2.33800    -2.961      0.00      0.00      0.00           
  5100.531      24.1   8.41500    -5.089     -7.72      0.00      0.00           
  5100.531      25.1  10.44800    -6.058     -7.67      0.00      0.00           
  5100.534      26.1  11.18500    -3.041     -7.38      0.00      0.00           
  5100.547 106.00113   2.15200    -4.295      0.00      0.00      0.00           
  5100.581 106.00113   2.15200    -4.530      0.00      0.00      0.00           
  5100.599      58.1   3.56200    -2.510      0.00      0.00      0.00           
  5100.612      26.1  10.38100     0.233     -7.59      0.00      0.00           
  5100.614 112.00124   0.60700     0.537      0.00      0.00      0.00           
  5100.621      90.0   0.61500    -1.810      0.00      0.00      0.00           
  5100.621      90.0   0.61500    -1.813      0.00      0.00      0.00           
  5100.640      26.1  11.78400    -4.285     -7.37      0.00      0.00           
  5100.655      26.1   2.80700    -4.197     -7.89      0.00      0.00           
  5100.664      26.1   2.80700    -4.170      0.00      0.00      0.00           
  5100.674      24.0   5.27600    -3.720      0.00      0.00      0.00           
  5100.674      24.0   3.84400    -3.760      0.00      0.00      0.00           
  5100.674      24.0   3.84700    -5.990     -7.68      0.00      0.00           
  5100.728 106.00112   0.98800    -3.720      0.00      0.00      0.00           
  5100.731 112.00125   0.60600     0.537      0.00      0.00      0.00           
  5100.734      26.1  10.38100     0.718     -7.59      0.00      0.00           
  5100.740 112.00124   0.51000    -0.884      0.00      0.00      0.00           
  5100.744      26.0   4.95600    -3.319     -7.12      0.00      0.00           
  5100.744      26.0   4.95200    -2.450      0.00      0.00      0.00           
  5100.745 106.00113   2.05300    -7.143      0.00      0.00      0.00           
  5100.748 112.00124   0.51000    -1.663      0.00      0.00      0.00           
  5100.751      22.0   3.15800    -2.570      0.00      0.00      0.00           
  5100.751      22.0   3.16100    -3.608     -7.52      0.00      0.00           
  5100.768 106.00112   2.34600    -5.192      0.00      0.00      0.00           
  5100.773      24.1  12.54200    -8.320     -7.18      0.00      0.00           
  5100.774      27.1  11.32300     0.029     -7.57      0.00      0.00           
  5100.811 106.00113   2.33800    -3.034      0.00      0.00      0.00           
  5100.811      26.1   8.30700    -4.865     -7.53      0.00      0.00           
  5100.818      26.0   5.03300    -6.858     -7.18      0.00      0.00           
  5100.820      26.1  11.57100    -5.994     -7.48      0.00      0.00           
  5100.828      22.0   2.48800    -2.484     -7.62      0.00      0.00           
  5100.828      22.0   2.48600    -2.290      0.00      0.00      0.00           
  5100.837 112.00126   0.60500     0.537      0.00      0.00      0.00           
  5100.851 106.00112   2.34600    -2.961      0.00      0.00      0.00           
  5100.852      26.1   5.91100    -2.172     -7.79      0.00      0.00           
  5100.852      26.1   5.90600    -1.780      0.00      0.00      0.00           
  5100.881 106.00112   2.34600    -3.034      0.00      0.00      0.00           
  5100.882 114.00128   1.22400    -3.581      0.00      0.00      0.00           
  5100.895      27.0   4.11000    -2.540      0.00      0.00      0.00           
  5100.895      28.1  14.51600    -2.770     -7.18      0.00      0.00           
  5100.902      27.0   4.11300    -2.513     -7.51      0.00      0.00           
  5100.906      26.0   4.20600    -1.970      0.00      0.00      0.00           
  5100.906      26.0   4.20900    -1.736     -7.51      0.00      0.00           
  5100.916      28.1  14.35000    -3.804     -7.18      0.00      0.00           
  5100.927      64.1   1.59800    -1.100      0.00      0.00      0.00           
  5100.930      64.1   1.59700    -1.050      0.00      0.00      0.00           
  5100.942 112.00124   0.21300     0.184      0.00      0.00      0.00           
  5100.964 106.00112   2.34600    -5.725      0.00      0.00      0.00           
  5100.964      22.0   2.24800    -1.950      0.00      0.00      0.00           
  5100.964      22.0   2.25000    -1.950     -7.71      0.00      0.00           
  5100.969      15.0   6.95400    -2.120     -7.14      0.00      0.00           
  5100.969      15.0   6.94900    -2.120      0.00      0.00      0.00           
  5100.970      26.1  12.99600    -1.576     -7.50      0.00      0.00           
  5100.971      26.1  13.04500    -3.209     -7.54      0.00      0.00           
  5100.973      25.0   4.43500    -9.354     -7.74      0.00      0.00           
  5100.976      29.1  14.69600    -0.517     -7.57      0.00      0.00           
  5101.004 106.00113   2.15200    -5.730      0.00      0.00      0.00           
  5101.010      23.0   3.28300    -3.729     -7.30      0.00      0.00           
  5101.055 112.00124   0.21300    -2.111      0.00      0.00      0.00           
  5101.064 106.00112   1.57900    -6.515      0.00      0.00      0.00           
  5101.072      69.1   4.74400    -2.850      0.00      0.00      0.00           
  5101.073      58.1   2.41500    -3.550      0.00      0.00      0.00           
  5101.079 112.00125   0.21300     0.184      0.00      0.00      0.00           
  5101.082 112.00124   0.62400     0.667      0.00      0.00      0.00           
  5101.097   21.0045   1.44800    -2.990      0.00      0.00      0.00           
  5101.098   21.0045   1.44800    -2.360      0.00      0.00      0.00           
  5101.098   21.0045   1.44800    -2.290      0.00      0.00      0.00           
  5101.100   21.0045   1.44800    -2.830      0.00      0.00      0.00           
  5101.102   21.0045   1.44800    -2.090      0.00      0.00      0.00           
  5101.103   21.0045   1.44800    -2.090      0.00      0.00      0.00           
  5101.105   21.0045   1.44800    -2.830      0.00      0.00      0.00           
  5101.107   21.0045   1.44800    -1.990      0.00      0.00      0.00           
  5101.109   21.0045   1.44800    -1.890      0.00      0.00      0.00           
  5101.112   21.0045   1.44800    -2.930      0.00      0.00      0.00           
  5101.115   21.0045   1.44800    -1.940      0.00      0.00      0.00           
  5101.117   21.0045   1.44800    -1.720      0.00      0.00      0.00           
  5101.120      27.1  11.40200    -2.551     -7.57      0.00      0.00           
  5101.121   21.0045   1.44800    -3.140      0.00      0.00      0.00           
  5101.124   21.0045   1.44800    -1.950      0.00      0.00      0.00           
  5101.127   21.0045   1.44800    -1.570      0.00      0.00      0.00           
  5101.130      69.0   2.35500    -1.310      0.00      0.00      0.00           
  5101.132   21.0045   1.44800    -3.530      0.00      0.00      0.00           
  5101.136   21.0045   1.44800    -2.020      0.00      0.00      0.00           
  5101.137      21.0   1.44800    -0.561     -7.75      0.00      0.00           
  5101.139   21.0045   1.44800    -1.440      0.00      0.00      0.00           
  5101.142 106.00112   1.57900    -2.519      0.00      0.00      0.00           
  5101.146 114.00128   1.22400    -3.581      0.00      0.00      0.00           
  5101.149   21.0045   1.44800    -2.230      0.00      0.00      0.00           
  5101.153   21.0045   1.44800    -1.330      0.00      0.00      0.00           
  5101.169   21.0045   1.44800    -1.220      0.00      0.00      0.00           
  5101.172 106.00112   1.57900    -2.438      0.00      0.00      0.00           
  5101.205 112.00126   0.21300     0.184      0.00      0.00      0.00           
  5101.207 106.00112   1.05600    -3.278      0.00      0.00      0.00           
  5101.222 112.00125   0.62300     0.667      0.00      0.00      0.00           
  5101.249 106.00112   1.05600    -6.036      0.00      0.00      0.00           
  5101.249 106.00112   1.57900    -6.287      0.00      0.00      0.00           
  5101.252 112.00124   0.62400    -3.317      0.00      0.00      0.00           
  5101.268 112.00124   0.62400    -3.317      0.00      0.00      0.00           
  5101.307 112.00124   0.55400    -0.121      0.00      0.00      0.00           
  5101.340 106.00113   2.33800    -5.217      0.00      0.00      0.00           
  5101.346 112.00126   0.62200     0.667      0.00      0.00      0.00           
  5101.356 112.00124   0.55400    -2.732      0.00      0.00      0.00           
  5101.390      44.0   1.41900    -1.820      0.00      0.00      0.00           
  5101.401      22.0   1.46000    -2.710     -7.67      0.00      0.00           
  5101.401      22.0   1.45900    -2.710      0.00      0.00      0.00           
  5101.412 112.00124   0.21300     0.204      0.00      0.00      0.00           
  5101.438 112.00124   0.62400     0.682      0.00      0.00      0.00           
  5101.468      24.0   4.52900    -3.050      0.00      0.00      0.00           
  5101.488 106.00113   2.27500    -6.220      0.00      0.00      0.00           
  5101.525      25.0   4.72300    -3.150      0.00      0.00      0.00           
  5101.549 112.00125   0.21300     0.204      0.00      0.00      0.00           
  5101.565 106.00112   1.05600    -6.020      0.00      0.00      0.00           
  5101.572 114.00128   1.76900    -2.903      0.00      0.00      0.00           
  5101.577 112.00125   0.62300     0.682      0.00      0.00      0.00           
  5101.607 106.00112   1.05600    -3.197      0.00      0.00      0.00           
  5101.638 106.00112   1.87300   -11.929      0.00      0.00      0.00           
  5101.663      24.1   6.80000    -3.050      0.00      0.00      0.00           
  5101.677 112.00126   0.21300     0.204      0.00      0.00      0.00           
  5101.688 106.00112   1.87300    -7.589      0.00      0.00      0.00           
  5101.694 114.00128   1.15500    -3.797      0.00      0.00      0.00           
  5101.695      24.0   4.85100    -3.210      0.00      0.00      0.00           
  5101.701 112.00126   0.62300     0.682      0.00      0.00      0.00           
  5101.718      44.0   1.32100    -2.390      0.00      0.00      0.00           
  5101.768      24.0   5.25800    -3.980      0.00      0.00      0.00           
  5101.781 106.00112   1.87300    -7.766      0.00      0.00      0.00           
  5101.789      26.1   6.13800    -4.014     -7.90      0.00      0.00           
  5101.805      26.1   6.13300    -4.380      0.00      0.00      0.00           
  5101.849      26.0   5.01000    -3.263     -7.10      0.00      0.00           
  5101.849      26.0   5.00600    -1.590      0.00      0.00      0.00           
  5101.855      22.0   1.74800    -3.940      0.00      0.00      0.00           
  5101.855      22.0   1.74900    -4.050     -7.77      0.00      0.00           
  5101.880 114.00128   1.77000    -2.903      0.00      0.00      0.00           
  5101.905      24.0   3.88500    -3.380      0.00      0.00      0.00           
  5101.905      24.0   3.88800    -3.118     -7.73      0.00      0.00           
  5101.939 112.00124   0.55400    -2.726      0.00      0.00      0.00           
  5101.972      26.0   4.63500    -3.540      0.00      0.00      0.00           
  5101.972      26.0   4.63800    -2.918     -7.29      0.00      0.00           
  5101.988 112.00124   0.55400    -0.067      0.00      0.00      0.00           
  5102.066 114.00128   1.15500    -3.797      0.00      0.00      0.00           
  5102.067      25.1   6.52300    -5.260      0.00      0.00      0.00           
  5102.098      25.1   5.56300    -3.460      0.00      0.00      0.00           
  5102.098      25.1   5.56700    -3.540     -7.89      0.00      0.00           
  5102.157      42.0   3.19600    -1.670      0.00      0.00      0.00           
  5102.162 112.00124   0.07800    -1.827      0.00      0.00      0.00           
  5102.188      26.1  10.39200    -1.427     -7.59      0.00      0.00           
  5102.239      26.0   2.22300    -5.169     -7.75      0.00      0.00           
  5102.239      26.0   2.22100    -5.090      0.00      0.00      0.00           
  5102.244      23.0   1.37600    -3.740     -7.77      0.00      0.00           
  5102.244      23.0   1.37500    -4.430      0.00      0.00      0.00           
  5102.256 112.00124   0.56900     0.310      0.00      0.00      0.00           
  5102.266 114.00128   1.15500    -3.363      0.00      0.00      0.00           
  5102.322      58.1   2.14500    -1.780      0.00      0.00      0.00           
  5102.322      23.0   1.21800    -4.155     -7.74      0.00      0.00           
  5102.322      23.0   1.21700    -5.060      0.00      0.00      0.00           
  5102.362 112.00124   0.56900    -3.062      0.00      0.00      0.00           
  5102.363      22.0   2.23800    -1.760      0.00      0.00      0.00           
  5102.363      22.0   2.23900    -1.642     -7.71      0.00      0.00           
  5102.390      60.1   0.68000    -0.620      0.00      0.00      0.00           
  5102.390      60.1   0.68000    -0.620      0.00      0.00      0.00           
  5102.402 106.00113   2.15300    -4.295      0.00      0.00      0.00           
  5102.421      26.0   3.41500    -5.153     -7.75      0.00      0.00           
  5102.421      26.0   3.41200    -5.060      0.00      0.00      0.00           
  5102.470      25.0   3.76900    -6.350      0.00      0.00      0.00           
  5102.507      23.1   6.09600    -3.630      0.00      0.00      0.00           
  5102.517      25.1   5.99100    -1.905     -7.87      0.00      0.00           
  5102.517      25.1   5.98600    -1.930      0.00      0.00      0.00           
  5102.519 106.00113   1.30900    -3.294      0.00      0.00      0.00           
  5102.528      24.0   3.42200    -2.347     -7.78      0.00      0.00           
  5102.528      24.0   3.41900    -2.730      0.00      0.00      0.00           
  5102.533 106.00113   2.15300    -4.530      0.00      0.00      0.00           
  5102.553 112.00124   0.56900    -3.061      0.00      0.00      0.00           
  5102.624 106.00113   1.30900    -7.501      0.00      0.00      0.00           
  5102.628 112.00124   0.54400    -0.181      0.00      0.00      0.00           
  5102.637 114.00128   1.15500    -3.363      0.00      0.00      0.00           
  5102.648      26.0   4.18300    -1.610      0.00      0.00      0.00           
  5102.648      26.0   4.18600    -2.157     -7.52      0.00      0.00           
  5102.659 112.00124   0.56900     0.333      0.00      0.00      0.00           
  5102.672 112.00124   0.54400    -2.685      0.00      0.00      0.00           
  5102.735 106.00113   1.30900    -3.198      0.00      0.00      0.00           
  5102.752      23.1   3.75800    -3.048     -7.87      0.00      0.00           
  5102.752      23.1   3.75500    -5.360      0.00      0.00      0.00           
  5102.777 112.00124   0.51000    -0.870      0.00      0.00      0.00           
  5102.815      24.0   5.61800    -2.970      0.00      0.00      0.00           
  5102.819      26.0   3.04500    -6.990      0.00      0.00      0.00           
  5102.859      26.0   4.91300    -3.233     -7.12      0.00      0.00           
  5102.859      26.0   4.90900    -2.270      0.00      0.00      0.00           
  5102.884 106.00113   1.53300    -6.794      0.00      0.00      0.00           
  5102.908      26.1  10.44800    -1.223     -7.59      0.00      0.00           
  5102.957 106.00113   2.15300    -5.757      0.00      0.00      0.00           
  5102.966      28.0   1.67600    -2.620     -7.78      0.00      0.00           
  5102.966      28.0   1.67500    -2.870      0.00      0.00      0.00           
  5103.010 114.00128   1.20100    -3.221      0.00      0.00      0.00           
  5103.029      28.0   4.23200    -2.000      0.00      0.00      0.00           
  5103.036      28.0   4.23600    -2.501     -7.32      0.00      0.00           
  5103.042   62.1154   1.16500    -0.350      0.00      0.00      0.00           
  5103.055 106.00112   0.99600    -6.634      0.00      0.00      0.00           
  5103.059   62.1152   1.16500    -0.350      0.00      0.00      0.00           
  5103.090      62.1   1.16600    -0.350      0.00      0.00      0.00           
  5103.093    62.115   1.16500    -0.350      0.00      0.00      0.00           
  5103.096 106.00113   2.00300    -8.975      0.00      0.00      0.00           
  5103.096 114.00128   1.44000    -2.681      0.00      0.00      0.00           
  5103.103 114.00128   1.20100    -3.221      0.00      0.00      0.00           
  5103.112   62.1149   1.16500    -0.350      0.00      0.00      0.00           
  5103.121   62.1148   1.16500    -0.350      0.00      0.00      0.00           
  5103.124      22.0   2.73800    -0.756     -7.77      0.00      0.00           
  5103.124      22.0   2.73600    -1.040      0.00      0.00      0.00           
  5103.130   62.1147   1.16500    -0.350      0.00      0.00      0.00           
  5103.140      27.0   4.11000    -1.690      0.00      0.00      0.00           
  5103.145      27.0   4.11300    -1.403     -7.54      0.00      0.00           
  5103.145   62.1144   1.16500    -0.350      0.00      0.00      0.00           
  5103.160      60.0   0.00000    -0.514      0.00      0.00      0.00           
  5103.160      60.0   0.00000    -0.510      0.00      0.00      0.00           
  5103.246 112.00124   0.38400    -0.291      0.00      0.00      0.00           
  5103.265 106.00112   1.53800    -6.850      0.00      0.00      0.00           
  5103.293 112.00124   0.38400    -1.837      0.00      0.00      0.00           
  5103.317      25.1   6.67100    -2.817     -7.87      0.00      0.00           
  5103.317      25.1   6.66600    -2.770      0.00      0.00      0.00           
  5103.334 112.00124   0.54400    -2.676      0.00      0.00      0.00           
  5103.378 112.00124   0.54400    -0.119      0.00      0.00      0.00           
  5103.398      26.0   4.98400    -2.110      0.00      0.00      0.00           
  5103.398      26.0   4.98800    -2.832     -7.13      0.00      0.00           
  5103.425 106.00113   2.05400    -7.195      0.00      0.00      0.00           
  5103.439 106.00113   1.96800    -3.779      0.00      0.00      0.00           
  5103.442 106.00113   2.21500    -6.305      0.00      0.00      0.00           
  5103.444      33.0   6.39400    -0.200      0.00      0.00      0.00           
  5103.457      64.0   0.98500     0.520      0.00      0.00      0.00           
  5103.457      64.0   0.98500     0.519      0.00      0.00      0.00           
  5103.468      22.0   2.47200    -2.123     -7.52      0.00      0.00           
  5103.468      22.0   2.47000    -2.180      0.00      0.00      0.00           
  5103.473 106.00113   1.07800    -3.199      0.00      0.00      0.00           
  5103.497      76.0   1.08400    -3.450      0.00      0.00      0.00           
  5103.499      76.0   1.08400    -2.500      0.00      0.00      0.00           
  5103.522      22.0   3.38900    -3.030      0.00      0.00      0.00           
  5103.522      22.0   3.39200    -2.744     -7.66      0.00      0.00           
  5103.522 106.00113   1.07800    -6.062      0.00      0.00      0.00           
  5103.555 106.00112   2.34700    -2.961      0.00      0.00      0.00           
  5103.578 106.00112   2.16000    -5.729      0.00      0.00      0.00           
  5103.585 106.00113   1.96800    -3.797      0.00      0.00      0.00           
  5103.593 106.00112   2.34700    -5.217      0.00      0.00      0.00           
  5103.620      24.0   4.44300    -1.420      0.00      0.00      0.00           
  5103.626 106.00113   1.96800    -6.018      0.00      0.00      0.00           
  5103.637 106.00112   2.16000    -4.529      0.00      0.00      0.00           
  5103.669 106.00112   2.34700    -5.702      0.00      0.00      0.00           
  5103.678 114.00128   1.44100    -2.681      0.00      0.00      0.00           
  5103.689      24.1   6.79800    -4.140      0.00      0.00      0.00           
  5103.700 106.00112   2.16000    -4.294      0.00      0.00      0.00           
  5103.706 106.00112   2.34700    -3.034      0.00      0.00      0.00           
  5103.721 106.00112   1.54700   -10.091      0.00      0.00      0.00           
  5103.734      20.0   5.29500    -5.960      0.00      0.00      0.00           
  5103.764      28.0   4.53800    -2.522     -7.27      0.00      0.00           
  5103.766 112.00124   0.53500    -0.252      0.00      0.00      0.00           
  5103.773 106.00113   1.07800    -6.070      0.00      0.00      0.00           
  5103.795 106.00113   0.99700    -3.717      0.00      0.00      0.00           
  5103.803 112.00124   0.53500    -2.636      0.00      0.00      0.00           
  5103.815 106.00113   0.99700    -8.658      0.00      0.00      0.00           
  5103.823 106.00113   1.07800    -3.123      0.00      0.00      0.00           
  5103.887 112.00124   0.35500    -1.530      0.00      0.00      0.00           
  5103.901 112.00124   0.38400    -0.254      0.00      0.00      0.00           
  5103.905      23.0   2.35900    -1.896     -7.80      0.00      0.00           
  5103.906      23.0   2.35700    -2.230      0.00      0.00      0.00           
  5103.999      24.1   4.00900    -6.200      0.00      0.00      0.00           
  5103.999      24.1   4.01200    -4.495     -7.86      0.00      0.00           
  5104.030      26.0   3.01500    -2.870      0.00      0.00      0.00           
  5104.030      26.0   3.01700    -2.770     -7.81      0.00      0.00           
  5104.036 106.00112   1.87500    -4.164      0.00      0.00      0.00           
  5104.057 114.00128   1.21400    -3.562      0.00      0.00      0.00           
  5104.057 112.00124   0.28400    -0.017      0.00      0.00      0.00           
  5104.059      25.0   3.76900    -5.930      0.00      0.00      0.00           
  5104.080      62.1   1.26600    -1.000      0.00      0.00      0.00           
  5104.080      62.1   1.26500    -1.000      0.00      0.00      0.00           
  5104.136 112.00124   0.28400    -1.998      0.00      0.00      0.00           
  5104.166 112.00125   0.28300    -0.017      0.00      0.00      0.00           
  5104.181      20.0   5.29600    -5.700      0.00      0.00      0.00           
  5104.190      26.0   4.17800    -1.870     -7.22      0.00      0.00           
  5104.190      26.0   4.17500    -1.970      0.00      0.00      0.00           
  5104.255      24.1   6.86300    -4.010      0.00      0.00      0.00           
  5104.266 112.00126   0.28300    -0.017      0.00      0.00      0.00           
  5104.275 106.00113   2.00300    -9.009      0.00      0.00      0.00           
  5104.277      24.0   3.88600    -3.850      0.00      0.00      0.00           
  5104.277      24.0   3.88900    -3.669     -7.73      0.00      0.00           
  5104.283 106.00112   1.87500    -6.388      0.00      0.00      0.00           
  5104.305 114.00128   1.21400    -3.562      0.00      0.00      0.00           
  5104.329      58.1   1.21200    -2.290      0.00      0.00      0.00           
  5104.385 106.00112   1.87500    -4.178      0.00      0.00      0.00           
  5104.416 106.00112   2.16500    -6.317      0.00      0.00      0.00           
  5104.431   62.1154   0.99700    -0.650      0.00      0.00      0.00           
  5104.432      22.0   2.23600    -3.439     -7.69      0.00      0.00           
  5104.432      74.1   2.35500    -0.910      0.00      0.00      0.00           
  5104.432      22.0   2.23500    -4.990      0.00      0.00      0.00           
  5104.432      74.1   2.35300    -0.910      0.00      0.00      0.00           
  5104.438      26.0   4.28000    -1.690      0.00      0.00      0.00           
  5104.438      26.0   4.28300    -1.590     -7.16      0.00      0.00           
  5104.447   62.1152   0.99700    -0.650      0.00      0.00      0.00           
  5104.480      62.1   0.99800    -0.650      0.00      0.00      0.00           
  5104.480   62.1149   0.99700    -2.456      0.00      0.00      0.00           
  5104.481   62.1149   0.99700    -2.171      0.00      0.00      0.00           
  5104.482   62.1149   0.99700    -2.426      0.00      0.00      0.00           
  5104.482   62.1149   0.99700    -2.426      0.00      0.00      0.00           
  5104.482 106.00112   2.16500    -6.799      0.00      0.00      0.00           
  5104.483   62.1149   0.99700    -1.983      0.00      0.00      0.00           
  5104.485   62.1149   0.99700    -2.477      0.00      0.00      0.00           
  5104.485   62.1149   0.99700    -2.038      0.00      0.00      0.00           
  5104.485    62.115   0.99700    -0.650      0.00      0.00      0.00           
  5104.487   62.1149   0.99700    -1.892      0.00      0.00      0.00           
  5104.489   62.1149   0.99700    -2.602      0.00      0.00      0.00           
  5104.489   62.1149   0.99700    -1.783      0.00      0.00      0.00           
  5104.491   62.1149   0.99700    -1.870      0.00      0.00      0.00           
  5104.494   62.1149   0.99700    -1.585      0.00      0.00      0.00           
  5104.494   62.1149   0.99700    -2.824      0.00      0.00      0.00           
  5104.495   62.1147   0.99700    -2.456      0.00      0.00      0.00           
  5104.496   62.1147   0.99700    -2.171      0.00      0.00      0.00           
  5104.497   62.1149   0.99700    -1.924      0.00      0.00      0.00           
  5104.497   62.1147   0.99700    -2.426      0.00      0.00      0.00           
  5104.497   62.1147   0.99700    -2.426      0.00      0.00      0.00           
  5104.499   62.1147   0.99700    -1.983      0.00      0.00      0.00           
  5104.501   62.1147   0.99700    -2.038      0.00      0.00      0.00           
  5104.501   62.1147   0.99700    -2.477      0.00      0.00      0.00           
  5104.501   62.1149   0.99700    -1.421      0.00      0.00      0.00           
  5104.501   62.1149   0.99700    -3.234      0.00      0.00      0.00           
  5104.503   62.1147   0.99700    -1.892      0.00      0.00      0.00           
  5104.503   62.1148   0.99700    -0.650      0.00      0.00      0.00           
  5104.504   62.1149   0.99700    -2.120      0.00      0.00      0.00           
  5104.506   62.1147   0.99700    -2.602      0.00      0.00      0.00           
  5104.506   62.1147   0.99700    -1.783      0.00      0.00      0.00           
  5104.508   62.1147   0.99700    -1.870      0.00      0.00      0.00           
  5104.508   62.1149   0.99700    -1.280      0.00      0.00      0.00           
  5104.512 112.00124   0.57500     0.504      0.00      0.00      0.00           
  5104.512   62.1147   0.99700    -1.585      0.00      0.00      0.00           
  5104.512   62.1147   0.99700    -2.824      0.00      0.00      0.00           
  5104.516   62.1147   0.99700    -1.924      0.00      0.00      0.00           
  5104.520   62.1147   0.99700    -1.421      0.00      0.00      0.00           
  5104.520   62.1147   0.99700    -3.234      0.00      0.00      0.00           
  5104.521      21.0   2.61200    -3.630      0.00      0.00      0.00           
  5104.524   62.1147   0.99700    -2.120      0.00      0.00      0.00           
  5104.529   62.1147   0.99700    -1.280      0.00      0.00      0.00           
  5104.533 106.00113   0.99800    -3.653      0.00      0.00      0.00           
  5104.535   62.1144   0.99700    -0.650      0.00      0.00      0.00           
  5104.536      25.0   4.82400    -2.790      0.00      0.00      0.00           
  5104.556 112.00124   0.28400     0.009      0.00      0.00      0.00           
  5104.568 112.00124   0.53500    -2.622      0.00      0.00      0.00           
  5104.606 112.00124   0.53500    -0.179      0.00      0.00      0.00           
  5104.623 106.00113   1.86800    -4.164      0.00      0.00      0.00           
  5104.623 112.00125   0.57400     0.504      0.00      0.00      0.00           
  5104.638      23.0   2.35700    -3.110      0.00      0.00      0.00           
  5104.652 112.00124   0.57500    -3.199      0.00      0.00      0.00           
  5104.667 112.00125   0.28300     0.009      0.00      0.00      0.00           
  5104.673 106.00112   2.36100    -7.029      0.00      0.00      0.00           
  5104.688      42.0   3.38700    -1.700      0.00      0.00      0.00           
  5104.713 112.00124   0.52700    -0.338      0.00      0.00      0.00           
  5104.719      27.0   4.25600    -4.250      0.00      0.00      0.00           
  5104.722 112.00126   0.57300     0.504      0.00      0.00      0.00           
  5104.729      26.0   4.98400    -2.920      0.00      0.00      0.00           
  5104.737 112.00124   0.57500    -3.199      0.00      0.00      0.00           
  5104.745 112.00124   0.52700    -2.584      0.00      0.00      0.00           
  5104.751      26.1  12.96600     0.088     -7.53      0.00      0.00           
  5104.769 112.00126   0.28300     0.009      0.00      0.00      0.00           
  5104.805 106.00112   2.05500    -3.753      0.00      0.00      0.00           
  5104.806      58.1   1.67700    -1.910      0.00      0.00      0.00           
  5104.812      26.0   3.01800    -5.787     -7.76      0.00      0.00           
  5104.813      26.0   3.01500    -5.740      0.00      0.00      0.00           
  5104.828      23.0   2.12100    -6.050      0.00      0.00      0.00           
  5104.840 106.00113   1.86800    -6.387      0.00      0.00      0.00           
  5104.842      22.0   2.77600    -4.210      0.00      0.00      0.00           
  5104.877 112.00124   0.57500     0.522      0.00      0.00      0.00           
  5104.917 106.00112   2.05500    -3.775      0.00      0.00      0.00           
  5104.988 112.00125   0.57400     0.522      0.00      0.00      0.00           
  5105.005 106.00112   2.05500    -6.025      0.00      0.00      0.00           
  5105.021 106.00113   1.86800    -4.178      0.00      0.00      0.00           
  5105.089 112.00126   0.57300     0.522      0.00      0.00      0.00           
  5105.138      28.1  12.31700     0.344     -7.58      0.00      0.00           
  5105.142      24.0   4.45200    -1.970      0.00      0.00      0.00           
  5105.146      23.0   2.78700    -0.190      0.00      0.00      0.00           
  5105.227      58.1   0.90000    -1.320      0.00      0.00      0.00           
  5105.227      58.1   0.89900    -1.320      0.00      0.00      0.00           
  5105.230      60.1   1.13600    -0.610      0.00      0.00      0.00           
  5105.230      60.1   1.13600    -0.610      0.00      0.00      0.00           
  5105.276 106.00113   1.82600    -7.990      0.00      0.00      0.00           
  5105.320 112.00124   0.54600     0.286      0.00      0.00      0.00           
  5105.330 106.00113   1.82500    -7.769      0.00      0.00      0.00           
  5105.422 112.00124   0.54600    -3.037      0.00      0.00      0.00           
  5105.452 112.00124   0.52100    -0.449      0.00      0.00      0.00           
  5105.478 112.00124   0.52100    -2.595      0.00      0.00      0.00           
  5105.496      29.0   1.38900    -2.210     -7.79      0.00      0.00           
  5105.503   29.0065   1.38800    -3.720      0.00      0.00      0.00           
  5105.505   29.0063   1.38800    -3.720      0.00      0.00      0.00           
  5105.506      29.0   1.38900    -2.398     -7.79      0.00      0.00           
  5105.506   29.0065   1.38800    -2.766      0.00      0.00      0.00           
  5105.509   29.0065   1.38800    -2.720      0.00      0.00      0.00           
  5105.509   29.0063   1.38800    -2.766      0.00      0.00      0.00           
  5105.510   29.0065   1.38800    -3.896      0.00      0.00      0.00           
  5105.511   29.0063   1.38800    -2.720      0.00      0.00      0.00           
  5105.512   29.0063   1.38800    -3.896      0.00      0.00      0.00           
  5105.515   29.0065   1.38800    -2.653      0.00      0.00      0.00           
  5105.517   29.0063   1.38800    -2.653      0.00      0.00      0.00           
  5105.519   29.0065   1.38800    -2.398      0.00      0.00      0.00           
  5105.519      29.0   1.38900    -1.993     -7.79      0.00      0.00           
  5105.520   29.0063   1.38800    -2.398      0.00      0.00      0.00           
  5105.521      29.0   1.38900    -2.051     -7.79      0.00      0.00           
  5105.530   29.0065   1.38800    -2.750      0.00      0.00      0.00           
  5105.531   29.0063   1.38800    -2.750      0.00      0.00      0.00           
  5105.533 106.00112   2.16100    -5.757      0.00      0.00      0.00           
  5105.536   29.0065   1.38800    -2.148      0.00      0.00      0.00           
  5105.536   29.0063   1.38800    -2.148      0.00      0.00      0.00           
  5105.541      29.0   1.38900    -2.051     -7.79      0.00      0.00           
  5105.544      58.1   0.52100    -2.310      0.00      0.00      0.00           
  5105.546      29.0   1.38900    -1.942     -7.79      0.00      0.00           
  5105.558   29.0063   1.38800    -1.942      0.00      0.00      0.00           
  5105.558 106.00112   2.16100    -4.294      0.00      0.00      0.00           
  5105.560   29.0065   1.38800    -1.942      0.00      0.00      0.00           
  5105.564      29.0   1.38900    -1.942     -7.79      0.00      0.00           
  5105.581      24.0   4.44400    -3.950      0.00      0.00      0.00           
  5105.592 106.00112   2.16100    -4.529      0.00      0.00      0.00           
  5105.601      24.0   3.55100    -2.190     -7.56      0.00      0.00           
  5105.601      24.0   3.54800    -2.190      0.00      0.00      0.00           
  5105.631      21.0   3.09900    -1.860      0.00      0.00      0.00           
  5105.631 112.00124   0.54600    -3.036      0.00      0.00      0.00           
  5105.631      21.0   3.10100    -1.042     -7.53      0.00      0.00           
  5105.632 112.00124   0.52700    -2.562      0.00      0.00      0.00           
  5105.652      22.0   2.23500    -2.220      0.00      0.00      0.00           
  5105.652      22.0   2.23600    -2.220     -7.68      0.00      0.00           
  5105.664 112.00124   0.52700    -0.249      0.00      0.00      0.00           
  5105.707      23.0   1.85200    -6.930      0.00      0.00      0.00           
  5105.733 112.00124   0.54600     0.311      0.00      0.00      0.00           
  5105.789      20.0   5.04500    -1.680      0.00      0.00      0.00           
  5105.791 106.00113   1.82600   -12.165      0.00      0.00      0.00           
  5105.823 106.00112   2.01000    -8.975      0.00      0.00      0.00           
  5105.849      58.1   1.89500    -0.660      0.00      0.00      0.00           
  5105.889      25.1   6.12800    -5.060      0.00      0.00      0.00           
  5105.892      24.0   4.40700    -4.050      0.00      0.00      0.00           
  5105.957 112.00124   0.51600    -0.605      0.00      0.00      0.00           
  5105.977 112.00124   0.51600    -2.583      0.00      0.00      0.00           
  5106.032 112.00124   0.50800    -1.124      0.00      0.00      0.00           
  5106.061      23.0   1.80400    -3.807     -7.78      0.00      0.00           
  5106.061      23.0   1.80200    -3.670      0.00      0.00      0.00           
  5106.090      23.0   3.11100    -4.700      0.00      0.00      0.00           
  5106.090      26.1  10.39200    -0.961     -7.59      0.00      0.00           
  5106.090      23.0   3.11300    -2.024     -7.50      0.00      0.00           
  5106.108      26.1  10.32900    -0.246     -7.59      0.00      0.00           
  5106.125 106.00112   1.53900    -6.793      0.00      0.00      0.00           
  5106.173 112.00124   0.51200    -0.867      0.00      0.00      0.00           
  5106.188 112.00124   0.51200    -2.663      0.00      0.00      0.00           
  5106.199 114.00128   1.47800    -2.640      0.00      0.00      0.00           
  5106.217      58.1   1.27800    -1.750      0.00      0.00      0.00           
  5106.217      58.1   1.27900    -1.750      0.00      0.00      0.00           
  5106.223      23.1   2.55400    -2.440      0.00      0.00      0.00           
  5106.223      23.1   2.55600    -2.618     -7.85      0.00      0.00           
  5106.236      57.0   0.33100    -0.830      0.00      0.00      0.00           
  5106.236      57.0   0.33100    -0.830      0.00      0.00      0.00           
  5106.238 112.00124   0.58600     0.655      0.00      0.00      0.00           
  5106.239      26.0   4.91300    -1.980     -7.25      0.00      0.00           
  5106.239      26.0   4.90900    -0.840      0.00      0.00      0.00           
  5106.312      23.0   3.23900    -1.344     -7.39      0.00      0.00           
  5106.312 114.00128   1.47800    -2.640      0.00      0.00      0.00           
  5106.369 112.00125   0.58500     0.655      0.00      0.00      0.00           
  5106.405 112.00124   0.58600    -3.301      0.00      0.00      0.00           
  5106.425 112.00124   0.58600    -3.301      0.00      0.00      0.00           
  5106.458      26.0   4.60700    -1.735     -7.33      0.00      0.00           
  5106.458      26.0   4.60300    -2.560      0.00      0.00      0.00           
  5106.481      25.1   5.99300    -3.064     -7.87      0.00      0.00           
  5106.481      25.1   5.98800    -3.080      0.00      0.00      0.00           
  5106.486 112.00126   0.58400     0.655      0.00      0.00      0.00           
  5106.502      24.0   4.18900    -4.150      0.00      0.00      0.00           
  5106.527 112.00124   0.52100    -2.382      0.00      0.00      0.00           
  5106.554 112.00124   0.52100    -0.333      0.00      0.00      0.00           
  5106.559 106.00113   0.98500    -5.204      0.00      0.00      0.00           
  5106.566 106.00113   2.21700    -6.244      0.00      0.00      0.00           
  5106.574 106.00112   2.22100   -10.120      0.00      0.00      0.00           
  5106.592 112.00124   0.58600     0.669      0.00      0.00      0.00           
  5106.624      26.0   4.28400    -3.264     -7.52      0.00      0.00           
  5106.624      26.0   4.28100    -3.950      0.00      0.00      0.00           
  5106.669      23.0   1.84700    -7.050      0.00      0.00      0.00           
  5106.724 112.00125   0.58500     0.669      0.00      0.00      0.00           
  5106.767 106.00112   2.05900    -7.142      0.00      0.00      0.00           
  5106.769 114.00128   1.77200    -2.916      0.00      0.00      0.00           
  5106.842 112.00126   0.58500     0.669      0.00      0.00      0.00           
  5106.870 112.00124   0.19000     0.160      0.00      0.00      0.00           
  5106.977 112.00124   0.19000    -2.087      0.00      0.00      0.00           
  5106.998 112.00125   0.19000     0.160      0.00      0.00      0.00           
  5107.003 106.00112   2.01000    -9.009      0.00      0.00      0.00           
  5107.041      26.1  12.96500    -0.464     -7.51      0.00      0.00           
  5107.066      44.0   1.58800    -1.540      0.00      0.00      0.00           
  5107.066      44.0   1.58900    -1.230      0.00      0.00      0.00           
  5107.092      25.1   7.37600    -1.480      0.00      0.00      0.00           
  5107.092      25.1   7.38200    -1.470     -7.88      0.00      0.00           
  5107.108      26.1  10.34800    -0.826     -7.59      0.00      0.00           
  5107.116 112.00126   0.18900     0.160      0.00      0.00      0.00           
  5107.215 112.00124   0.51600    -2.266      0.00      0.00      0.00           
  5107.234      22.0   1.74900    -5.090     -7.77      0.00      0.00           
  5107.235      22.0   1.74800    -5.010      0.00      0.00      0.00           
  5107.235 112.00124   0.51600    -0.449      0.00      0.00      0.00           
  5107.238 106.00113   1.57000    -1.403      0.00      0.00      0.00           
  5107.245      26.1   6.20400    -3.960      0.00      0.00      0.00           
  5107.248      26.1   6.20900    -4.176     -7.86      0.00      0.00           
  5107.312 106.00113   1.57000    -6.123      0.00      0.00      0.00           
  5107.341 112.00124   0.19000     0.182      0.00      0.00      0.00           
  5107.347 112.00124   0.37500    -0.346      0.00      0.00      0.00           
  5107.358      21.0   1.99400    -0.960      0.00      0.00      0.00           
  5107.358      21.0   1.99600    -0.553     -7.56      0.00      0.00           
  5107.387 112.00124   0.37500    -1.788      0.00      0.00      0.00           
  5107.400      64.1   1.28700    -1.520      0.00      0.00      0.00           
  5107.404      64.1   1.28800    -1.610      0.00      0.00      0.00           
  5107.447      26.0   0.98900    -3.100      0.00      0.00      0.00           
  5107.447      26.0   0.99000    -3.089     -7.74      0.00      0.00           
  5107.449      28.1  12.31700     0.403     -7.58      0.00      0.00           
  5107.460 106.00113   1.57000    -0.923      0.00      0.00      0.00           
  5107.466      26.1   7.69500    -2.962     -7.77      0.00      0.00           
  5107.470 112.00125   0.19000     0.182      0.00      0.00      0.00           
  5107.489 106.00112   2.16600    -6.258      0.00      0.00      0.00           
  5107.502 112.00124   0.51200    -2.162      0.00      0.00      0.00           
  5107.507      25.1   5.56700    -3.795     -7.89      0.00      0.00           
  5107.507      25.1   5.56300    -3.950      0.00      0.00      0.00           
  5107.511 114.00128   1.20500    -3.544      0.00      0.00      0.00           
  5107.517 112.00124   0.51200    -0.673      0.00      0.00      0.00           
  5107.520      13.0   3.14300    -2.395      0.00      0.00      0.00           
  5107.520      13.0   3.14000    -2.400      0.00      0.00      0.00           
  5107.529 114.00128   1.18000    -3.316      0.00      0.00      0.00           
  5107.533      69.0   2.44700    -0.040      0.00      0.00      0.00           
  5107.536      27.1  11.32600     0.591     -7.57      0.00      0.00           
  5107.542      26.1  10.39200    -0.640     -7.59      0.00      0.00           
  5107.546 114.00128   1.77200    -2.916      0.00      0.00      0.00           
  5107.553      26.0   4.98100    -2.950      0.00      0.00      0.00           
  5107.570      60.1   0.82200    -0.370      0.00      0.00      0.00           
  5107.570      60.1   0.82300    -0.370      0.00      0.00      0.00           
  5107.578      26.1  13.04600    -0.547     -7.59      0.00      0.00           
  5107.589 112.00126   0.19000     0.182      0.00      0.00      0.00           
  5107.641      26.0   1.55600    -2.360      0.00      0.00      0.00           
  5107.641      26.0   1.55700    -2.358     -7.68      0.00      0.00           
  5107.674      24.0   0.98200    -4.810      0.00      0.00      0.00           
  5107.674      24.0   0.98300    -4.256     -7.79      0.00      0.00           
  5107.678 112.00124   0.20600    -1.686      0.00      0.00      0.00           
  5107.686 114.00128   1.71400    -2.806      0.00      0.00      0.00           
  5107.709 114.00128   1.71400    -2.806      0.00      0.00      0.00           
  5107.734 114.00128   1.20600    -3.544      0.00      0.00      0.00           
  5107.768      23.1   2.55500    -3.100      0.00      0.00      0.00           
  5107.778      23.1   2.55700    -3.245     -7.85      0.00      0.00           
  5107.872 106.00112   1.31400    -3.293      0.00      0.00      0.00           
  5107.918      42.0   3.39300    -2.150      0.00      0.00      0.00           
  5107.943      13.0   3.14300    -2.697      0.00      0.00      0.00           
  5107.943      13.0   3.14000    -2.700      0.00      0.00      0.00           
  5107.943      28.0   4.53400    -1.890      0.00      0.00      0.00           
  5107.945 114.00128   1.18000    -3.316      0.00      0.00      0.00           
  5107.945      20.0   5.01400    -6.350      0.00      0.00      0.00           
  5107.959      26.1   0.35200    -8.566     -7.94      0.00      0.00           
  5107.981 106.00112   1.31400    -7.500      0.00      0.00      0.00           
  5107.995      23.0   3.24200    -4.380      0.00      0.00      0.00           
  5107.995      23.0   3.24500    -1.522     -7.40      0.00      0.00           
  5108.047      27.1  11.33500     0.028     -7.59      0.00      0.00           
  5108.051      26.1  13.00200    -3.225     -7.47      0.00      0.00           
  5108.068 112.00124   0.37500    -0.306      0.00      0.00      0.00           
  5108.075      24.0   0.96800    -5.728     -7.79      0.00      0.00           
  5108.075      24.0   0.96800    -5.310      0.00      0.00      0.00           
  5108.079      22.0   3.57400    -3.715     -7.33      0.00      0.00           
  5108.080      26.1  11.58000    -8.888     -7.46      0.00      0.00           
  5108.082      26.1  10.77800    -6.977     -7.87      0.00      0.00           
  5108.104 106.00112   1.31400    -3.197      0.00      0.00      0.00           
  5108.125      21.0   2.60600    -3.700      0.00      0.00      0.00           
  5108.125      21.0   2.60800    -5.318     -7.49      0.00      0.00           
  5108.125      25.0   4.79100    -3.350      0.00      0.00      0.00           
  5108.130      24.1   8.05000    -3.438     -7.66      0.00      0.00           
  5108.151      39.1   7.93600    -1.611     -7.28      0.00      0.00           
  5108.155 106.00112   1.56700    -8.625      0.00      0.00      0.00           
  5108.172      26.0   3.98400    -3.719     -7.50      0.00      0.00           
  5108.172      26.0   3.98100    -3.610      0.00      0.00      0.00           
  5108.226      25.0   4.68500    -5.460     -7.77      0.00      0.00           
  5108.227      28.1  13.77700    -4.183     -7.35      0.00      0.00           
  5108.227 112.00124   0.52500     0.262      0.00      0.00      0.00           
  5108.261      22.0   2.77800    -3.752     -7.56      0.00      0.00           
  5108.261      22.0   2.77600    -3.750      0.00      0.00      0.00           
  5108.294      27.0   4.23200    -0.921     -7.56      0.00      0.00           
  5108.295      27.0   4.22900    -1.150      0.00      0.00      0.00           
  5108.311      26.1  13.02700    -2.412     -7.52      0.00      0.00           
  5108.312      26.1  11.74900    -5.167     -7.46      0.00      0.00           
  5108.324 112.00124   0.52500    -3.010      0.00      0.00      0.00           
  5108.334      29.1  14.43000    -0.746     -7.57      0.00      0.00           
  5108.378      24.1   3.85800   -10.981     -7.94      0.00      0.00           
  5108.378      24.1   3.85800   -11.892     -7.94      0.00      0.00           
  5108.397      26.0   4.55500    -2.090      0.00      0.00      0.00           
  5108.397      26.0   4.55900    -1.252     -7.34      0.00      0.00           
  5108.399      24.1   8.07800    -5.594     -7.66      0.00      0.00           
  5108.406       9.0  14.61500    -2.350      0.00      0.00      0.00           
  5108.425      22.0   3.55100    -1.188     -7.56      0.00      0.00           
  5108.425      22.0   3.54800    -1.470      0.00      0.00      0.00           
  5108.447      58.1   1.64400    -2.940      0.00      0.00      0.00           
  5108.449      24.0   0.94100   -12.176     -7.80      0.00      0.00           
  5108.459 106.00112   1.08100    -3.198      0.00      0.00      0.00           
  5108.474      22.1   5.66300    -6.174     -7.72      0.00      0.00           
  5108.483      69.1   4.77800    -0.260      0.00      0.00      0.00           
  5108.504      25.1   5.83600    -7.070     -7.88      0.00      0.00           
  5108.504      25.1   5.83200    -7.710      0.00      0.00      0.00           
  5108.507 106.00112   1.08100    -6.061      0.00      0.00      0.00           
  5108.510      24.0   3.55600    -3.329     -7.57      0.00      0.00           
  5108.510      24.0   3.55300    -3.600      0.00      0.00      0.00           
  5108.512      24.0   4.85100    -2.650      0.00      0.00      0.00           
  5108.544      26.1  11.65300    -4.131     -7.35      0.00      0.00           
  5108.553 112.00124   0.52500    -3.009      0.00      0.00      0.00           
  5108.587      24.1   1.48300   -15.801     -7.94      0.00      0.00           
  5108.587      24.1   1.48300   -11.209     -7.94      0.00      0.00           
  5108.615      26.0   4.60300    -2.350      0.00      0.00      0.00           
  5108.615      26.0   4.60700    -2.912     -7.34      0.00      0.00           
  5108.629 112.00124   0.54400     0.488      0.00      0.00      0.00           
  5108.647      25.0   4.79100    -3.380      0.00      0.00      0.00           
  5108.649      26.1  11.59100    -5.300     -7.42      0.00      0.00           
  5108.650 112.00124   0.52500     0.288      0.00      0.00      0.00           
  5108.681      26.1  11.59100    -6.028     -7.42      0.00      0.00           
  5108.704 106.00112   1.56700    -8.563      0.00      0.00      0.00           
  5108.715 106.00112   1.00000    -3.717      0.00      0.00      0.00           
  5108.734 106.00112   1.00000    -8.657      0.00      0.00      0.00           
  5108.734 112.00125   0.54300     0.488      0.00      0.00      0.00           
  5108.756 106.00112   1.08100    -6.069      0.00      0.00      0.00           
  5108.763 106.00112   1.56700   -11.088      0.00      0.00      0.00           
  5108.766 112.00124   0.54400    -3.180      0.00      0.00      0.00           
  5108.767      26.0   4.95200    -1.930      0.00      0.00      0.00           
  5108.767      26.0   4.95600    -4.063     -7.13      0.00      0.00           
  5108.768      29.1  14.53500    -1.829     -7.72      0.00      0.00           
  5108.769 106.00112   1.64000   -11.418      0.00      0.00      0.00           
  5108.770      24.1  10.13100    -4.150     -7.66      0.00      0.00           
  5108.781 106.00113   2.15800    -6.798      0.00      0.00      0.00           
  5108.788      24.0   4.19300    -3.573     -7.53      0.00      0.00           
  5108.789      24.0   4.18900    -2.600      0.00      0.00      0.00           
  5108.804 106.00112   1.08100    -3.123      0.00      0.00      0.00           
  5108.805      39.1   7.94500    -1.799     -7.29      0.00      0.00           
  5108.812      25.0   4.67900    -9.280     -7.60      0.00      0.00           
  5108.816      27.0   4.23200    -3.621     -7.55      0.00      0.00           
  5108.828 112.00126   0.54300     0.488      0.00      0.00      0.00           
  5108.842      22.1   1.23700    -5.802     -7.86      0.00      0.00           
  5108.843      22.1   1.23600    -6.400      0.00      0.00      0.00           
  5108.851      26.1  10.75100    -4.073     -7.71      0.00      0.00           
  5108.852 106.00112   2.16700    -6.866      0.00      0.00      0.00           
  5108.856      26.1  12.85500    -1.538     -7.59      0.00      0.00           
  5108.858 106.00112   1.64000    -8.515      0.00      0.00      0.00           
  5108.860 112.00124   0.54400    -3.179      0.00      0.00      0.00           
  5108.874      26.1  12.96700    -1.169     -7.52      0.00      0.00           
  5108.888      26.1  12.84500    -1.096     -7.60      0.00      0.00           
  5108.896      26.1  11.67300    -4.944     -7.36      0.00      0.00           
  5108.898      25.1  10.44800    -5.776     -7.67      0.00      0.00           
  5108.898      27.0   3.92700    -0.370      0.00      0.00      0.00           
  5108.900      64.1   1.65700    -0.340      0.00      0.00      0.00           
  5108.901      26.1  13.06900    -5.752     -7.50      0.00      0.00           
  5108.901      27.0   3.93000    -0.030     -7.50      0.00      0.00           
  5108.901      27.1  11.33300    -0.647     -7.58      0.00      0.00           
  5108.903      64.1   1.65900    -0.360      0.00      0.00      0.00           
  5108.912 114.00128   1.67400    -2.659      0.00      0.00      0.00           
  5108.913      24.1   8.71800    -6.874     -7.70      0.00      0.00           
  5108.914      24.0   2.70600    -2.220      0.00      0.00      0.00           
  5108.914      24.0   2.70800    -1.991     -7.74      0.00      0.00           
  5108.932 114.00128   1.67400    -2.659      0.00      0.00      0.00           
  5108.970      26.1  11.74600    -5.513     -7.68      0.00      0.00           
  5108.997 112.00124   0.54400     0.506      0.00      0.00      0.00           
  5109.000      24.1   6.80500    -5.873     -7.86      0.00      0.00           
  5109.034 114.00128   1.83100    -1.990      0.00      0.00      0.00           
  5109.062      21.0   2.13400    -0.280      0.00      0.00      0.00           
  5109.062      21.0   2.13600    -0.452     -7.72      0.00      0.00           
  5109.079      27.1  12.14700    -3.257     -7.62      0.00      0.00           
  5109.083      24.1   6.80300    -3.740     -7.83      0.00      0.00           
  5109.083      24.1   6.79800    -3.920      0.00      0.00      0.00           
  5109.085 106.00112   1.64100    -8.828      0.00      0.00      0.00           
  5109.101 112.00125   0.54300     0.506      0.00      0.00      0.00           
  5109.103 106.00112   2.43800    -7.414      0.00      0.00      0.00           
  5109.104 112.00124   0.26700    -0.051      0.00      0.00      0.00           
  5109.141      39.0   2.35300    -0.496     -7.51      0.00      0.00           
  5109.174 106.00112   1.64100   -12.246      0.00      0.00      0.00           
  5109.178 112.00124   0.26800    -1.966      0.00      0.00      0.00           
  5109.183      26.1  10.36000    -2.506     -7.59      0.00      0.00           
  5109.197 112.00126   0.54300     0.506      0.00      0.00      0.00           
  5109.197      26.1  10.53100    -2.778     -7.54      0.00      0.00           
  5109.198      28.1  14.08800    -1.890     -7.35      0.00      0.00           
  5109.203 106.00112   1.38200    -5.846      0.00      0.00      0.00           
  5109.205 112.00125   0.26700    -0.051      0.00      0.00      0.00           
  5109.211      26.1  10.98700    -5.375     -7.74      0.00      0.00           
  5109.225      58.1   0.12200    -3.360      0.00      0.00      0.00           
  5109.233      39.1   8.08500    -0.045     -7.26      0.00      0.00           
  5109.246 114.00128   1.77900    -1.913      0.00      0.00      0.00           
  5109.264      26.1  12.87900    -0.231     -7.59      0.00      0.00           
  5109.286      26.1  11.78800    -3.869     -7.37      0.00      0.00           
  5109.299 112.00126   0.26700    -0.051      0.00      0.00      0.00           
  5109.348 114.00128   1.77900    -1.913      0.00      0.00      0.00           
  5109.355      22.0   3.57400    -3.922     -7.33      0.00      0.00           
  5109.378      73.1   1.20100    -1.480      0.00      0.00      0.00           
  5109.419 114.00128   1.70900    -2.496      0.00      0.00      0.00           
  5109.419 106.00113   1.28500    -3.086      0.00      0.00      0.00           
  5109.422 114.00128   1.83100    -1.990      0.00      0.00      0.00           
  5109.432      22.0   1.44300    -1.540     -7.74      0.00      0.00           
  5109.432      22.0   1.44200    -1.540      0.00      0.00      0.00           
  5109.452 106.00113   1.97100    -3.779      0.00      0.00      0.00           
  5109.460 106.00112   1.00000    -3.652      0.00      0.00      0.00           
  5109.476      26.1  10.93000    -5.941     -7.44      0.00      0.00           
  5109.481      26.0   4.58400    -6.260     -7.26      0.00      0.00           
  5109.488      26.0   2.55900    -6.976     -7.82      0.00      0.00           
  5109.488      26.0   2.55700    -6.340      0.00      0.00      0.00           
  5109.501 106.00112   2.06000    -7.194      0.00      0.00      0.00           
  5109.507      22.0   3.58000    -0.560      0.00      0.00      0.00           
  5109.507      22.0   3.58300    -0.285     -7.54      0.00      0.00           
  5109.546 112.00124   0.51000    -2.342      0.00      0.00      0.00           
  5109.554 112.00124   0.51000    -0.802      0.00      0.00      0.00           
  5109.556      23.0   1.19400    -4.710      0.00      0.00      0.00           
  5109.556      23.0   1.19500    -4.003     -7.74      0.00      0.00           
  5109.576 106.00113   1.61200    -8.343      0.00      0.00      0.00           
  5109.579      26.1  10.59600    -3.743     -7.51      0.00      0.00           
  5109.591 114.00128   1.70900    -2.496      0.00      0.00      0.00           
  5109.600 106.00113   1.28500    -7.111      0.00      0.00      0.00           
  5109.618 112.00124   0.26800    -0.022      0.00      0.00      0.00           
  5109.625      15.0   6.98500    -1.090     -7.13      0.00      0.00           
  5109.625      15.0   6.98000    -1.090      0.00      0.00      0.00           
  5109.640 106.00113   1.97100    -5.977      0.00      0.00      0.00           
  5109.652      26.0   4.30100    -0.980     -7.15      0.00      0.00           
  5109.652      26.0   4.29800    -0.980      0.00      0.00      0.00           
  5109.663 114.00128   1.23000    -3.187      0.00      0.00      0.00           
  5109.683      26.1  11.14500    -9.752     -7.78      0.00      0.00           
  5109.687 106.00113   1.61200   -11.600      0.00      0.00      0.00           
  5109.690 106.00113   1.28500    -3.036      0.00      0.00      0.00           
  5109.696 106.00112   2.05800    -3.754      0.00      0.00      0.00           
  5109.705      24.1  10.86000    -6.963     -7.72      0.00      0.00           
  5109.708      42.0   2.52300    -1.006      0.00      0.00      0.00           
  5109.708      42.0   2.52100    -1.010      0.00      0.00      0.00           
  5109.710      58.1   1.53300    -3.540      0.00      0.00      0.00           
  5109.719      27.0   4.11000    -0.999     -7.51      0.00      0.00           
  5109.722 112.00125   0.26700    -0.022      0.00      0.00      0.00           
  5109.724 114.00128   1.23000    -3.187      0.00      0.00      0.00           
  5109.725      26.0   3.94000    -4.300      0.00      0.00      0.00           
  5109.725      26.0   3.94300    -4.341     -7.55      0.00      0.00           
  5109.773 106.00113   1.97100    -3.797      0.00      0.00      0.00           
  5109.774      22.0   2.26600    -2.540      0.00      0.00      0.00           
  5109.775      28.1   6.47300    -2.946     -7.91      0.00      0.00           
  5109.775      22.0   2.26700    -2.540     -7.70      0.00      0.00           
  5109.775      28.1   6.46800    -2.920      0.00      0.00      0.00           
  5109.783      73.0   0.69700    -2.590      0.00      0.00      0.00           
  5109.783      73.0   0.69600    -2.590      0.00      0.00      0.00           
  5109.817 112.00126   0.26700    -0.022      0.00      0.00      0.00           
  5109.822      26.1   7.98800    -7.379     -7.75      0.00      0.00           
  5109.840 106.00113   1.61200   -11.179      0.00      0.00      0.00           
  5109.841      23.0   3.24600    -7.217     -7.30      0.00      0.00           
  5109.843      26.1  10.34800    -1.423     -7.59      0.00      0.00           
  5109.874      28.1  12.06100    -4.776     -7.76      0.00      0.00           
  5109.879      29.1  14.43000    -1.652     -7.73      0.00      0.00           
  5109.885      24.0   5.31600    -3.520      0.00      0.00      0.00           
  5109.900 106.00112   2.05800    -5.983      0.00      0.00      0.00           
  5109.950 106.00113   1.61200    -8.518      0.00      0.00      0.00           
  5109.953      26.1  12.87400    -0.095     -7.59      0.00      0.00           
  5109.967      26.0   4.60800    -4.134     -7.34      0.00      0.00           
  5109.968      26.0   4.60400    -4.300      0.00      0.00      0.00           
  5109.992 106.00112   2.05800    -3.776      0.00      0.00      0.00           
  5110.003      26.1   8.17500    -7.353     -7.74      0.00      0.00           
  5110.004      26.0   5.01000    -3.622     -7.11      0.00      0.00           
  5110.004      26.0   5.00600    -1.590      0.00      0.00      0.00           
  5110.050      23.1   8.79000    -3.899     -7.57      0.00      0.00           
  5110.069      58.1   0.45900    -3.600      0.00      0.00      0.00           
  5110.073 112.00124   0.06400    -1.788      0.00      0.00      0.00           
  5110.087 112.00124   0.50800    -1.185      0.00      0.00      0.00           
  5110.108      26.1  11.28900    -4.187     -7.63      0.00      0.00           
  5110.115      26.1  10.46700    -2.401     -7.59      0.00      0.00           
  5110.140      26.1  12.99900    -1.854     -7.40      0.00      0.00           
  5110.178      26.1  13.02600    -1.438     -7.59      0.00      0.00           
  5110.223 112.00124   0.35100    -1.439      0.00      0.00      0.00           
  5110.230      26.1  13.04600    -1.649     -7.59      0.00      0.00           
  5110.235      26.0   4.65200    -6.784     -7.29      0.00      0.00           
  5110.238      26.1   7.70800    -5.856     -7.90      0.00      0.00           
  5110.243      28.1  12.61600    -2.881     -7.50      0.00      0.00           
  5110.264      21.1   8.18900    -3.436     -7.44      0.00      0.00           
  5110.269      26.0   4.95200    -0.950      0.00      0.00      0.00           
  5110.269      26.0   4.95600    -2.130     -7.17      0.00      0.00           
  5110.275       9.0  14.38700    -1.950      0.00      0.00      0.00           
  5110.298   59.1141   0.50800    -3.566      0.00      0.00      0.00           
  5110.300   59.1141   0.50800    -3.238      0.00      0.00      0.00           
  5110.304   59.1141   0.50800    -3.151      0.00      0.00      0.00           
  5110.308      26.0   4.60700    -1.986     -7.31      0.00      0.00           
  5110.308   59.1141   0.50800    -3.297      0.00      0.00      0.00           
  5110.308      26.0   4.60300    -3.310      0.00      0.00      0.00           
  5110.324      66.0   2.42300     0.800      0.00      0.00      0.00           
  5110.324      66.0   2.42500     0.797      0.00      0.00      0.00           
  5110.334      69.1   4.70600    -3.800      0.00      0.00      0.00           
  5110.335   59.1141   0.50800    -2.079      0.00      0.00      0.00           
  5110.338   59.1141   0.50800    -1.889      0.00      0.00      0.00           
  5110.341      29.1  14.42800    -1.155     -7.57      0.00      0.00           
  5110.342   59.1141   0.50800    -1.835      0.00      0.00      0.00           
  5110.347   59.1141   0.50800    -1.877      0.00      0.00      0.00           
  5110.353      74.0   1.86800    -1.650      0.00      0.00      0.00           
  5110.353   59.1141   0.50800    -2.067      0.00      0.00      0.00           
  5110.353      74.0   1.86700    -1.650      0.00      0.00      0.00           
  5110.354   59.1141   0.50800    -1.410      0.00      0.00      0.00           
  5110.358      26.0   3.57100    -1.410      0.00      0.00      0.00           
  5110.358      26.0   3.57300    -1.366     -7.79      0.00      0.00           
  5110.364   59.1141   0.50800    -1.301      0.00      0.00      0.00           
  5110.365      42.0   2.75600    -1.670      0.00      0.00      0.00           
  5110.365      42.0   2.75800    -1.673      0.00      0.00      0.00           
  5110.376   59.1141   0.50800    -1.192      0.00      0.00      0.00           
  5110.384      59.1   0.50800    -0.324      0.00      0.00      0.00           
  5110.389   59.1141   0.50800    -1.087      0.00      0.00      0.00           
  5110.400      22.1   7.84500    -7.270     -7.45      0.00      0.00           
  5110.402   59.1141   0.50800    -0.988      0.00      0.00      0.00           
  5110.413      26.0   0.00000    -3.760     -7.83      0.00      0.00           
  5110.413      26.0   0.00000    -3.760      0.00      0.00      0.00           
  5110.416   59.1141   0.50800    -0.895      0.00      0.00      0.00           
  5110.423      26.1  11.14900    -6.275     -7.64      0.00      0.00           
  5110.425      26.1  11.27000    -4.875     -7.58      0.00      0.00           
  5110.441 106.00113   1.55000    -8.756      0.00      0.00      0.00           
  5110.443      26.0   4.26000    -2.411     -7.52      0.00      0.00           
  5110.443      26.0   4.25700    -2.460      0.00      0.00      0.00           
  5110.483      27.1  10.89200    -3.336     -7.70      0.00      0.00           
  5110.512      24.1   6.68100    -2.470      0.00      0.00      0.00           
  5110.512      27.1  11.33300    -0.379     -7.57      0.00      0.00           
  5110.512      24.1   6.68600    -2.593     -7.87      0.00      0.00           
  5110.514      27.1   8.90800    -5.593     -7.73      0.00      0.00           
  5110.533      28.1  14.27200    -3.260     -7.22      0.00      0.00           
  5110.551      72.1   4.06400    -0.908      0.00      0.00      0.00           
  5110.556      24.1  12.62000    -4.590     -7.25      0.00      0.00           
  5110.563 106.00113   2.15900    -6.316      0.00      0.00      0.00           
  5110.572      28.1  13.70900    -6.276     -7.34      0.00      0.00           
  5110.604      25.0   4.42900    -8.735     -7.12      0.00      0.00           
  5110.629      24.1  12.62000    -4.891     -7.25      0.00      0.00           
  5110.641      26.1  12.21700    -3.577     -7.58      0.00      0.00           
  5110.665      26.1  10.93400    -2.052     -7.43      0.00      0.00           
  5110.702      26.1  13.00300    -2.994     -7.47      0.00      0.00           
  5110.704      26.1  11.28900    -1.363     -7.48      0.00      0.00           
  5110.737      26.1  12.87900    -2.601     -7.59      0.00      0.00           
  5110.749      24.0   2.70900    -1.320     -7.74      0.00      0.00           
  5110.749      24.0   2.70700    -1.320      0.00      0.00      0.00           
  5110.760      59.1   1.14700     0.320      0.00      0.00      0.00           
  5110.763      59.1   1.14800     0.320      0.00      0.00      0.00           
  5110.776      25.1   4.06900   -13.440     -7.93      0.00      0.00           
  5110.792      27.0   4.23200    -5.018     -7.53      0.00      0.00           
  5110.793      26.1  12.87900    -1.835     -7.59      0.00      0.00           
  5110.794      27.0   4.22900    -2.900      0.00      0.00      0.00           
  5110.823      76.0   1.36800    -2.300      0.00      0.00      0.00           
  5110.823      76.0   1.36800    -2.610      0.00      0.00      0.00           
  5110.841      46.0   4.39500     0.130      0.00      0.00      0.00           
  5110.841      46.0   4.39200     0.130      0.00      0.00      0.00           
  5110.864      90.1   2.05200    -0.880      0.00      0.00      0.00           
  5110.934      58.1   1.77500    -2.680      0.00      0.00      0.00           
  5110.976 112.00124   0.50400     0.235      0.00      0.00      0.00           
  5110.997      58.1   1.09000    -2.350      0.00      0.00      0.00           
  5110.998      23.0   1.94200    -4.108     -7.79      0.00      0.00           
  5110.998      23.0   1.94100    -4.050      0.00      0.00      0.00           
  5111.013      26.1  11.27000    -5.847     -7.63      0.00      0.00           
  5111.041      22.0   3.16400    -1.140      0.00      0.00      0.00           
  5111.041      22.0   3.16600    -0.675     -7.54      0.00      0.00           
  5111.048 106.00113   1.53600    -9.945      0.00      0.00      0.00           
  5111.053      28.1  14.40000    -2.226     -7.72      0.00      0.00           
  5111.062      26.1  11.59100    -4.554     -7.42      0.00      0.00           
  5111.067 112.00124   0.50400    -2.982      0.00      0.00      0.00           
  5111.078 106.00112   2.40000    -5.519      0.00      0.00      0.00           
  5111.083      26.1  11.59100    -4.814     -7.42      0.00      0.00           
  5111.128      28.1  14.48600    -2.208     -7.39      0.00      0.00           
  5111.128      26.1  12.31600    -9.742     -7.30      0.00      0.00           
  5111.139 106.00112   2.40000    -3.649      0.00      0.00      0.00           
  5111.144 106.00113   1.55000   -10.853      0.00      0.00      0.00           
  5111.150      62.1   0.33300    -2.330      0.00      0.00      0.00           
  5111.150      62.1   0.33300    -2.330      0.00      0.00      0.00           
  5111.189      23.0   3.11300    -0.370      0.00      0.00      0.00           
  5111.190      20.0   5.17700    -2.170      0.00      0.00      0.00           
  5111.209      24.0   4.18900    -3.420      0.00      0.00      0.00           
  5111.209      24.0   4.19300    -3.158     -7.54      0.00      0.00           
  5111.212      22.0   3.72700    -2.356     -7.50      0.00      0.00           
  5111.221 114.00128   1.19800    -3.528      0.00      0.00      0.00           
  5111.242 106.00112   2.40000    -3.924      0.00      0.00      0.00           
  5111.257 112.00124   0.54900     0.641      0.00      0.00      0.00           
  5111.257      20.0   5.31700    -5.520      0.00      0.00      0.00           
  5111.284 112.00124   0.36700    -0.409      0.00      0.00      0.00           
  5111.298 106.00113   1.55000    -8.621      0.00      0.00      0.00           
  5111.310 112.00124   0.50400    -2.982      0.00      0.00      0.00           
  5111.318 112.00124   0.36700    -1.735      0.00      0.00      0.00           
  5111.347      58.1   0.90000    -3.730      0.00      0.00      0.00           
  5111.355      26.0   3.54700    -3.299     -7.70      0.00      0.00           
  5111.355      26.0   3.54400    -3.700      0.00      0.00      0.00           
  5111.381 112.00125   0.54800     0.641      0.00      0.00      0.00           
  5111.382      23.0   3.88000    -4.160      0.00      0.00      0.00           
  5111.402 112.00124   0.50400     0.263      0.00      0.00      0.00           
  5111.413 114.00128   1.19800    -3.528      0.00      0.00      0.00           
  5111.421 112.00124   0.54900    -3.284      0.00      0.00      0.00           
  5111.444      26.0   3.27400    -4.428     -7.81      0.00      0.00           
  5111.444      26.0   3.27100    -4.170      0.00      0.00      0.00           
  5111.448 112.00124   0.54900    -3.284      0.00      0.00      0.00           
  5111.455      58.1   1.64500    -2.340      0.00      0.00      0.00           
  5111.458      23.1   6.65900    -4.060      0.00      0.00      0.00           
  5111.491 112.00126   0.54700     0.641      0.00      0.00      0.00           
  5111.496 106.00112   0.98800    -5.203      0.00      0.00      0.00           
  5111.544      23.0   2.57300    -3.430      0.00      0.00      0.00           
  5111.610      58.0   0.59100    -0.315      0.00      0.00      0.00           
  5111.610      58.0   0.59000    -0.320      0.00      0.00      0.00           
  5111.613 112.00124   0.54900     0.656      0.00      0.00      0.00           
  5111.625      20.0   5.68500    -2.060      0.00      0.00      0.00           
  5111.636      26.1   0.23200    -8.197     -7.94      0.00      0.00           
  5111.661      26.0   4.60800    -4.183     -7.31      0.00      0.00           
  5111.736 112.00125   0.54800     0.656      0.00      0.00      0.00           
  5111.777      26.0   0.99000    -9.167     -7.86      0.00      0.00           
  5111.847 112.00126   0.54700     0.656      0.00      0.00      0.00           
  5111.855      26.0   4.90900    -0.660      0.00      0.00      0.00           
  5111.855      26.0   4.91300    -1.993     -7.16      0.00      0.00           
  5111.868      25.1   5.56300    -5.380      0.00      0.00      0.00           
  5111.873      23.0   2.11300    -4.420      0.00      0.00      0.00           
  5111.915      29.0   5.56500    -1.080      0.00      0.00      0.00           
  5111.917      26.0   4.65200    -4.379     -7.36      0.00      0.00           
  5111.920      64.1   1.57400    -1.480      0.00      0.00      0.00           
  5111.920      64.1   1.57500    -1.560      0.00      0.00      0.00           
  5111.952      28.0   5.35900    -4.110      0.00      0.00      0.00           
  5111.982 106.00113   1.10500    -3.124      0.00      0.00      0.00           
  5112.037 106.00113   1.10500    -6.080      0.00      0.00      0.00           
  5112.046 106.00113   2.43600    -3.261      0.00      0.00      0.00           
  5112.080      24.1   6.79800    -2.750      0.00      0.00      0.00           
  5112.080      24.1   6.80300    -2.829     -7.83      0.00      0.00           
  5112.093 112.00124   0.36700    -0.365      0.00      0.00      0.00           
  5112.111      22.0   3.16600    -1.420     -7.52      0.00      0.00           
  5112.111      22.0   3.16400    -1.670      0.00      0.00      0.00           
  5112.130      72.0   0.69900    -2.360      0.00      0.00      0.00           
  5112.130      72.0   0.69900    -2.360      0.00      0.00      0.00           
  5112.140      27.0   3.52700    -4.890      0.00      0.00      0.00           
  5112.149      27.0   3.53000    -3.596     -7.73      0.00      0.00           
  5112.155      26.1  10.45500    -0.794     -7.59      0.00      0.00           
  5112.212      19.0   1.61700    -3.040      0.00      0.00      0.00           
  5112.212      19.0   1.61600    -3.040      0.00      0.00      0.00           
  5112.214 106.00113   1.30900    -7.326      0.00      0.00      0.00           
  5112.217      58.1   1.58200    -2.210      0.00      0.00      0.00           
  5112.233 106.00113   1.10500    -6.110      0.00      0.00      0.00           
  5112.238      58.1   0.79200    -2.080      0.00      0.00      0.00           
  5112.246      19.0   1.61600    -2.080      0.00      0.00      0.00           
  5112.246      19.0   1.61700    -2.080      0.00      0.00      0.00           
  5112.270      40.1   1.66500    -0.850      0.00      0.00      0.00           
  5112.270      40.1   1.66500    -0.850      0.00      0.00      0.00           
  5112.288 106.00113   1.10500    -3.052      0.00      0.00      0.00           
  5112.294      62.1   0.88400    -1.250      0.00      0.00      0.00           
  5112.294      62.1   0.88500    -1.550      0.00      0.00      0.00           
  5112.296 106.00113   2.43600    -3.334      0.00      0.00      0.00           
  5112.349 106.00113   2.43600    -5.709      0.00      0.00      0.00           
  5112.446      27.1   3.40500    -4.610      0.00      0.00      0.00           
  5112.469      26.0   3.88200    -4.962     -7.54      0.00      0.00           
  5112.475      23.1   6.09600    -4.730      0.00      0.00      0.00           
  5112.484      24.0   1.00400    -3.700     -7.77      0.00      0.00           
  5112.485      24.0   1.00300    -3.700      0.00      0.00      0.00           
  5112.543      58.1   1.02700    -1.830      0.00      0.00      0.00           
  5112.543      58.1   1.02600    -1.830      0.00      0.00      0.00           
  5112.599 112.00124   0.51500     0.470      0.00      0.00      0.00           
  5112.634 106.00113   1.74800    -6.539      0.00      0.00      0.00           
  5112.675 112.00124   0.16800     0.135      0.00      0.00      0.00           
  5112.687      22.0   2.77800    -3.868     -7.55      0.00      0.00           
  5112.698 112.00125   0.51400     0.470      0.00      0.00      0.00           
  5112.704      58.0   0.55200     0.108      0.00      0.00      0.00           
  5112.704      58.0   0.55200     0.110      0.00      0.00      0.00           
  5112.731 112.00124   0.51500    -3.159      0.00      0.00      0.00           
  5112.774      26.0   3.69200    -8.510      0.00      0.00      0.00           
  5112.776 112.00124   0.16800    -2.061      0.00      0.00      0.00           
  5112.787 112.00126   0.51300     0.470      0.00      0.00      0.00           
  5112.794 112.00125   0.16800     0.135      0.00      0.00      0.00           
  5112.816 112.00124   0.51000    -1.187      0.00      0.00      0.00           
  5112.825 112.00124   0.51000    -1.488      0.00      0.00      0.00           
  5112.837 112.00124   0.51500    -3.159      0.00      0.00      0.00           
  5112.849      21.0   2.14400    -0.410      0.00      0.00      0.00           
  5112.849      21.0   2.14600    -0.458     -7.73      0.00      0.00           
  5112.878      58.1   1.08800    -2.660      0.00      0.00      0.00           
  5112.904 112.00126   0.16800     0.135      0.00      0.00      0.00           
  5112.912      24.0   3.10200    -4.140      0.00      0.00      0.00           
  5112.912      24.0   3.10400    -4.623     -7.80      0.00      0.00           
  5112.916      26.0   4.95600    -2.930     -7.31      0.00      0.00           
  5112.917      26.0   4.95200    -2.610      0.00      0.00      0.00           
  5112.969 112.00124   0.51500     0.490      0.00      0.00      0.00           
  5112.982      24.1   6.80000    -4.330      0.00      0.00      0.00           
  5112.999      26.1  10.39200    -0.527     -7.59      0.00      0.00           
  5113.047      58.1   1.66600    -2.320      0.00      0.00      0.00           
  5113.068 112.00125   0.51400     0.490      0.00      0.00      0.00           
  5113.120      27.0   4.10700    -1.560      0.00      0.00      0.00           
  5113.122      27.0   4.11000    -1.559     -7.51      0.00      0.00           
  5113.125      24.0   2.71000    -1.480     -7.74      0.00      0.00           
  5113.126      24.0   2.70800    -1.480      0.00      0.00      0.00           
  5113.148 112.00124   0.16800     0.158      0.00      0.00      0.00           
  5113.158 112.00126   0.51300     0.490      0.00      0.00      0.00           
  5113.214 114.00128   1.20600    -3.274      0.00      0.00      0.00           
  5113.220      27.0   2.07900    -2.240      0.00      0.00      0.00           
  5113.223      27.0   2.08000    -2.240     -7.76      0.00      0.00           
  5113.234      26.0   4.21800    -2.394     -7.51      0.00      0.00           
  5113.234      26.0   4.21400    -1.950      0.00      0.00      0.00           
  5113.242 106.00113   2.16100    -6.865      0.00      0.00      0.00           
  5113.258 106.00112   1.31400    -7.326      0.00      0.00      0.00           
  5113.269 112.00125   0.16800     0.158      0.00      0.00      0.00           
  5113.302 114.00128   1.67800    -2.311      0.00      0.00      0.00           
  5113.379 112.00126   0.16800     0.158      0.00      0.00      0.00           
  5113.413      23.0   1.80000    -2.082     -7.78      0.00      0.00           
  5113.413      23.0   1.79800    -2.860      0.00      0.00      0.00           
  5113.429 106.00113   1.01300    -3.651      0.00      0.00      0.00           
  5113.440      22.0   1.44200    -0.700      0.00      0.00      0.00           
  5113.440      22.0   1.44300    -0.700     -7.66      0.00      0.00           
  5113.455 106.00113   1.01300    -8.020      0.00      0.00      0.00           
  5113.478 106.00113   2.16100    -6.257      0.00      0.00      0.00           
  5113.529 114.00128   1.67900    -2.311      0.00      0.00      0.00           
  5113.547      26.0   4.95200    -1.800      0.00      0.00      0.00           
  5113.547      26.0   4.95600    -3.102     -7.14      0.00      0.00           
  5113.554 114.00128   1.48100    -2.660      0.00      0.00      0.00           
  5113.559 112.00124   0.48500     0.205      0.00      0.00      0.00           
  5113.603      22.0   1.74800    -5.100      0.00      0.00      0.00           
  5113.645 112.00124   0.48500    -2.904      0.00      0.00      0.00           
  5113.674 114.00128   1.20600    -3.274      0.00      0.00      0.00           
  5113.785      24.1   3.73600    -7.490      0.00      0.00      0.00           
  5113.791 106.00112   1.75400    -6.539      0.00      0.00      0.00           
  5113.800      15.0   6.93000    -2.000      0.00      0.00      0.00           
  5113.800      15.0   6.93600    -2.000      0.00      0.00      0.00           
  5113.822      24.0   0.96000    -5.030      0.00      0.00      0.00           
  5113.822      24.0   0.96100    -5.825     -7.79      0.00      0.00           
  5113.871      26.0   4.65200    -3.198     -7.30      0.00      0.00           
  5113.888      26.0   4.98800    -3.015     -7.13      0.00      0.00           
  5113.888      26.0   4.98400    -2.400      0.00      0.00      0.00           
  5113.910      22.0   2.24800    -2.000      0.00      0.00      0.00           
  5113.910      22.0   2.24900    -2.000     -7.68      0.00      0.00           
  5113.936 112.00124   0.48500    -2.958      0.00      0.00      0.00           
  5113.970      69.0   0.00000    -2.250      0.00      0.00      0.00           
  5113.970      69.0   0.00000    -2.140      0.00      0.00      0.00           
  5114.012 112.00124   0.25300    -0.087      0.00      0.00      0.00           
  5114.013 114.00128   1.71600    -2.816      0.00      0.00      0.00           
  5114.022 112.00124   0.48500     0.235      0.00      0.00      0.00           
  5114.034 106.00113   1.01300    -3.586      0.00      0.00      0.00           
  5114.040 114.00128   1.67400    -2.661      0.00      0.00      0.00           
  5114.057      24.0   3.84200    -4.410      0.00      0.00      0.00           
  5114.057      24.0   3.84500    -3.247     -7.68      0.00      0.00           
  5114.060 114.00128   1.67400    -2.661      0.00      0.00      0.00           
  5114.060      21.0   3.33700    -3.530      0.00      0.00      0.00           
  5114.069      22.0   3.11200    -1.917     -7.66      0.00      0.00           
  5114.080 112.00124   0.25300    -1.931      0.00      0.00      0.00           
  5114.105 112.00125   0.25200    -0.087      0.00      0.00      0.00           
  5114.115 114.00128   1.48100    -2.660      0.00      0.00      0.00           
  5114.121 112.00124   0.51200    -1.348      0.00      0.00      0.00           
  5114.136 112.00124   0.51200    -1.126      0.00      0.00      0.00           
  5114.141      24.1   6.80000    -4.350      0.00      0.00      0.00           
  5114.170      22.0   0.90000    -4.008     -7.75      0.00      0.00           
  5114.170      22.0   0.89900    -4.300      0.00      0.00      0.00           
  5114.188      25.1   5.98600    -3.850      0.00      0.00      0.00           
  5114.192 112.00126   0.25200    -0.087      0.00      0.00      0.00           
  5114.210 112.00124   0.51600    -1.387      0.00      0.00      0.00           
  5114.215 114.00128   1.71700    -2.816      0.00      0.00      0.00           
  5114.331      26.0   2.58600    -7.440      0.00      0.00      0.00           
  5114.370      63.0   1.61700    -0.040      0.00      0.00      0.00           
  5114.376      23.0   2.57300    -6.160      0.00      0.00      0.00           
  5114.467      24.0   3.55300    -2.330      0.00      0.00      0.00           
  5114.467      24.0   3.55600    -2.377     -7.79      0.00      0.00           
  5114.510      26.0   4.59000    -2.710      0.00      0.00      0.00           
  5114.510      26.0   4.59300    -2.511     -7.72      0.00      0.00           
  5114.511   57.1139   0.23500    -1.624      0.00      0.00      0.00           
  5114.528   57.1139   0.23500    -1.820      0.00      0.00      0.00           
  5114.545 112.00124   0.25300    -0.057      0.00      0.00      0.00           
  5114.550      69.1   2.85200    -0.530      0.00      0.00      0.00           
  5114.555   57.1139   0.23500    -1.820      0.00      0.00      0.00           
  5114.560      57.1   0.23500    -1.030      0.00      0.00      0.00           
  5114.572   57.1139   0.23500    -3.006      0.00      0.00      0.00           
  5114.586   57.1139   0.23500    -1.824      0.00      0.00      0.00           
  5114.607   57.1139   0.23500    -1.824      0.00      0.00      0.00           
  5114.620   57.1139   0.23500    -2.079      0.00      0.00      0.00           
  5114.641 106.00112   2.11100    -6.320      0.00      0.00      0.00           
  5114.641 112.00125   0.25200    -0.057      0.00      0.00      0.00           
  5114.730 112.00126   0.25200    -0.057      0.00      0.00      0.00           
  5114.783 112.00124   0.19800    -1.628      0.00      0.00      0.00           
  5114.863      26.0   3.94300    -4.773     -7.53      0.00      0.00           
  5114.863      26.0   3.94000    -4.470      0.00      0.00      0.00           
  5114.966      42.0   2.27400    -1.470      0.00      0.00      0.00           
  5114.966      42.0   2.27600    -1.468      0.00      0.00      0.00           
  5114.968      20.0   5.29500    -6.060      0.00      0.00      0.00           
  5114.993      24.0   4.43600    -1.680      0.00      0.00      0.00           
  5115.001      23.0   3.08700    -2.331     -7.45      0.00      0.00           
  5115.001      23.0   3.08500    -4.450      0.00      0.00      0.00           
  5115.045      90.0   0.47900    -1.795      0.00      0.00      0.00           
  5115.045      90.0   0.47900    -1.790      0.00      0.00      0.00           
  5115.046 112.00124   0.36000    -0.483      0.00      0.00      0.00           
  5115.061      26.1  10.43100    -0.503     -7.59      0.00      0.00           
  5115.074 112.00124   0.36000    -1.677      0.00      0.00      0.00           
  5115.115 106.00113   2.15600   -10.093      0.00      0.00      0.00           
  5115.124 106.00113   1.74900    -6.485      0.00      0.00      0.00           
  5115.132      58.1   1.74200    -0.820      0.00      0.00      0.00           
  5115.152 106.00112   2.40200    -3.649      0.00      0.00      0.00           
  5115.161      26.0   4.95200    -1.290      0.00      0.00      0.00           
  5115.161      26.0   4.95600    -2.299     -7.13      0.00      0.00           
  5115.170 114.00128   1.19300    -3.513      0.00      0.00      0.00           
  5115.234      23.1   6.32900    -1.950      0.00      0.00      0.00           
  5115.236      58.0   0.88900     0.304      0.00      0.00      0.00           
  5115.236      58.1   2.14500    -1.130      0.00      0.00      0.00           
  5115.236      58.0   0.88800     0.300      0.00      0.00      0.00           
  5115.238 106.00112   2.40200    -5.559      0.00      0.00      0.00           
  5115.239 106.00113   1.03900    -6.609      0.00      0.00      0.00           
  5115.240      40.0   2.02300    -0.100      0.00      0.00      0.00           
  5115.243      58.0   0.58800     0.010      0.00      0.00      0.00           
  5115.243      58.0   0.58900     0.007      0.00      0.00      0.00           
  5115.256      22.0   3.11300    -2.102     -7.66      0.00      0.00           
  5115.268      40.0   2.02200    -0.100      0.00      0.00      0.00           
  5115.317 106.00112   1.83200   -12.163      0.00      0.00      0.00           
  5115.322 114.00128   1.19300    -3.513      0.00      0.00      0.00           
  5115.375 106.00113   1.31000    -7.267      0.00      0.00      0.00           
  5115.387 106.00112   1.83200    -7.768      0.00      0.00      0.00           
  5115.388      22.0   1.87800    -3.750      0.00      0.00      0.00           
  5115.388      22.0   1.87900    -3.080     -7.74      0.00      0.00           
  5115.389      28.0   3.83100    -0.110      0.00      0.00      0.00           
  5115.392      28.0   3.83400    -0.110     -7.25      0.00      0.00           
  5115.402 106.00112   2.40200    -3.924      0.00      0.00      0.00           
  5115.407      27.0   4.11000    -2.880      0.00      0.00      0.00           
  5115.410      27.0   4.11300    -2.096     -7.52      0.00      0.00           
  5115.417      20.0   5.29600    -5.170      0.00      0.00      0.00           
  5115.429 106.00112   2.44100    -7.494      0.00      0.00      0.00           
  5115.452 106.00112   1.83200    -7.988      0.00      0.00      0.00           
  5115.586      26.0   4.63500    -3.450      0.00      0.00      0.00           
  5115.586      26.0   4.63800    -4.060     -7.34      0.00      0.00           
  5115.611      58.1   0.72100    -2.770      0.00      0.00      0.00           
  5115.636      42.0   3.39300    -1.500      0.00      0.00      0.00           
  5115.638      20.0   4.76000    -2.280      0.00      0.00      0.00           
  5115.643      58.0   0.71900    -0.030      0.00      0.00      0.00           
  5115.643      58.0   0.71900    -0.029      0.00      0.00      0.00           
  5115.675 106.00113   2.10500    -7.478      0.00      0.00      0.00           
  5115.777      26.0   3.57300    -2.640     -7.80      0.00      0.00           
  5115.777      26.0   3.57100    -2.740      0.00      0.00      0.00           
  5115.817      20.0   5.82700    -4.570      0.00      0.00      0.00           
  5115.961 112.00124   0.46700     0.174      0.00      0.00      0.00           
  5115.977 112.00124   0.36000    -0.435      0.00      0.00      0.00           
  5116.015 106.00112   2.44100    -3.260      0.00      0.00      0.00           
  5116.042 112.00124   0.46700    -2.922      0.00      0.00      0.00           
  5116.043      26.0   4.14300    -2.249     -7.50      0.00      0.00           
  5116.043      26.0   4.14000    -1.750      0.00      0.00      0.00           
  5116.048      24.1   3.71400    -3.637     -7.86      0.00      0.00           
  5116.049      24.1   3.71100    -3.630      0.00      0.00      0.00           
  5116.063 106.00112   2.44100    -3.333      0.00      0.00      0.00           
  5116.097      24.0   5.28400    -3.900      0.00      0.00      0.00           
  5116.122      28.0   4.23200    -2.610      0.00      0.00      0.00           
  5116.128      28.0   4.23600    -4.153     -7.32      0.00      0.00           
  5116.137 112.00124   0.51300     0.627      0.00      0.00      0.00           
  5116.142 106.00112   2.44100    -5.708      0.00      0.00      0.00           
  5116.185      22.0   3.56900    -0.493     -7.56      0.00      0.00           
  5116.185      22.0   3.56700    -0.830      0.00      0.00      0.00           
  5116.214      22.0   3.10200    -3.590      0.00      0.00      0.00           
  5116.248      24.1   6.80500    -3.254     -7.83      0.00      0.00           
  5116.248      24.1   6.80000    -3.110      0.00      0.00      0.00           
  5116.249 112.00124   0.51600    -1.460      0.00      0.00      0.00           
  5116.254 112.00125   0.51200     0.627      0.00      0.00      0.00           
  5116.270 112.00124   0.51600    -0.910      0.00      0.00      0.00           
  5116.295 106.00112   1.75500    -6.485      0.00      0.00      0.00           
  5116.298 112.00124   0.51300    -3.267      0.00      0.00      0.00           
  5116.303      22.0   2.34500    -3.321     -7.63      0.00      0.00           
  5116.304      22.0   2.34300    -3.200      0.00      0.00      0.00           
  5116.315      24.1   3.75700    -5.946     -7.89      0.00      0.00           
  5116.316      24.1   3.75400    -6.200      0.00      0.00      0.00           
  5116.334 112.00124   0.51300    -3.267      0.00      0.00      0.00           
  5116.342      58.1   1.29600    -1.230      0.00      0.00      0.00           
  5116.354 112.00124   0.34800    -1.328      0.00      0.00      0.00           
  5116.355      23.0   3.09900    -1.694     -7.45      0.00      0.00           
  5116.358 112.00126   0.51100     0.627      0.00      0.00      0.00           
  5116.374 112.00124   0.46700    -2.921      0.00      0.00      0.00           
  5116.413      24.0   3.07700    -5.010      0.00      0.00      0.00           
  5116.418 112.00124   0.48600     0.452      0.00      0.00      0.00           
  5116.455 112.00124   0.46700     0.207      0.00      0.00      0.00           
  5116.468      27.0   4.39500    -2.197     -7.47      0.00      0.00           
  5116.490      26.0   3.88400    -4.710     -7.54      0.00      0.00           
  5116.491      26.0   3.88100    -4.540      0.00      0.00      0.00           
  5116.494 112.00124   0.51300     0.643      0.00      0.00      0.00           
  5116.512 112.00125   0.48500     0.452      0.00      0.00      0.00           
  5116.513 106.00112   1.31600    -7.266      0.00      0.00      0.00           
  5116.523      26.1  12.88500    -0.360     -7.59      0.00      0.00           
  5116.528      27.0   4.39200    -2.860      0.00      0.00      0.00           
  5116.539      58.1   0.90200    -2.590      0.00      0.00      0.00           
  5116.546 112.00124   0.48600    -3.138      0.00      0.00      0.00           
  5116.570      60.1   0.74200    -2.010      0.00      0.00      0.00           
  5116.570      60.1   0.74200    -2.010      0.00      0.00      0.00           
  5116.588      24.0   4.43700    -1.940      0.00      0.00      0.00           
  5116.591      26.0   4.96600    -4.282     -7.15      0.00      0.00           
  5116.591      26.0   4.96200    -2.850      0.00      0.00      0.00           
  5116.595 112.00126   0.48500     0.452      0.00      0.00      0.00           
  5116.610 112.00125   0.51200     0.643      0.00      0.00      0.00           
  5116.618      26.0   3.88400    -4.242     -7.54      0.00      0.00           
  5116.619      26.0   3.88100    -4.120      0.00      0.00      0.00           
  5116.630      23.0   0.30000    -6.280      0.00      0.00      0.00           
  5116.650 112.00124   0.52100    -1.048      0.00      0.00      0.00           
  5116.653      21.0   2.13800    -0.170      0.00      0.00      0.00           
  5116.653      21.0   2.13900    -0.335     -7.72      0.00      0.00           
  5116.665 112.00124   0.48600    -3.138      0.00      0.00      0.00           
  5116.690      62.1   0.93300    -0.720      0.00      0.00      0.00           
  5116.690      62.1   0.93200    -0.720      0.00      0.00      0.00           
  5116.696      24.0   3.55300    -3.040      0.00      0.00      0.00           
  5116.696      24.0   3.55600    -2.785     -7.56      0.00      0.00           
  5116.714 112.00126   0.51100     0.643      0.00      0.00      0.00           
  5116.763      21.0   2.13400    -0.280      0.00      0.00      0.00           
  5116.763      21.0   2.13600    -0.276     -7.77      0.00      0.00           
  5116.792 112.00124   0.48600     0.472      0.00      0.00      0.00           
  5116.807      20.0   5.82800    -3.550      0.00      0.00      0.00           
  5116.856 114.00128   1.26000    -3.155      0.00      0.00      0.00           
  5116.873      22.1   5.68800    -4.700      0.00      0.00      0.00           
  5116.884 114.00128   1.26000    -3.155      0.00      0.00      0.00           
  5116.885 112.00125   0.48600     0.472      0.00      0.00      0.00           
  5116.889      24.0   3.88700    -3.098     -7.74      0.00      0.00           
  5116.889      24.0   3.88400    -3.290      0.00      0.00      0.00           
  5116.943      26.0   2.94900    -5.463     -7.82      0.00      0.00           
  5116.943      26.0   2.94700    -5.440      0.00      0.00      0.00           
  5116.955      42.0   2.59800    -1.755      0.00      0.00      0.00           
  5116.955      42.0   2.59600    -1.750      0.00      0.00      0.00           
  5116.970 112.00126   0.48500     0.472      0.00      0.00      0.00           
  5117.010 106.00113   1.42600    -5.886      0.00      0.00      0.00           
  5117.031      26.1  10.43100    -0.039     -7.59      0.00      0.00           
  5117.034 106.00112   1.10800    -3.123      0.00      0.00      0.00           
  5117.057      46.0   4.80800     0.380      0.00      0.00      0.00           
  5117.057      46.0   4.81200     0.380      0.00      0.00      0.00           
  5117.079 114.00128   1.77900    -2.346      0.00      0.00      0.00           
  5117.088 106.00112   1.10800    -6.079      0.00      0.00      0.00           
  5117.144      42.0   3.44100    -2.010      0.00      0.00      0.00           
  5117.148 106.00113   2.19500    -4.092      0.00      0.00      0.00           
  5117.159      62.0   0.28200     0.118      0.00      0.00      0.00           
  5117.159      62.0   0.28200     0.120      0.00      0.00      0.00           
  5117.164      23.0   2.57600    -4.060      0.00      0.00      0.00           
  5117.169      58.1   1.40100    -0.270      0.00      0.00      0.00           
  5117.169      58.1   1.40200    -0.110      0.00      0.00      0.00           
  5117.180      73.0   3.44200     0.000      0.00      0.00      0.00           
  5117.181 114.00128   1.77900    -2.346      0.00      0.00      0.00           
  5117.214 106.00113   2.19500    -4.293      0.00      0.00      0.00           
  5117.234 106.00113   2.43800    -3.261      0.00      0.00      0.00           
  5117.238      92.1   0.28400    -2.120      0.00      0.00      0.00           
  5117.238      92.1   0.28500    -2.116      0.00      0.00      0.00           
  5117.282 106.00112   1.10900    -6.109      0.00      0.00      0.00           
  5117.292      23.0   1.94500    -2.965     -7.79      0.00      0.00           
  5117.292      23.0   1.94400    -2.860      0.00      0.00      0.00           
  5117.336 106.00112   1.10900    -3.051      0.00      0.00      0.00           
  5117.408      24.1   6.80000    -2.480      0.00      0.00      0.00           
  5117.408      24.1   6.80500    -2.510     -7.83      0.00      0.00           
  5117.424      24.0   3.55600    -1.670     -7.56      0.00      0.00           
  5117.425      24.0   3.55300    -1.760      0.00      0.00      0.00           
  5117.437      26.0   4.98400    -2.440      0.00      0.00      0.00           
  5117.437      26.0   4.98800    -3.586     -7.11      0.00      0.00           
  5117.457 106.00113   2.43800    -5.664      0.00      0.00      0.00           
  5117.473 106.00113   1.78800    -8.276      0.00      0.00      0.00           
  5117.484      21.0   5.02400    -3.220      0.00      0.00      0.00           
  5117.494 106.00112   2.11200    -6.263      0.00      0.00      0.00           
  5117.523      59.1   0.92200    -1.580      0.00      0.00      0.00           
  5117.547 106.00113   1.78700    -7.992      0.00      0.00      0.00           
  5117.569      26.0   4.79200    -3.520      0.00      0.00      0.00           
  5117.569      26.0   4.79600    -3.150     -7.30      0.00      0.00           
  5117.580 106.00113   2.43800    -3.334      0.00      0.00      0.00           
  5117.641      24.0   3.88500    -3.820      0.00      0.00      0.00           
  5117.641      24.0   3.88800    -3.466     -7.73      0.00      0.00           
  5117.651      21.0   2.00800    -3.340      0.00      0.00      0.00           
  5117.665 106.00113   2.19500    -5.634      0.00      0.00      0.00           
  5117.711 106.00112   2.23100    -7.092      0.00      0.00      0.00           
  5117.725 106.00112   1.28900    -3.084      0.00      0.00      0.00           
  5117.734      26.0   4.64800    -3.890      0.00      0.00      0.00           
  5117.734      26.0   4.65200    -4.134     -7.33      0.00      0.00           
  5117.844      26.1  13.00200    -0.964     -7.56      0.00      0.00           
  5117.860      25.0   3.76300    -3.815     -7.56      0.00      0.00           
  5117.869 112.00124   0.05100    -1.746      0.00      0.00      0.00           
  5117.898   25.0055   3.13200    -3.363      0.00      0.00      0.00           
  5117.900      25.0   3.13400    -2.831     -7.56      0.00      0.00           
  5117.905      25.0   3.76100    -4.150      0.00      0.00      0.00           
  5117.906   25.0055   3.13200    -2.982      0.00      0.00      0.00           
  5117.913   25.0055   3.13200    -2.806      0.00      0.00      0.00           
  5117.915 106.00112   1.28900    -7.109      0.00      0.00      0.00           
  5117.916      25.0   3.13400    -1.667     -7.56      0.00      0.00           
  5117.918   25.0055   3.13200    -2.408      0.00      0.00      0.00           
  5117.919   25.0055   3.13200    -2.760      0.00      0.00      0.00           
  5117.921   25.0055   3.13200    -2.262      0.00      0.00      0.00           
  5117.923   25.0055   3.13200    -2.283      0.00      0.00      0.00           
  5117.924   25.0055   3.13200    -2.438      0.00      0.00      0.00           
  5117.935   25.0055   3.13200    -2.614      0.00      0.00      0.00           
  5117.935      25.0   3.13400    -1.404     -7.56      0.00      0.00           
  5117.939   25.0055   3.13200    -2.204      0.00      0.00      0.00           
  5117.942   25.0055   3.13200    -1.931      0.00      0.00      0.00           
  5117.944 106.00113   1.78800   -12.489      0.00      0.00      0.00           
  5117.945   25.0055   3.13200    -1.719      0.00      0.00      0.00           
  5117.946      58.1   1.24600    -0.810      0.00      0.00      0.00           
  5117.946      58.1   1.24700    -0.810      0.00      0.00      0.00           
  5117.968      28.1  12.31700    -1.047     -7.58      0.00      0.00           
  5117.979      28.1  14.66100    -4.416     -7.11      0.00      0.00           
  5118.002 106.00112   1.28900    -3.035      0.00      0.00      0.00           
  5118.006      26.1  13.00200    -0.638     -7.43      0.00      0.00           
  5118.010      28.1  13.54800    -4.374     -7.46      0.00      0.00           
  5118.010      24.1  10.26200    -5.178     -7.66      0.00      0.00           
  5118.031      59.1   0.55000    -1.498      0.00      0.00      0.00           
  5118.031      59.1   0.55000    -1.500      0.00      0.00      0.00           
  5118.044      27.0   3.97100    -1.136     -7.48      0.00      0.00           
  5118.047      27.0   3.96800    -1.960      0.00      0.00      0.00           
  5118.070      26.1  10.60000    -6.474     -7.74      0.00      0.00           
  5118.126      69.1   4.34000    -1.560      0.00      0.00      0.00           
  5118.170      23.0   2.36500    -3.863     -7.80      0.00      0.00           
  5118.170      25.1   5.98800    -5.630      0.00      0.00      0.00           
  5118.170      23.0   2.36400    -4.580      0.00      0.00      0.00           
  5118.170      25.1   5.99300    -6.086     -7.88      0.00      0.00           
  5118.190 112.00124   0.51200    -1.492      0.00      0.00      0.00           
  5118.202      18.0  13.09500    -2.960      0.00      0.00      0.00           
  5118.203      26.0   3.92900    -4.695     -7.55      0.00      0.00           
  5118.229      26.1  10.89800    -5.534     -7.61      0.00      0.00           
  5118.237 112.00124   0.52100    -1.546      0.00      0.00      0.00           
  5118.241 112.00124   0.45000     0.140      0.00      0.00      0.00           
  5118.259      22.1   7.73800    -3.523     -7.57      0.00      0.00           
  5118.263 112.00124   0.52100    -0.777      0.00      0.00      0.00           
  5118.276      58.1   1.14000    -3.130      0.00      0.00      0.00           
  5118.279      26.1  11.58000    -4.813     -7.48      0.00      0.00           
  5118.304      28.1  14.40300    -2.171     -7.72      0.00      0.00           
  5118.308      58.1   3.14400     0.010      0.00      0.00      0.00           
  5118.317 112.00124   0.45000    -2.889      0.00      0.00      0.00           
  5118.349      58.1   1.27400    -1.520      0.00      0.00      0.00           
  5118.349      58.1   1.27300    -1.520      0.00      0.00      0.00           
  5118.352 112.00124   0.14700     0.108      0.00      0.00      0.00           
  5118.356      24.1   4.38400   -11.626     -7.93      0.00      0.00           
  5118.385      58.1   1.04200    -2.990      0.00      0.00      0.00           
  5118.398      26.1  12.85800    -0.201     -7.59      0.00      0.00           
  5118.430 106.00112   1.01600    -3.650      0.00      0.00      0.00           
  5118.448 112.00124   0.14700    -2.034      0.00      0.00      0.00           
  5118.455 106.00112   1.01600    -8.019      0.00      0.00      0.00           
  5118.462 112.00125   0.14700     0.108      0.00      0.00      0.00           
  5118.464      24.0   4.38500    -4.290      0.00      0.00      0.00           
  5118.495      26.1   8.17500    -3.013     -7.54      0.00      0.00           
  5118.500      24.1   8.36300    -4.665     -7.56      0.00      0.00           
  5118.521      58.1   1.02700    -3.420      0.00      0.00      0.00           
  5118.565 112.00126   0.14700     0.108      0.00      0.00      0.00           
  5118.576      22.0   3.40900    -3.572     -7.66      0.00      0.00           
  5118.603 106.00113   2.10600    -7.532      0.00      0.00      0.00           
  5118.616 112.00124   0.35500    -0.570      0.00      0.00      0.00           
  5118.629      69.1   4.98800    -2.790      0.00      0.00      0.00           
  5118.638 112.00124   0.35500    -1.615      0.00      0.00      0.00           
  5118.654 112.00124   0.45000    -2.887      0.00      0.00      0.00           
  5118.658 114.00128   1.52100    -2.621      0.00      0.00      0.00           
  5118.668      23.1   8.79000    -4.095     -7.57      0.00      0.00           
  5118.682      26.1  10.45500    -1.550     -7.59      0.00      0.00           
  5118.729 112.00124   0.45000     0.176      0.00      0.00      0.00           
  5118.740      26.1  12.74900    -3.553     -7.57      0.00      0.00           
  5118.744      24.0   3.55600    -1.847     -7.67      0.00      0.00           
  5118.744      24.0   3.55300    -2.020      0.00      0.00      0.00           
  5118.751      22.0   3.58100    -3.917     -7.32      0.00      0.00           
  5118.757      24.1  10.16200    -7.078     -7.66      0.00      0.00           
  5118.757      58.1   1.02700    -2.170      0.00      0.00      0.00           
  5118.761      58.1   0.17500    -2.590      0.00      0.00      0.00           
  5118.762      58.1   1.09200    -1.900      0.00      0.00      0.00           
  5118.774 112.00124   0.23900    -0.127      0.00      0.00      0.00           
  5118.775 114.00128   1.52100    -2.621      0.00      0.00      0.00           
  5118.783      22.0   3.44100    -2.581     -7.66      0.00      0.00           
  5118.783      22.0   3.43800    -3.610      0.00      0.00      0.00           
  5118.799      28.1  14.36600     0.108     -7.48      0.00      0.00           
  5118.814 112.00124   0.52700    -0.854      0.00      0.00      0.00           
  5118.829 112.00124   0.14700     0.132      0.00      0.00      0.00           
  5118.835 112.00124   0.23900    -1.893      0.00      0.00      0.00           
  5118.838      26.1  13.00300    -2.949     -7.40      0.00      0.00           
  5118.860 112.00125   0.23900    -0.127      0.00      0.00      0.00           
  5118.873      26.1  12.74900    -3.308     -7.54      0.00      0.00           
  5118.885      58.0   0.39800    -0.510      0.00      0.00      0.00           
  5118.885      58.0   0.39800    -0.507      0.00      0.00      0.00           
  5118.886      23.0   0.28600    -6.620      0.00      0.00      0.00           
  5118.886      23.0   0.28700    -6.794     -7.80      0.00      0.00           
  5118.897      26.1  13.03400    -1.646     -7.52      0.00      0.00           
  5118.904      69.1   5.00400    -2.620      0.00      0.00      0.00           
  5118.907      21.0   2.00000    -3.510      0.00      0.00      0.00           
  5118.907      21.0   2.00100    -2.700     -7.56      0.00      0.00           
  5118.928      24.0   5.61300    -2.240      0.00      0.00      0.00           
  5118.929      26.1  12.90800    -0.806     -7.51      0.00      0.00           
  5118.940 112.00126   0.23900    -0.127      0.00      0.00      0.00           
  5118.941 112.00125   0.14700     0.132      0.00      0.00      0.00           
  5118.943      26.0   3.94300    -5.622     -7.53      0.00      0.00           
  5118.950      26.1  12.88500    -0.518     -7.64      0.00      0.00           
  5118.951      28.1  13.54800    -4.690     -7.46      0.00      0.00           
  5118.959      27.1  10.05100    -5.502     -7.68      0.00      0.00           
  5118.959      58.1   1.29600    -2.040      0.00      0.00      0.00           
  5118.978      26.1  11.63500    -3.316     -7.34      0.00      0.00           
  5119.041 106.00112   1.01600    -3.585      0.00      0.00      0.00           
  5119.044 112.00126   0.14700     0.132      0.00      0.00      0.00           
  5119.051      26.1  11.27000    -1.005     -7.43      0.00      0.00           
  5119.093      24.1  11.23400    -4.954     -7.42      0.00      0.00           
  5119.098      26.1  12.90900    -1.863     -7.53      0.00      0.00           
  5119.098 106.00113   2.03700    -8.148      0.00      0.00      0.00           
  5119.100      58.1   1.67600    -2.560      0.00      0.00      0.00           
  5119.110      39.1   0.99200    -1.330      0.00      0.00      0.00           
  5119.111      26.1  13.45700    -0.027     -7.59      0.00      0.00           
  5119.112      39.1   0.99200    -1.330     -7.81      0.00      0.00           
  5119.140      24.1  10.73300    -5.341     -7.50      0.00      0.00           
  5119.163      70.1   7.70700    -2.090      0.00      0.00      0.00           
  5119.190      23.0   1.86000    -7.288     -7.80      0.00      0.00           
  5119.190      23.0   1.85800    -5.580      0.00      0.00      0.00           
  5119.217      42.0   2.93400    -2.398      0.00      0.00      0.00           
  5119.217      42.0   2.93200    -2.400      0.00      0.00      0.00           
  5119.223 106.00113   2.19600    -4.092      0.00      0.00      0.00           
  5119.240      26.1  13.00300    -2.058     -7.43      0.00      0.00           
  5119.260 106.00113   1.59300    -8.249      0.00      0.00      0.00           
  5119.284 106.00113   2.10500    -6.319      0.00      0.00      0.00           
  5119.292      23.0   3.08900    -2.957     -7.45      0.00      0.00           
  5119.292      23.0   3.08700    -1.050      0.00      0.00      0.00           
  5119.300      26.1  11.23800    -0.860     -7.48      0.00      0.00           
  5119.321      24.0   3.42200    -1.150     -7.78      0.00      0.00           
  5119.321      24.0   3.41900    -1.410      0.00      0.00      0.00           
  5119.332 112.00124   0.23900    -0.094      0.00      0.00      0.00           
  5119.334      26.1  10.39200    -0.669     -7.59      0.00      0.00           
  5119.336      25.1   5.99100    -3.268     -7.87      0.00      0.00           
  5119.336      25.1   5.98600    -3.260      0.00      0.00      0.00           
  5119.336      21.0   5.02500    -3.420      0.00      0.00      0.00           
  5119.350      26.1  11.07600    -6.059     -7.64      0.00      0.00           
  5119.353 114.00128   1.18900    -3.489      0.00      0.00      0.00           
  5119.360      24.1   0.00000   -13.047     -7.94      0.00      0.00           
  5119.393 106.00113   2.19600    -4.293      0.00      0.00      0.00           
  5119.395 114.00128   1.23400    -3.235      0.00      0.00      0.00           
  5119.421 112.00125   0.23900    -0.094      0.00      0.00      0.00           
  5119.457      58.0   0.84900    -0.350      0.00      0.00      0.00           
  5119.457      58.0   0.88900    -0.310      0.00      0.00      0.00           
  5119.457      58.0   0.88900    -0.312      0.00      0.00      0.00           
  5119.457      58.0   0.85000    -0.351      0.00      0.00      0.00           
  5119.459 114.00128   1.18900    -3.489      0.00      0.00      0.00           
  5119.469 106.00113   1.59300   -11.209      0.00      0.00      0.00           
  5119.473      24.0   3.55300    -2.160      0.00      0.00      0.00           
  5119.473      24.0   3.55600    -2.157     -7.67      0.00      0.00           
  5119.483      27.1  11.41200    -0.622     -7.57      0.00      0.00           
  5119.486 106.00113   1.59300   -10.985      0.00      0.00      0.00           
  5119.503 112.00126   0.23900    -0.094      0.00      0.00      0.00           
  5119.512      58.0   0.73100    -0.470      0.00      0.00      0.00           
  5119.512      58.0   0.73200    -0.468      0.00      0.00      0.00           
  5119.517      24.1   4.38400   -11.077     -7.93      0.00      0.00           
  5119.517      24.1   4.38400   -15.047     -7.93      0.00      0.00           
  5119.573      39.0   2.37400    -1.243     -7.51      0.00      0.00           
  5119.611      26.1  11.74000    -7.329     -7.73      0.00      0.00           
  5119.611 106.00113   2.36400    -3.333      0.00      0.00      0.00           
  5119.614      28.1  13.43600    -4.447     -7.64      0.00      0.00           
  5119.621      60.1   0.68000    -1.330      0.00      0.00      0.00           
  5119.621      60.1   0.68000    -1.330      0.00      0.00      0.00           
  5119.642      26.1  11.27000    -1.336     -7.48      0.00      0.00           
  5119.660      58.1   4.10500    -2.610      0.00      0.00      0.00           
  5119.679      26.1  11.74900    -4.225     -7.35      0.00      0.00           
  5119.690      28.1  14.25800    -4.781     -7.21      0.00      0.00           
  5119.696 106.00113   1.59300    -8.344      0.00      0.00      0.00           
  5119.711      39.1   7.64400    -2.787     -7.38      0.00      0.00           
  5119.722 112.00124   0.35500    -0.519      0.00      0.00      0.00           
  5119.733 106.00112   1.79600    -4.178      0.00      0.00      0.00           
  5119.734      58.1   1.14000    -1.380      0.00      0.00      0.00           
  5119.735      23.0   3.27300    -3.529     -7.30      0.00      0.00           
  5119.736      26.1  12.74900    -2.844     -7.57      0.00      0.00           
  5119.784      26.1  12.97300    -2.872     -7.51      0.00      0.00           
  5119.811      25.1   4.07400   -11.546     -7.93      0.00      0.00           
  5119.811      25.1   4.07400   -11.094     -7.93      0.00      0.00           
  5119.820      26.1  12.74900    -5.150     -7.56      0.00      0.00           
  5119.834      69.1   2.18500    -3.420      0.00      0.00      0.00           
  5119.843 106.00113   2.36400    -3.395      0.00      0.00      0.00           
  5119.845 106.00113   2.19600    -5.663      0.00      0.00      0.00           
  5119.871      24.1   5.66600    -5.840      0.00      0.00      0.00           
  5119.871      24.1   5.67000    -6.363     -7.88      0.00      0.00           
  5119.881 106.00112   1.79600    -4.192      0.00      0.00      0.00           
  5119.894 114.00128   1.23500    -3.235      0.00      0.00      0.00           
  5119.899 106.00113   2.36400    -5.729      0.00      0.00      0.00           
  5119.900      26.0   3.87900    -3.050      0.00      0.00      0.00           
  5119.900      26.0   3.88200    -3.050     -7.26      0.00      0.00           
  5119.908      21.1   8.23100    -3.975     -7.44      0.00      0.00           
  5119.908      21.1   8.23100    -2.950     -7.44      0.00      0.00           
  5119.918 106.00112   1.61800   -11.177      0.00      0.00      0.00           
  5119.919      27.1  11.33300     0.103     -7.58      0.00      0.00           
  5119.950      26.1   7.97100    -5.924     -7.75      0.00      0.00           
  5119.955      26.0   3.94300    -5.326     -7.54      0.00      0.00           
  5119.971 106.00112   1.79600    -6.421      0.00      0.00      0.00           
  5119.981      22.0   3.39700    -3.900      0.00      0.00      0.00           
  5119.981      22.0   3.39900    -3.389     -7.66      0.00      0.00           
  5119.998 106.00112   1.61800    -8.342      0.00      0.00      0.00           
  5120.001 106.00113   2.32300   -10.167      0.00      0.00      0.00           
  5120.002      23.0   2.57600    -5.390      0.00      0.00      0.00           
  5120.002      23.0   2.57800    -5.432     -7.73      0.00      0.00           
  5120.028      24.0   3.88900    -5.046     -7.73      0.00      0.00           
  5120.029      22.0   3.58100    -4.758     -7.31      0.00      0.00           
  5120.036      66.0   2.17100     0.750      0.00      0.00      0.00           
  5120.036      66.0   2.17000     0.750      0.00      0.00      0.00           
  5120.055      15.1  13.96200    -1.459     -7.57      0.00      0.00           
  5120.065      28.1  14.79300    -3.602     -7.38      0.00      0.00           
  5120.084      23.0   2.11300    -4.770      0.00      0.00      0.00           
  5120.084      23.0   2.11500    -5.159     -7.78      0.00      0.00           
  5120.086 112.00124   0.45900     0.432      0.00      0.00      0.00           
  5120.086      26.1  13.45700    -2.176     -7.59      0.00      0.00           
  5120.102 112.00124   0.52700    -1.625      0.00      0.00      0.00           
  5120.105      26.1  13.00200    -3.294     -7.43      0.00      0.00           
  5120.124      22.0   3.58100    -4.553     -7.33      0.00      0.00           
  5120.134 112.00124   0.52700    -0.670      0.00      0.00      0.00           
  5120.147      26.1  13.03400    -1.732     -7.51      0.00      0.00           
  5120.152 106.00113   1.78900    -4.178      0.00      0.00      0.00           
  5120.165      27.1   5.46200    -4.250      0.00      0.00      0.00           
  5120.173 112.00125   0.45800     0.432      0.00      0.00      0.00           
  5120.189      26.1  13.45700    -0.049     -7.59      0.00      0.00           
  5120.197      22.0   3.42100    -3.880      0.00      0.00      0.00           
  5120.197      22.0   3.42400    -3.031     -7.66      0.00      0.00           
  5120.205      58.1   3.46000    -3.890      0.00      0.00      0.00           
  5120.209 112.00124   0.45900    -3.116      0.00      0.00      0.00           
  5120.251 112.00126   0.45800     0.432      0.00      0.00      0.00           
  5120.284 106.00112   1.61800    -8.516      0.00      0.00      0.00           
  5120.291      41.0   0.04900    -1.420      0.00      0.00      0.00           
  5120.291      41.0   0.04900    -1.420      0.00      0.00      0.00           
  5120.309      25.1   4.07400   -11.520     -7.93      0.00      0.00           
  5120.313      58.1   1.31900    -3.740      0.00      0.00      0.00           
  5120.314 106.00113   1.78900    -4.191      0.00      0.00      0.00           
  5120.317 106.00112   2.20400    -5.634      0.00      0.00      0.00           
  5120.320      20.0   5.31700    -5.260      0.00      0.00      0.00           
  5120.322      75.0   3.02600    -1.000      0.00      0.00      0.00           
  5120.322      75.0   3.02800    -1.000      0.00      0.00      0.00           
  5120.322 112.00124   0.43400     0.103      0.00      0.00      0.00           
  5120.340 112.00124   0.45900    -3.116      0.00      0.00      0.00           
  5120.344      26.1   2.82800    -4.256     -7.89      0.00      0.00           
  5120.352      26.1   2.82800    -4.240      0.00      0.00      0.00           
  5120.359      24.1   8.49000    -6.654     -7.72      0.00      0.00           
  5120.362      24.0   3.43500    -2.155     -7.78      0.00      0.00           
  5120.362      24.0   3.43200    -3.430      0.00      0.00      0.00           
  5120.364 106.00113   1.78900    -6.421      0.00      0.00      0.00           
  5120.364 106.00112   1.61800   -11.598      0.00      0.00      0.00           
  5120.388 106.00112   2.20400    -4.293      0.00      0.00      0.00           
  5120.392 112.00124   0.43400    -2.854      0.00      0.00      0.00           
  5120.415      22.0   2.57600     0.480      0.00      0.00      0.00           
  5120.415      22.0   2.57800     0.480     -7.70      0.00      0.00           
  5120.420      40.0   1.97500    -0.580      0.00      0.00      0.00           
  5120.422      26.1  11.65300    -6.294     -7.42      0.00      0.00           
  5120.428 106.00112   2.20400    -4.092      0.00      0.00      0.00           
  5120.435      40.0   1.97400    -0.580      0.00      0.00      0.00           
  5120.445      26.1  12.88700    -6.066     -7.51      0.00      0.00           
  5120.463 112.00124   0.45900     0.453      0.00      0.00      0.00           
  5120.467 106.00113   2.03700    -8.185      0.00      0.00      0.00           
  5120.506      24.1   8.31600    -6.083     -7.73      0.00      0.00           
  5120.543 106.00112   1.04300    -6.608      0.00      0.00      0.00           
  5120.550 112.00125   0.45800     0.453      0.00      0.00      0.00           
  5120.574      24.1  10.72600    -5.518     -7.53      0.00      0.00           
  5120.575      58.1   2.00800    -2.630      0.00      0.00      0.00           
  5120.603      26.1  12.68900    -6.739     -7.48      0.00      0.00           
  5120.606      24.0   4.17200    -4.340      0.00      0.00      0.00           
  5120.606      24.0   4.17500    -4.296     -7.53      0.00      0.00           
  5120.608      24.1  12.55900    -9.766     -7.25      0.00      0.00           
  5120.615      26.1  12.87400    -1.031     -7.59      0.00      0.00           
  5120.621      24.1  12.55900    -5.734     -7.25      0.00      0.00           
  5120.630 112.00126   0.45800     0.453      0.00      0.00      0.00           
  5120.669      69.0   2.44700    -0.300      0.00      0.00      0.00           
  5120.669      69.0   2.44900    -0.301      0.00      0.00      0.00           
  5120.673      58.1   0.74000    -3.030      0.00      0.00      0.00           
  5120.679      45.0   1.67500    -2.010      0.00      0.00      0.00           
  5120.679      45.0   1.67600    -2.010      0.00      0.00      0.00           
  5120.737      26.1  11.05000    -5.991     -7.65      0.00      0.00           
  5120.738 112.00124   0.53500    -0.709      0.00      0.00      0.00           
  5120.749      27.1  11.78300    -6.590     -7.66      0.00      0.00           
  5120.754      29.1  14.43000    -0.290     -7.57      0.00      0.00           
  5120.769 112.00124   0.43400    -2.852      0.00      0.00      0.00           
  5120.771      23.0   3.87200    -4.527     -7.36      0.00      0.00           
  5120.779      28.1  14.35000    -1.741     -7.20      0.00      0.00           
  5120.782      58.0   0.52100    -0.226      0.00      0.00      0.00           
  5120.782      58.0   0.52000    -0.230      0.00      0.00      0.00           
  5120.839 112.00124   0.43400     0.141      0.00      0.00      0.00           
  5120.857      26.0   4.41200    -4.040      0.00      0.00      0.00           
  5120.857      26.0   4.41500    -4.360     -7.31      0.00      0.00           
  5120.868      57.0   1.04700    -0.760      0.00      0.00      0.00           
  5120.868      57.0   1.04600    -0.760      0.00      0.00      0.00           
  5120.877 112.00124   0.47800     0.612      0.00      0.00      0.00           
  5120.892      26.0   4.44600    -2.609     -7.41      0.00      0.00           
  5120.892      26.0   4.44200    -2.440      0.00      0.00      0.00           
  5120.927      26.1  13.00200    -5.965     -7.46      0.00      0.00           
  5120.933      27.1   5.17100    -2.290      0.00      0.00      0.00           
  5120.936      21.0   2.60800    -4.358     -7.49      0.00      0.00           
  5120.936      21.0   2.60600    -2.850      0.00      0.00      0.00           
  5120.943 106.00112   1.55500    -8.754      0.00      0.00      0.00           
  5120.949      25.1   4.07400   -12.060     -7.93      0.00      0.00           
  5120.949      25.1   4.07400   -11.678     -7.93      0.00      0.00           
  5120.955      27.1   5.17500    -2.712     -7.90      0.00      0.00           
  5120.962      24.1  12.58600    -5.335     -7.18      0.00      0.00           
  5120.963      26.0   4.73000    -4.090      0.00      0.00      0.00           
  5120.963      26.0   4.73300    -4.039     -7.33      0.00      0.00           
  5120.967      22.0   3.58100    -3.554     -7.33      0.00      0.00           
  5120.975      28.1  14.27300    -4.817     -7.20      0.00      0.00           
  5120.986 112.00125   0.47700     0.612      0.00      0.00      0.00           
  5121.015      24.1   8.21500    -2.934     -7.90      0.00      0.00           
  5121.034 112.00124   0.47800    -3.250      0.00      0.00      0.00           
  5121.055      26.1  10.39200    -5.281     -7.57      0.00      0.00           
  5121.070      24.0   5.34300    -4.200      0.00      0.00      0.00           
  5121.076 112.00124   0.47800    -3.249      0.00      0.00      0.00           
  5121.078      24.1   6.86300    -1.820      0.00      0.00      0.00           
  5121.078      24.1   6.86900    -2.286     -7.83      0.00      0.00           
  5121.084 112.00126   0.47600     0.612      0.00      0.00      0.00           
  5121.092      26.0   3.92900    -6.376     -7.54      0.00      0.00           
  5121.097      26.1  12.90800     0.359     -7.44      0.00      0.00           
  5121.163      26.0   4.54500    -3.720      0.00      0.00      0.00           
  5121.187 106.00112   2.44300    -3.261      0.00      0.00      0.00           
  5121.222      33.0   6.39900     0.500      0.00      0.00      0.00           
  5121.222      33.0   6.39400     0.500      0.00      0.00      0.00           
  5121.233 112.00124   0.47800     0.629      0.00      0.00      0.00           
  5121.240      58.1   1.78400    -1.840      0.00      0.00      0.00           
  5121.260 106.00112   1.98400    -3.776      0.00      0.00      0.00           
  5121.296      22.0   2.47900    -3.100      0.00      0.00      0.00           
  5121.296      22.0   2.48000    -3.027     -7.52      0.00      0.00           
  5121.314 106.00112   2.44300    -5.663      0.00      0.00      0.00           
  5121.316 106.00113   0.99700    -5.405      0.00      0.00      0.00           
  5121.330      60.1   1.12000    -1.060      0.00      0.00      0.00           
  5121.330      60.1   1.12100    -1.060      0.00      0.00      0.00           
  5121.341 112.00125   0.47700     0.629      0.00      0.00      0.00           
  5121.358      58.0   1.14100     0.230      0.00      0.00      0.00           
  5121.358      58.0   1.14100     0.227      0.00      0.00      0.00           
  5121.364 106.00112   1.98400    -3.794      0.00      0.00      0.00           
  5121.395      23.0   1.93100    -3.063     -7.77      0.00      0.00           
  5121.395      23.0   1.92900    -2.730      0.00      0.00      0.00           
  5121.417 106.00112   2.44300    -3.333      0.00      0.00      0.00           
  5121.426      20.0   5.17700    -2.990      0.00      0.00      0.00           
  5121.440 112.00126   0.47600     0.629      0.00      0.00      0.00           
  5121.455 106.00112   1.98400    -6.015      0.00      0.00      0.00           
  5121.556      28.0   3.94100    -0.936     -7.56      0.00      0.00           
  5121.557      28.0   3.93800    -1.000      0.00      0.00      0.00           
  5121.606      26.0   4.44200    -4.130      0.00      0.00      0.00           
  5121.606      26.0   4.44600    -4.276     -7.42      0.00      0.00           
  5121.615      22.1   1.24300    -5.649     -7.86      0.00      0.00           
  5121.618      22.1   1.24200    -5.640      0.00      0.00      0.00           
  5121.627 106.00112   1.54200    -9.943      0.00      0.00      0.00           
  5121.639      26.0   4.28300    -0.760     -7.16      0.00      0.00           
  5121.639      26.0   4.28000    -0.810      0.00      0.00      0.00           
  5121.643      58.1   1.27400    -2.700      0.00      0.00      0.00           
  5121.668 106.00113   1.54100    -9.012      0.00      0.00      0.00           
  5121.717 106.00112   1.55600    -8.619      0.00      0.00      0.00           
  5121.743 112.00124   0.19100    -1.562      0.00      0.00      0.00           
  5121.766      42.0   3.39000    -1.301      0.00      0.00      0.00           
  5121.766      42.0   3.38700    -1.300      0.00      0.00      0.00           
  5121.766 106.00112   1.55600   -10.851      0.00      0.00      0.00           
  5121.785      24.0   5.26700    -4.250      0.00      0.00      0.00           
  5121.799      41.0   1.61000    -1.200      0.00      0.00      0.00           
  5121.799      41.0   1.60800    -1.200      0.00      0.00      0.00           
  5121.806 114.00128   1.67800    -2.706      0.00      0.00      0.00           
  5121.819 112.00124   1.19300    -3.763      0.00      0.00      0.00           
  5121.824 112.00124   0.53500    -1.726      0.00      0.00      0.00           
  5121.835      26.0   4.98500    -4.142     -7.12      0.00      0.00           
  5121.835      26.0   4.98100    -2.370      0.00      0.00      0.00           
  5121.862 112.00124   0.53500    -0.585      0.00      0.00      0.00           
  5121.869      26.1  12.86400     0.396     -7.59      0.00      0.00           
  5121.919 106.00112   2.04400    -8.148      0.00      0.00      0.00           
  5121.964 112.00124   0.35100    -0.678      0.00      0.00      0.00           
  5121.965      22.0   3.16800    -1.160      0.00      0.00      0.00           
  5121.965      22.0   3.17100    -1.037     -7.52      0.00      0.00           
  5121.966      26.0   3.54400    -3.600      0.00      0.00      0.00           
  5121.966      26.0   3.54700    -3.715     -7.77      0.00      0.00           
  5121.980 112.00124   0.35100    -1.558      0.00      0.00      0.00           
  5121.991 106.00113   2.10600    -6.262      0.00      0.00      0.00           
  5122.015 106.00113   1.13600    -3.053      0.00      0.00      0.00           
  5122.022      21.0   2.61200    -2.720      0.00      0.00      0.00           
  5122.034 114.00128   1.67900    -2.706      0.00      0.00      0.00           
  5122.076 106.00113   1.13600    -6.094      0.00      0.00      0.00           
  5122.089      22.0   2.23600    -1.340     -7.68      0.00      0.00           
  5122.089      22.0   2.23500    -1.340      0.00      0.00      0.00           
  5122.115      24.0   1.02900    -3.180      0.00      0.00      0.00           
  5122.115      24.0   1.03000    -3.034     -7.79      0.00      0.00           
  5122.138      62.0   0.38700    -0.050      0.00      0.00      0.00           
  5122.138      62.0   0.38800    -0.051      0.00      0.00      0.00           
  5122.169 106.00112   2.11100    -7.477      0.00      0.00      0.00           
  5122.206 106.00113   1.47700    -6.824      0.00      0.00      0.00           
  5122.213 112.00124   0.34700    -1.182      0.00      0.00      0.00           
  5122.222      26.0   4.96600    -3.822     -7.12      0.00      0.00           
  5122.222      26.0   4.96200    -3.830      0.00      0.00      0.00           
  5122.225 106.00113   1.13600    -6.143      0.00      0.00      0.00           
  5122.234 112.00124   0.42000     0.061      0.00      0.00      0.00           
  5122.237      76.0   1.84000    -2.240      0.00      0.00      0.00           
  5122.237      76.0   1.84100    -2.240      0.00      0.00      0.00           
  5122.286 106.00113   1.13600    -2.984      0.00      0.00      0.00           
  5122.298 112.00124   0.42000    -2.817      0.00      0.00      0.00           
  5122.335      23.0   1.80200    -4.070      0.00      0.00      0.00           
  5122.351 106.00112   2.37000    -3.333      0.00      0.00      0.00           
  5122.352 106.00112   2.23400    -7.161      0.00      0.00      0.00           
  5122.392      58.0   0.27400    -0.470      0.00      0.00      0.00           
  5122.392      58.0   0.27400    -0.470      0.00      0.00      0.00           
  5122.402 106.00112   2.37000    -3.394      0.00      0.00      0.00           
  5122.403      26.0   4.83100    -4.320      0.00      0.00      0.00           
  5122.403      26.0   4.83500    -3.919     -7.35      0.00      0.00           
  5122.418      58.1   0.52900    -2.470      0.00      0.00      0.00           
  5122.449 112.00124   0.54400    -0.614      0.00      0.00      0.00           
  5122.481      15.0   6.93600    -2.500      0.00      0.00      0.00           
  5122.481      15.0   6.93000    -2.500      0.00      0.00      0.00           
  5122.482 106.00112   2.37000    -5.729      0.00      0.00      0.00           
  5122.498 106.00112   2.20500    -5.663      0.00      0.00      0.00           
  5122.506 106.00112   2.20500    -4.092      0.00      0.00      0.00           
  5122.551      39.0   2.35900    -0.546     -7.51      0.00      0.00           
  5122.555 106.00113   1.37100    -3.199      0.00      0.00      0.00           
  5122.569 106.00112   2.20500    -4.293      0.00      0.00      0.00           
  5122.639      24.0   5.61000    -2.370      0.00      0.00      0.00           
  5122.663 106.00113   1.37100    -7.388      0.00      0.00      0.00           
  5122.702      23.0   2.57900    -4.170      0.00      0.00      0.00           
  5122.719 112.00124   0.42000    -2.814      0.00      0.00      0.00           
  5122.757      23.0   1.80000    -2.658     -7.78      0.00      0.00           
  5122.757      23.0   1.79800    -3.030      0.00      0.00      0.00           
  5122.764 106.00113   1.37100    -3.102      0.00      0.00      0.00           
  5122.764      27.0   3.66500    -0.523     -7.55      0.00      0.00           
  5122.767      24.0   3.36800    -1.225     -7.80      0.00      0.00           
  5122.767      24.0   3.36500    -1.410      0.00      0.00      0.00           
  5122.768      27.0   3.66300    -0.640      0.00      0.00      0.00           
  5122.776 114.00128   1.78200    -1.931      0.00      0.00      0.00           
  5122.783 112.00124   0.42000     0.104      0.00      0.00      0.00           
  5122.819 106.00113   1.54200   -10.569      0.00      0.00      0.00           
  5122.820      26.0   5.08200    -3.920      0.00      0.00      0.00           
  5122.847      22.0   2.49500    -3.042     -7.52      0.00      0.00           
  5122.847      22.0   2.49300    -3.160      0.00      0.00      0.00           
  5122.939 106.00113   1.54200    -8.745      0.00      0.00      0.00           
  5122.977 114.00128   1.78200    -1.931      0.00      0.00      0.00           
  5122.980   57.1139   0.32100    -1.536      0.00      0.00      0.00           
  5122.980   57.1139   0.32100    -2.106      0.00      0.00      0.00           
  5122.984      57.1   0.32100    -1.111      0.00      0.00      0.00           
  5122.986   57.1139   0.32100    -1.934      0.00      0.00      0.00           
  5122.986   57.1139   0.32100    -1.948      0.00      0.00      0.00           
  5122.986   57.1139   0.32100    -2.106      0.00      0.00      0.00           
  5122.991   57.1139   0.32100    -1.948      0.00      0.00      0.00           
  5122.992   57.1139   0.32100    -2.630      0.00      0.00      0.00           
  5122.992   57.1139   0.32100    -1.959      0.00      0.00      0.00           
  5122.995   57.1139   0.32100    -1.959      0.00      0.00      0.00           
  5122.996   57.1139   0.32100    -4.059      0.00      0.00      0.00           
  5122.996      57.1   0.32100    -1.198      0.00      0.00      0.00           
  5122.996   57.1139   0.32100    -2.132      0.00      0.00      0.00           
  5122.999   57.1139   0.32100    -2.132      0.00      0.00      0.00           
  5122.999   57.1139   0.32100    -2.308      0.00      0.00      0.00           
  5123.063 112.00124   0.51600    -1.487      0.00      0.00      0.00           
  5123.190      26.1   7.70300    -2.458     -7.77      0.00      0.00           
  5123.205 114.00128   1.70500    -2.252      0.00      0.00      0.00           
  5123.210 114.00128   1.70500    -2.252      0.00      0.00      0.00           
  5123.210      39.1   0.99200    -0.790      0.00      0.00      0.00           
  5123.211      39.1   0.99200    -0.790     -7.78      0.00      0.00           
  5123.247      26.0   3.06900    -4.620      0.00      0.00      0.00           
  5123.247      26.0   3.07100    -5.342     -7.80      0.00      0.00           
  5123.266      26.0   3.30100    -4.201     -7.80      0.00      0.00           
  5123.266      26.0   3.29800    -4.360      0.00      0.00      0.00           
  5123.275 106.00113   2.38800    -5.661      0.00      0.00      0.00           
  5123.279      26.0   4.41500    -2.328     -7.42      0.00      0.00           
  5123.279      26.0   4.41200    -2.240      0.00      0.00      0.00           
  5123.290 106.00112   2.04500    -8.184      0.00      0.00      0.00           
  5123.327      25.1   5.99300    -1.847     -7.87      0.00      0.00           
  5123.327      25.1   5.98800    -1.880      0.00      0.00      0.00           
  5123.338 112.00124   0.35100    -0.626      0.00      0.00      0.00           
  5123.384 112.00124   0.54400    -1.792      0.00      0.00      0.00           
  5123.385 112.00124   0.22700    -0.170      0.00      0.00      0.00           
  5123.392      27.0   3.13300    -3.776     -7.55      0.00      0.00           
  5123.393      27.0   3.13100    -3.990      0.00      0.00      0.00           
  5123.428 112.00124   0.54400    -0.515      0.00      0.00      0.00           
  5123.433      26.1  12.85800     0.347     -7.59      0.00      0.00           
  5123.441 112.00124   0.22700    -1.853      0.00      0.00      0.00           
  5123.456      25.0   4.79100    -3.460      0.00      0.00      0.00           
  5123.456      25.0   4.79100    -4.040      0.00      0.00      0.00           
  5123.458      23.0   2.57900    -4.980      0.00      0.00      0.00           
  5123.460      24.0   1.03000    -2.960     -7.77      0.00      0.00           
  5123.461      24.0   1.02900    -2.960      0.00      0.00      0.00           
  5123.465 112.00125   0.22700    -0.170      0.00      0.00      0.00           
  5123.539 112.00126   0.22600    -0.170      0.00      0.00      0.00           
  5123.595 112.00124   0.43300     0.411      0.00      0.00      0.00           
  5123.655      64.1   1.31700    -1.440      0.00      0.00      0.00           
  5123.655      64.1   1.31800    -1.440      0.00      0.00      0.00           
  5123.658      77.0   1.60600    -2.410      0.00      0.00      0.00           
  5123.658      77.0   1.60500    -2.410      0.00      0.00      0.00           
  5123.678 112.00125   0.43200     0.411      0.00      0.00      0.00           
  5123.698 106.00113   1.90000    -3.797      0.00      0.00      0.00           
  5123.714 112.00124   0.43300    -2.963      0.00      0.00      0.00           
  5123.720      26.0   1.01000    -3.060      0.00      0.00      0.00           
  5123.720      26.0   1.01100    -3.068     -7.74      0.00      0.00           
  5123.752 112.00126   0.43200     0.411      0.00      0.00      0.00           
  5123.758      44.0   1.41900    -2.290      0.00      0.00      0.00           
  5123.758      44.0   1.41800    -2.190      0.00      0.00      0.00           
  5123.780      60.1   0.38000    -0.610      0.00      0.00      0.00           
  5123.780      60.1   0.38000    -0.610      0.00      0.00      0.00           
  5123.808 106.00113   2.22500    -7.091      0.00      0.00      0.00           
  5123.816 106.00113   2.38800    -2.914      0.00      0.00      0.00           
  5123.820      42.0   3.39600    -1.240      0.00      0.00      0.00           
  5123.831 106.00113   1.90000    -3.813      0.00      0.00      0.00           
  5123.854      22.0   3.54600    -1.337     -7.58      0.00      0.00           
  5123.854      22.0   3.54300    -1.560      0.00      0.00      0.00           
  5123.860 112.00124   0.43300    -2.985      0.00      0.00      0.00           
  5123.881 106.00113   1.90000    -6.005      0.00      0.00      0.00           
  5123.894 106.00113   1.03100    -3.585      0.00      0.00      0.00           
  5123.897 112.00124   0.12800     0.079      0.00      0.00      0.00           
  5123.899 112.00124   0.84800    -2.372      0.00      0.00      0.00           
  5123.927 106.00113   1.03100    -7.783      0.00      0.00      0.00           
  5123.949 112.00124   0.84800    -0.062      0.00      0.00      0.00           
  5123.955 112.00124   0.55400    -0.537      0.00      0.00      0.00           
  5123.970 112.00124   0.40600     0.015      0.00      0.00      0.00           
  5123.975 112.00124   0.22700    -0.135      0.00      0.00      0.00           
  5123.979 112.00124   0.43300     0.433      0.00      0.00      0.00           
  5123.986 112.00124   0.12800    -2.005      0.00      0.00      0.00           
  5123.999 112.00125   0.12800     0.079      0.00      0.00      0.00           
  5124.003 114.00128   1.23600    -3.111      0.00      0.00      0.00           
  5124.019 112.00124   0.84800    -0.041      0.00      0.00      0.00           
  5124.026 114.00128   1.22400    -3.178      0.00      0.00      0.00           
  5124.029 112.00124   0.40600    -2.776      0.00      0.00      0.00           
  5124.036 106.00113   2.38800    -2.963      0.00      0.00      0.00           
  5124.044      26.0   4.60800    -2.170     -7.32      0.00      0.00           
  5124.045      26.0   4.60400    -3.650      0.00      0.00      0.00           
  5124.054      26.1   5.56500    -4.020      0.00      0.00      0.00           
  5124.057      26.1   5.56900    -3.885     -7.89      0.00      0.00           
  5124.058 112.00125   0.22700    -0.135      0.00      0.00      0.00           
  5124.060 112.00125   0.43200     0.433      0.00      0.00      0.00           
  5124.071      22.0   1.50100    -1.980      0.00      0.00      0.00           
  5124.071      22.0   1.50300    -1.980     -7.67      0.00      0.00           
  5124.094 112.00126   0.12700     0.079      0.00      0.00      0.00           
  5124.134 112.00126   0.22600    -0.135      0.00      0.00      0.00           
  5124.136 112.00126   0.43200     0.433      0.00      0.00      0.00           
  5124.148      58.1   1.54400    -1.390      0.00      0.00      0.00           
  5124.181 112.00124   0.82100    -0.078      0.00      0.00      0.00           
  5124.233      74.0   1.85500    -1.670      0.00      0.00      0.00           
  5124.233      74.0   1.85700    -1.670      0.00      0.00      0.00           
  5124.238 106.00112   2.16500   -10.092      0.00      0.00      0.00           
  5124.277 114.00128   1.23600    -3.111      0.00      0.00      0.00           
  5124.283 114.00128   1.24900    -3.054      0.00      0.00      0.00           
  5124.284      26.0   3.29900    -7.710      0.00      0.00      0.00           
  5124.293 114.00128   1.22400    -3.178      0.00      0.00      0.00           
  5124.305      22.0   2.25000    -2.477     -7.71      0.00      0.00           
  5124.305      22.0   2.24800    -2.540      0.00      0.00      0.00           
  5124.322 114.00128   1.21400    -3.256      0.00      0.00      0.00           
  5124.377      21.0   2.13900    -0.975     -7.77      0.00      0.00           
  5124.377      21.0   2.13800    -0.970      0.00      0.00      0.00           
  5124.379 112.00124   0.12800     0.105      0.00      0.00      0.00           
  5124.380      25.0   5.10800    -0.960      0.00      0.00      0.00           
  5124.411 106.00113   1.03100    -3.521      0.00      0.00      0.00           
  5124.483 112.00125   0.12800     0.105      0.00      0.00      0.00           
  5124.494 112.00124   0.82100    -2.347      0.00      0.00      0.00           
  5124.502 112.00124   0.40600    -2.772      0.00      0.00      0.00           
  5124.540      26.0   5.02000    -4.068     -7.10      0.00      0.00           
  5124.540      26.0   5.01600    -1.610      0.00      0.00      0.00           
  5124.557 114.00128   1.25000    -3.054      0.00      0.00      0.00           
  5124.557      42.0   3.69700    -1.420      0.00      0.00      0.00           
  5124.561      68.0   0.00000    -1.485      0.00      0.00      0.00           
  5124.561 112.00124   0.40600     0.063      0.00      0.00      0.00           
  5124.561      68.0   0.00000    -1.490      0.00      0.00      0.00           
  5124.572 114.00128   1.21400    -3.256      0.00      0.00      0.00           
  5124.574 106.00113   2.36600    -3.334      0.00      0.00      0.00           
  5124.578 112.00126   0.12800     0.105      0.00      0.00      0.00           
  5124.578 106.00113   2.38800    -5.200      0.00      0.00      0.00           
  5124.611 112.00124   0.82100    -0.055      0.00      0.00      0.00           
  5124.619      26.0   3.30100    -2.960     -7.76      0.00      0.00           
  5124.619      26.0   3.29900    -2.960      0.00      0.00      0.00           
  5124.624 114.00128   1.23600    -3.365      0.00      0.00      0.00           
  5124.628 114.00128   1.22400    -3.360      0.00      0.00      0.00           
  5124.689      27.0   4.24000    -2.313     -7.56      0.00      0.00           
  5124.692 114.00128   1.29200    -3.125      0.00      0.00      0.00           
  5124.693      27.0   4.23700    -2.060      0.00      0.00      0.00           
  5124.696 114.00128   1.29200    -3.125      0.00      0.00      0.00           
  5124.724      26.0   4.91300    -1.842     -7.14      0.00      0.00           
  5124.724      26.0   4.90900    -1.020      0.00      0.00      0.00           
  5124.727      27.0   4.14900    -1.367     -7.45      0.00      0.00           
  5124.729      27.0   4.14600    -1.050      0.00      0.00      0.00           
  5124.754      26.1   6.21200    -4.660      0.00      0.00      0.00           
  5124.771      63.0   1.96900     0.040      0.00      0.00      0.00           
  5124.777 112.00124   0.55400    -1.851      0.00      0.00      0.00           
  5124.790 106.00113   2.36600    -5.685      0.00      0.00      0.00           
  5124.800      27.0   4.04600    -0.670      0.00      0.00      0.00           
  5124.806      27.0   4.04900    -0.710     -7.51      0.00      0.00           
  5124.826 112.00124   0.55400    -0.456      0.00      0.00      0.00           
  5124.840      62.1   1.16500    -1.070      0.00      0.00      0.00           
  5124.840      62.1   1.16600    -1.070      0.00      0.00      0.00           
  5124.853      26.1  12.86400     0.051     -7.59      0.00      0.00           
  5124.859      14.0   4.91600    -3.500      0.00      0.00      0.00           
  5124.859      14.0   4.92000    -3.583     -7.32      0.00      0.00           
  5124.860 112.00124   0.70000    -0.154      0.00      0.00      0.00           
  5124.862 114.00128   1.20500    -3.349      0.00      0.00      0.00           
  5124.890 106.00112   1.79800    -4.179      0.00      0.00      0.00           
  5124.895 114.00128   1.22400    -3.360      0.00      0.00      0.00           
  5124.899 114.00128   1.23600    -3.365      0.00      0.00      0.00           
  5124.900 114.00128   1.26400    -3.003      0.00      0.00      0.00           
  5124.901      28.0   4.53800    -2.447     -7.27      0.00      0.00           
  5124.907 106.00113   2.36600    -3.395      0.00      0.00      0.00           
  5124.913 114.00128   1.21400    -3.361      0.00      0.00      0.00           
  5124.930 114.00128   1.24900    -3.375      0.00      0.00      0.00           
  5124.961 106.00113   1.79100    -4.179      0.00      0.00      0.00           
  5124.982      40.1   1.53200    -1.500      0.00      0.00      0.00           
  5124.982      40.1   1.53100    -1.500      0.00      0.00      0.00           
  5125.009      58.0   0.55200    -0.200      0.00      0.00      0.00           
  5125.009      58.0   0.55200    -0.196      0.00      0.00      0.00           
  5125.025 112.00124   0.34800    -0.814      0.00      0.00      0.00           
  5125.034 112.00124   0.34800    -1.548      0.00      0.00      0.00           
  5125.068      23.1   6.33400    -3.780      0.00      0.00      0.00           
  5125.087 114.00128   1.20600    -3.349      0.00      0.00      0.00           
  5125.117      26.0   4.21700    -0.140      0.00      0.00      0.00           
  5125.117      26.0   4.22000    -0.140     -7.20      0.00      0.00           
  5125.120 112.00124   0.79400    -0.094      0.00      0.00      0.00           
  5125.121      27.0   4.47100    -2.410      0.00      0.00      0.00           
  5125.129      23.0   2.35700    -6.340      0.00      0.00      0.00           
  5125.130 106.00112   1.79800    -6.379      0.00      0.00      0.00           
  5125.133 106.00113   1.47800    -6.770      0.00      0.00      0.00           
  5125.155 106.00112   2.11200    -7.531      0.00      0.00      0.00           
  5125.163 114.00128   1.21400    -3.361      0.00      0.00      0.00           
  5125.168 114.00128   1.26500    -3.003      0.00      0.00      0.00           
  5125.170      22.0   3.55600    -0.960      0.00      0.00      0.00           
  5125.170      22.0   3.55900    -0.694     -7.56      0.00      0.00           
  5125.174 106.00113   1.79100    -6.379      0.00      0.00      0.00           
  5125.201      22.0   2.50400    -2.680      0.00      0.00      0.00           
  5125.201      22.0   2.50600    -3.213     -7.62      0.00      0.00           
  5125.205 114.00128   1.25000    -3.375      0.00      0.00      0.00           
  5125.227 106.00112   1.79800    -4.192      0.00      0.00      0.00           
  5125.228      28.0   3.67900    -0.650     -7.51      0.00      0.00           
  5125.232      28.0   3.67600    -0.650      0.00      0.00      0.00           
  5125.244      26.1   7.26400    -2.930      0.00      0.00      0.00           
  5125.257      26.0   4.95200    -2.130      0.00      0.00      0.00           
  5125.257      26.1   7.26900    -3.244     -7.87      0.00      0.00           
  5125.257      26.0   4.95600    -2.726     -7.13      0.00      0.00           
  5125.265 112.00124   0.56500    -0.473      0.00      0.00      0.00           
  5125.287 106.00112   1.48300    -6.824      0.00      0.00      0.00           
  5125.341 106.00113   1.79100    -4.192      0.00      0.00      0.00           
  5125.440      58.1   2.25000    -1.810      0.00      0.00      0.00           
  5125.455 114.00128   1.20500    -3.370      0.00      0.00      0.00           
  5125.470 112.00124   0.44400     0.597      0.00      0.00      0.00           
  5125.528 112.00124   0.39500    -0.037      0.00      0.00      0.00           
  5125.545 112.00124   0.04000    -1.700      0.00      0.00      0.00           
  5125.550 112.00124   0.79400    -2.321      0.00      0.00      0.00           
  5125.555      64.1   1.42500    -0.750      0.00      0.00      0.00           
  5125.560      62.1   0.24800    -3.200      0.00      0.00      0.00           
  5125.560      64.1   1.42400    -0.720      0.00      0.00      0.00           
  5125.560      62.1   0.24800    -3.200      0.00      0.00      0.00           
  5125.572 112.00125   0.44300     0.597      0.00      0.00      0.00           
  5125.577 114.00128   1.26400    -3.388      0.00      0.00      0.00           
  5125.581 112.00124   0.39500    -2.733      0.00      0.00      0.00           
  5125.600      14.0   5.08200    -2.275     -7.13      0.00      0.00           
  5125.601      14.0   5.07800    -2.290      0.00      0.00      0.00           
  5125.602      25.0   4.72300    -3.150      0.00      0.00      0.00           
  5125.616 114.00128   1.19800    -3.466      0.00      0.00      0.00           
  5125.620      23.0   1.79800    -5.160      0.00      0.00      0.00           
  5125.623 112.00124   0.44400    -3.231      0.00      0.00      0.00           
  5125.663 112.00124   0.79400    -0.070      0.00      0.00      0.00           
  5125.664 112.00126   0.44300     0.597      0.00      0.00      0.00           
  5125.674 112.00124   0.44400    -3.231      0.00      0.00      0.00           
  5125.680 114.00128   1.20600    -3.370      0.00      0.00      0.00           
  5125.709      27.0   3.92700    -0.980      0.00      0.00      0.00           
  5125.711      27.0   3.93000    -0.020     -7.51      0.00      0.00           
  5125.785      27.0   4.14900    -2.242     -7.45      0.00      0.00           
  5125.791      27.0   4.14600    -3.570      0.00      0.00      0.00           
  5125.809 114.00128   1.19800    -3.466      0.00      0.00      0.00           
  5125.810 114.00128   1.52400    -2.640      0.00      0.00      0.00           
  5125.827 112.00124   0.44400     0.614      0.00      0.00      0.00           
  5125.837      26.0   4.14000    -0.480      0.00      0.00      0.00           
  5125.837      26.0   4.14300    -2.273     -7.77      0.00      0.00           
  5125.844 114.00128   1.26500    -3.388      0.00      0.00      0.00           
  5125.850      22.0   3.29100    -3.440      0.00      0.00      0.00           
  5125.861      58.1   0.96000    -1.890      0.00      0.00      0.00           
  5125.863      26.1   9.10000    -2.291     -7.89      0.00      0.00           
  5125.893 114.00128   1.28100    -2.957      0.00      0.00      0.00           
  5125.898      58.1   1.40400    -1.520      0.00      0.00      0.00           
  5125.917      26.1   9.10000    -2.543     -7.74      0.00      0.00           
  5125.928 112.00125   0.44300     0.614      0.00      0.00      0.00           
  5125.929 106.00112   1.98600    -3.776      0.00      0.00      0.00           
  5125.987 112.00124   0.76900    -0.112      0.00      0.00      0.00           
  5125.994 112.00124   0.56500    -1.904      0.00      0.00      0.00           
  5126.017      26.1  13.05500     0.136     -7.59      0.00      0.00           
  5126.020 112.00126   0.44300     0.614      0.00      0.00      0.00           
  5126.049 112.00124   0.56600    -0.404      0.00      0.00      0.00           
  5126.065 106.00112   2.05900    -6.315      0.00      0.00      0.00           
  5126.077      27.1   5.17100    -2.250      0.00      0.00      0.00           
  5126.095      27.1   5.17500    -2.648     -7.90      0.00      0.00           
  5126.095      26.0   5.03300    -4.016     -7.11      0.00      0.00           
  5126.096      26.0   5.02900    -3.790      0.00      0.00      0.00           
  5126.109 114.00128   1.78200    -2.372      0.00      0.00      0.00           
  5126.119 112.00124   0.39500    -2.727      0.00      0.00      0.00           
  5126.122      58.1   1.04200    -2.960      0.00      0.00      0.00           
  5126.128 106.00112   1.98600    -5.974      0.00      0.00      0.00           
  5126.132      26.0   3.23700    -3.470     -7.81      0.00      0.00           
  5126.132      26.0   3.23400    -3.400      0.00      0.00      0.00           
  5126.147 114.00128   1.28100    -2.957      0.00      0.00      0.00           
  5126.149      58.1   1.21200    -1.680      0.00      0.00      0.00           
  5126.157 114.00128   1.26400    -3.199      0.00      0.00      0.00           
  5126.172 112.00124   0.39500     0.016      0.00      0.00      0.00           
  5126.182      24.0   3.36700    -1.560      0.00      0.00      0.00           
  5126.182      24.0   3.36900    -1.355     -7.80      0.00      0.00           
  5126.187      26.1   3.19700    -5.853     -7.89      0.00      0.00           
  5126.193      26.0   4.25300    -1.080      0.00      0.00      0.00           
  5126.193      26.0   4.25600    -0.980     -7.18      0.00      0.00           
  5126.197      26.1   3.19500    -7.330      0.00      0.00      0.00           
  5126.198      27.0   3.62000    -0.530      0.00      0.00      0.00           
  5126.199      27.0   3.62200    -0.402     -7.55      0.00      0.00           
  5126.205 112.00124   0.70000    -2.147      0.00      0.00      0.00           
  5126.214 106.00112   1.98600    -3.794      0.00      0.00      0.00           
  5126.223 106.00113   2.38900    -5.637      0.00      0.00      0.00           
  5126.236 114.00128   1.19800    -3.392      0.00      0.00      0.00           
  5126.301 112.00124   0.70000    -0.118      0.00      0.00      0.00           
  5126.311 114.00128   1.78200    -2.372      0.00      0.00      0.00           
  5126.337 114.00128   1.52400    -2.640      0.00      0.00      0.00           
  5126.368 106.00112   1.00000    -5.404      0.00      0.00      0.00           
  5126.380 112.00124   0.57800    -0.419      0.00      0.00      0.00           
  5126.417 112.00124   0.52100    -2.376      0.00      0.00      0.00           
  5126.429 114.00128   1.19800    -3.392      0.00      0.00      0.00           
  5126.499      24.0   3.36700    -1.240      0.00      0.00      0.00           
  5126.499      24.0   3.36900    -1.061     -7.80      0.00      0.00           
  5126.508 112.00124   0.76900    -2.295      0.00      0.00      0.00           
  5126.527      26.0   4.90900    -3.250      0.00      0.00      0.00           
  5126.527      26.0   4.91300    -4.387     -7.12      0.00      0.00           
  5126.557 114.00128   1.19300    -3.624      0.00      0.00      0.00           
  5126.572      23.0   1.95000    -2.433     -7.79      0.00      0.00           
  5126.572      23.0   1.94800    -2.340      0.00      0.00      0.00           
  5126.579      26.0   3.88200    -4.484     -7.54      0.00      0.00           
  5126.579      26.0   3.87900    -4.090      0.00      0.00      0.00           
  5126.602 114.00128   1.28100    -3.403      0.00      0.00      0.00           
  5126.617 112.00124   0.76900    -0.087      0.00      0.00      0.00           
  5126.641 112.00124   0.74500    -0.132      0.00      0.00      0.00           
  5126.691 114.00128   1.26500    -3.199      0.00      0.00      0.00           
  5126.704      42.0   2.64400    -2.000      0.00      0.00      0.00           
  5126.709 114.00128   1.19300    -3.624      0.00      0.00      0.00           
  5126.765 106.00113   2.38900    -2.915      0.00      0.00      0.00           
  5126.804      27.0   3.93000    -1.139     -7.51      0.00      0.00           
  5126.806      27.0   3.92700    -1.990      0.00      0.00      0.00           
  5126.812      72.1   3.34700    -1.437      0.00      0.00      0.00           
  5126.821      28.0   3.69600    -0.700      0.00      0.00      0.00           
  5126.825      28.0   3.69900    -0.213     -7.51      0.00      0.00           
  5126.827      26.1  12.86400    -0.362     -7.59      0.00      0.00           
  5126.848 112.00124   0.34800    -0.777      0.00      0.00      0.00           
  5126.852 112.00124   0.72200    -0.088      0.00      0.00      0.00           
  5126.856 114.00128   1.28100    -3.403      0.00      0.00      0.00           
  5126.893      26.1  13.00800    -0.269     -7.35      0.00      0.00           
  5126.906 112.00124   0.38400    -0.097      0.00      0.00      0.00           
  5126.934      24.1   5.87400    -2.881     -7.78      0.00      0.00           
  5126.934      24.1   5.86900    -2.870      0.00      0.00      0.00           
  5126.948 112.00124   0.40800     0.389      0.00      0.00      0.00           
  5126.952 112.00124   0.38400    -2.686      0.00      0.00      0.00           
  5126.967 106.00112   2.39800    -5.200      0.00      0.00      0.00           
  5127.024 112.00125   0.40700     0.389      0.00      0.00      0.00           
  5127.034 112.00124   0.57800    -1.953      0.00      0.00      0.00           
  5127.036      26.1  12.86600    -0.425     -7.59      0.00      0.00           
  5127.042 106.00112   2.39800    -2.914      0.00      0.00      0.00           
  5127.047 114.00128   1.70500    -2.478      0.00      0.00      0.00           
  5127.051 114.00128   1.70500    -2.478      0.00      0.00      0.00           
  5127.062 112.00124   0.40800    -3.069      0.00      0.00      0.00           
  5127.063      22.0   2.67500    -1.270      0.00      0.00      0.00           
  5127.063      22.0   2.67700    -1.414     -7.54      0.00      0.00           
  5127.091 106.00112   2.39800    -2.963      0.00      0.00      0.00           
  5127.094 112.00126   0.40700     0.389      0.00      0.00      0.00           
  5127.095 112.00124   0.57800    -0.359      0.00      0.00      0.00           
  5127.110      62.1   0.65900    -1.510      0.00      0.00      0.00           
  5127.110      62.1   0.65900    -1.510      0.00      0.00      0.00           
  5127.112 106.00113   2.38900    -2.963      0.00      0.00      0.00           
  5127.152 106.00112   1.13900    -3.052      0.00      0.00      0.00           
  5127.166 106.00112   2.39800    -5.660      0.00      0.00      0.00           
  5127.201      39.1   3.10800    -1.345     -7.66      0.00      0.00           
  5127.212 106.00112   1.13900    -6.093      0.00      0.00      0.00           
  5127.222 112.00124   0.40800    -3.069      0.00      0.00      0.00           
  5127.232      23.0   2.58100    -4.200      0.00      0.00      0.00           
  5127.250      44.0   1.19200    -1.960      0.00      0.00      0.00           
  5127.250      44.0   1.19300    -2.090      0.00      0.00      0.00           
  5127.250      69.1   1.08700    -2.950      0.00      0.00      0.00           
  5127.253 114.00128   1.19300    -3.436      0.00      0.00      0.00           
  5127.260 112.00124   0.74500    -2.268      0.00      0.00      0.00           
  5127.277      58.1   1.62600    -2.610      0.00      0.00      0.00           
  5127.293      26.1  12.86600    -0.691     -7.59      0.00      0.00           
  5127.306 112.00124   0.59200    -0.372      0.00      0.00      0.00           
  5127.306 114.00128   1.29900    -2.916      0.00      0.00      0.00           
  5127.306 106.00112   2.37200    -3.333      0.00      0.00      0.00           
  5127.307      26.1  12.86400     0.439     -7.59      0.00      0.00           
  5127.336 112.00124   0.40800     0.413      0.00      0.00      0.00           
  5127.339      26.0   4.29100    -2.310      0.00      0.00      0.00           
  5127.339      26.0   4.29400    -3.042     -7.47      0.00      0.00           
  5127.345      26.0   4.98800    -2.595     -7.13      0.00      0.00           
  5127.345      26.0   4.98400    -1.720      0.00      0.00      0.00           
  5127.358 106.00112   1.13900    -6.142      0.00      0.00      0.00           
  5127.359      26.0   0.91500    -3.306     -7.75      0.00      0.00           
  5127.360      26.0   0.91400    -3.250      0.00      0.00      0.00           
  5127.364 112.00124   0.74500    -0.105      0.00      0.00      0.00           
  5127.366      22.0   2.25400    -1.050      0.00      0.00      0.00           
  5127.366      22.0   2.25600    -1.050     -7.68      0.00      0.00           
  5127.403      68.1   1.70100    -0.427      0.00      0.00      0.00           
  5127.403      68.1   1.70000    -0.430      0.00      0.00      0.00           
  5127.405 114.00128   1.19300    -3.436      0.00      0.00      0.00           
  5127.413 112.00125   0.40700     0.413      0.00      0.00      0.00           
  5127.418 106.00112   1.13900    -2.983      0.00      0.00      0.00           
  5127.437 106.00112   2.37200    -5.685      0.00      0.00      0.00           
  5127.456      20.0   5.31700    -6.350      0.00      0.00      0.00           
  5127.484 112.00126   0.40700     0.413      0.00      0.00      0.00           
  5127.533      24.0   3.69800    -3.101     -7.13      0.00      0.00           
  5127.533      24.0   3.69500    -3.960      0.00      0.00      0.00           
  5127.536 106.00112   2.37200    -3.395      0.00      0.00      0.00           
  5127.540 114.00128   1.29900    -2.916      0.00      0.00      0.00           
  5127.570 112.00124   0.38400    -2.678      0.00      0.00      0.00           
  5127.588 106.00113   1.57600    -8.212      0.00      0.00      0.00           
  5127.616 112.00124   0.38400    -0.036      0.00      0.00      0.00           
  5127.635      58.1   0.45900    -3.400      0.00      0.00      0.00           
  5127.652      28.1  12.32900     0.215     -7.58      0.00      0.00           
  5127.652      41.0   1.25500    -1.550      0.00      0.00      0.00           
  5127.652      41.0   1.25500    -1.550      0.00      0.00      0.00           
  5127.652 112.00124   0.72200    -2.121      0.00      0.00      0.00           
  5127.654 106.00113   2.38900    -5.227      0.00      0.00      0.00           
  5127.680 106.00112   1.79400   -12.488      0.00      0.00      0.00           
  5127.680      26.0   0.05200    -6.125     -7.82      0.00      0.00           
  5127.681      26.0   0.05200    -6.120      0.00      0.00      0.00           
  5127.707      58.1   1.74800    -3.120      0.00      0.00      0.00           
  5127.739      27.0   4.39200    -3.290      0.00      0.00      0.00           
  5127.752 112.00124   0.72200    -0.063      0.00      0.00      0.00           
  5127.773 106.00112   1.79400    -7.990      0.00      0.00      0.00           
  5127.779 106.00113   1.57600   -10.820      0.00      0.00      0.00           
  5127.807      24.0   5.60700    -2.630      0.00      0.00      0.00           
  5127.807 106.00112   1.79400    -8.274      0.00      0.00      0.00           
  5127.810      27.1   5.46200    -4.720      0.00      0.00      0.00           
  5127.842 112.00124   0.21600    -0.219      0.00      0.00      0.00           
  5127.846      24.0   3.10400    -4.162     -7.80      0.00      0.00           
  5127.847      24.0   3.10200    -4.410      0.00      0.00      0.00           
  5127.853      42.0   3.15400    -1.700      0.00      0.00      0.00           
  5127.853      42.0   3.15600    -1.696      0.00      0.00      0.00           
  5127.862      26.1   5.57100    -2.451     -7.89      0.00      0.00           
  5127.866      26.1   5.56600    -2.540      0.00      0.00      0.00           
  5127.891 112.00124   0.21600    -1.808      0.00      0.00      0.00           
  5127.892      25.1  10.16600    -2.088     -7.67      0.00      0.00           
  5127.894 112.00124   0.59200    -1.997      0.00      0.00      0.00           
  5127.914 112.00125   0.21600    -0.219      0.00      0.00      0.00           
  5127.918      26.0   4.59300    -5.203     -7.26      0.00      0.00           
  5127.918 106.00112   1.48400    -6.769      0.00      0.00      0.00           
  5127.920 106.00113   1.57600   -10.913      0.00      0.00      0.00           
  5127.926      26.1  12.90900    -0.582     -7.53      0.00      0.00           
  5127.933      58.0   0.99900    -0.723      0.00      0.00      0.00           
  5127.933      58.0   0.99800    -0.720      0.00      0.00      0.00           
  5127.935      24.0   5.27000    -3.550      0.00      0.00      0.00           
  5127.948      58.1   3.46300    -2.970      0.00      0.00      0.00           
  5127.955      24.1   8.71800    -4.889     -7.51      0.00      0.00           
  5127.958      27.1   9.06900    -3.407     -7.73      0.00      0.00           
  5127.960      23.1   1.55500   -12.684     -8.03      0.00      0.00           
  5127.960 112.00124   0.59200    -0.319      0.00      0.00      0.00           
  5127.982 112.00126   0.21500    -0.219      0.00      0.00      0.00           
  5128.000      58.1   1.61300    -3.780      0.00      0.00      0.00           
  5128.020      39.1   8.11700    -1.037     -7.27      0.00      0.00           
  5128.024      58.0   0.91100    -0.479      0.00      0.00      0.00           
  5128.024      58.0   0.91000    -0.480      0.00      0.00      0.00           
  5128.034      14.0   5.07800    -2.600      0.00      0.00      0.00           
  5128.034      14.0   5.08200    -2.538     -7.13      0.00      0.00           
  5128.036      58.1   1.79600    -1.710      0.00      0.00      0.00           
  5128.041      20.0   4.76500    -3.830      0.00      0.00      0.00           
  5128.048 114.00128   1.29900    -3.420      0.00      0.00      0.00           
  5128.048 112.00124   0.60700    -0.330      0.00      0.00      0.00           
  5128.051      26.1  10.48000    -2.361     -7.59      0.00      0.00           
  5128.065 114.00128   1.67800    -2.710      0.00      0.00      0.00           
  5128.077 106.00112   1.37600    -3.199      0.00      0.00      0.00           
  5128.080      69.1   3.18600    -0.920      0.00      0.00      0.00           
  5128.080      69.1   3.18400    -0.920      0.00      0.00      0.00           
  5128.082      28.0   3.69600    -2.460      0.00      0.00      0.00           
  5128.083      28.0   3.69900    -1.722     -7.50      0.00      0.00           
  5128.089      24.1  11.22200    -4.837     -7.43      0.00      0.00           
  5128.094 112.00124   0.37500    -0.168      0.00      0.00      0.00           
  5128.111 106.00113   1.57600    -8.249      0.00      0.00      0.00           
  5128.134      23.0   2.12100    -6.240      0.00      0.00      0.00           
  5128.134      23.0   2.12200    -5.185     -7.77      0.00      0.00           
  5128.134      28.1  14.40000    -0.395     -7.29      0.00      0.00           
  5128.135 112.00124   0.37500    -2.635      0.00      0.00      0.00           
  5128.147      24.1   5.48900    -4.630      0.00      0.00      0.00           
  5128.147      24.1   5.49300    -4.510     -7.81      0.00      0.00           
  5128.188 106.00112   1.37600    -7.387      0.00      0.00      0.00           
  5128.216      26.1  11.05000    -5.214     -7.65      0.00      0.00           
  5128.269      26.1   9.77600    -5.538     -7.69      0.00      0.00           
  5128.283 114.00128   1.29900    -3.420      0.00      0.00      0.00           
  5128.293 114.00128   1.67900    -2.710      0.00      0.00      0.00           
  5128.294      69.1   4.53100    -1.880      0.00      0.00      0.00           
  5128.302      25.1   5.98600    -4.760      0.00      0.00      0.00           
  5128.302      25.1   5.99100    -4.922     -7.88      0.00      0.00           
  5128.303 106.00112   1.37600    -3.101      0.00      0.00      0.00           
  5128.324      20.0   5.29500    -5.350      0.00      0.00      0.00           
  5128.337 106.00113   1.75200    -8.670      0.00      0.00      0.00           
  5128.344 106.00113   2.29400    -3.395      0.00      0.00      0.00           
  5128.347      70.1   6.95000    -2.690      0.00      0.00      0.00           
  5128.362      28.1  14.66100    -5.821     -7.11      0.00      0.00           
  5128.423      24.1   8.35100    -4.995     -7.73      0.00      0.00           
  5128.435 106.00113   1.75200    -8.278      0.00      0.00      0.00           
  5128.442      80.1  13.15300    -0.220      0.00      0.00      0.00           
  5128.446      42.0   4.05000    -1.080      0.00      0.00      0.00           
  5128.446      42.0   4.05300    -1.078      0.00      0.00      0.00           
  5128.463      39.0   2.35300    -0.612     -7.51      0.00      0.00           
  5128.464      26.1  13.46200     0.385     -7.59      0.00      0.00           
  5128.473 112.00124   0.21600    -0.181      0.00      0.00      0.00           
  5128.486      25.1  11.04200    -5.678     -7.42      0.00      0.00           
  5128.486      25.1  11.04200    -6.413     -7.42      0.00      0.00           
  5128.486      25.1  11.04200    -7.656     -7.42      0.00      0.00           
  5128.494      26.1  10.85800    -5.562      0.00      0.00      0.00           
  5128.494      23.0   2.28600    -0.270     -7.56      0.00      0.00           
  5128.508      23.0   2.28400     0.060      0.00      0.00      0.00           
  5128.510      72.1   2.15400    -1.590      0.00      0.00      0.00           
  5128.510      72.1   2.15600    -1.590      0.00      0.00      0.00           
  5128.541      70.1   5.63300    -1.110      0.00      0.00      0.00           
  5128.549 112.00124   0.18600    -1.484      0.00      0.00      0.00           
  5128.549 112.00125   0.21600    -0.181      0.00      0.00      0.00           
  5128.549      24.1  10.88200    -6.813     -7.50      0.00      0.00           
  5128.552      58.1   1.09200    -2.940      0.00      0.00      0.00           
  5128.560 106.00113   2.29400    -3.446      0.00      0.00      0.00           
  5128.562      23.0   0.26700   -15.113     -7.82      0.00      0.00           
  5128.562      70.1   7.70700    -1.560      0.00      0.00      0.00           
  5128.563 106.00113   2.22700    -7.160      0.00      0.00      0.00           
  5128.574 112.00124   0.60700    -2.038      0.00      0.00      0.00           
  5128.581      26.1  13.03400    -1.719     -7.22      0.00      0.00           
  5128.585      26.1  11.65300    -6.990     -7.31      0.00      0.00           
  5128.591      25.1  11.04200    -9.586     -7.42      0.00      0.00           
  5128.607      26.1  13.03800    -0.936     -7.52      0.00      0.00           
  5128.618 112.00124   0.62300    -0.293      0.00      0.00      0.00           
  5128.619 106.00113   2.29400    -5.741      0.00      0.00      0.00           
  5128.619 112.00126   0.21500    -0.181      0.00      0.00      0.00           
  5128.645      26.1   8.03800    -6.669     -7.75      0.00      0.00           
  5128.646 112.00124   0.60700    -0.283      0.00      0.00      0.00           
  5128.672      27.1  11.78300    -8.281     -7.66      0.00      0.00           
  5128.688      26.1  13.05500    -0.778     -7.59      0.00      0.00           
  5128.699 106.00112   2.06000    -6.260      0.00      0.00      0.00           
  5128.748      58.1   2.00000    -1.270      0.00      0.00      0.00           
  5128.749      26.1  13.43900     0.057     -7.59      0.00      0.00           
  5128.763      26.1  10.34800    -1.118     -7.59      0.00      0.00           
  5128.766 106.00113   1.75200   -13.005      0.00      0.00      0.00           
  5128.775      20.0   5.29600    -5.090      0.00      0.00      0.00           
  5128.854 112.00124   0.37500    -2.623      0.00      0.00      0.00           
  5128.863 106.00113   1.53400    -9.455      0.00      0.00      0.00           
  5128.889 106.00112   1.44300    -5.840      0.00      0.00      0.00           
  5128.894 112.00124   0.37500    -0.095      0.00      0.00      0.00           
  5128.926      23.0   3.31500    -1.849     -7.30      0.00      0.00           
  5128.961      27.1  12.01300    -3.860     -7.62      0.00      0.00           
  5128.987 106.00112   1.03400    -3.584      0.00      0.00      0.00           
  5128.997      16.0   7.86800    -5.713     -6.38      0.00      0.00           
  5128.997      16.0   7.86800    -5.056     -6.38      0.00      0.00           
  5128.997      16.0   7.86800    -6.841     -6.38      0.00      0.00           
  5129.018 106.00112   1.03400    -7.782      0.00      0.00      0.00           
  5129.041 112.00124   0.64100    -0.259      0.00      0.00      0.00           
  5129.050 106.00113   2.32700   -10.270      0.00      0.00      0.00           
  5129.053      27.1  10.67900    -3.818     -7.73      0.00      0.00           
  5129.079 112.00124   0.62300    -2.077      0.00      0.00      0.00           
  5129.087 112.00124   0.36700    -0.254      0.00      0.00      0.00           
  5129.090      63.0   1.66800    -0.030      0.00      0.00      0.00           
  5129.091      63.0   1.66700     0.010      0.00      0.00      0.00           
  5129.122 112.00124   0.36700    -2.582      0.00      0.00      0.00           
  5129.155 112.00124   0.62300    -0.250      0.00      0.00      0.00           
  5129.156      22.1   1.89200    -1.340     -7.82      0.00      0.00           
  5129.156      22.1   1.89000    -1.340      0.00      0.00      0.00           
  5129.165      24.1   7.77400    -9.359     -7.88      0.00      0.00           
  5129.176      24.1   8.72800    -3.433     -7.51      0.00      0.00           
  5129.188 114.00128   1.31900    -2.879      0.00      0.00      0.00           
  5129.202      27.1  11.24200     1.116     -7.57      0.00      0.00           
  5129.210      69.0   2.44900    -1.980      0.00      0.00      0.00           
  5129.247      26.1  13.43600    -0.320     -7.59      0.00      0.00           
  5129.268      26.1  12.88700    -3.854     -7.51      0.00      0.00           
  5129.268      44.0   0.81100    -3.870      0.00      0.00      0.00           
  5129.276      26.1  12.88800    -3.654     -7.51      0.00      0.00           
  5129.298      58.1   2.31900    -3.800      0.00      0.00      0.00           
  5129.304 112.00124   0.11000     0.049      0.00      0.00      0.00           
  5129.306 106.00113   1.90300    -3.797      0.00      0.00      0.00           
  5129.327      58.1   3.91300    -2.130      0.00      0.00      0.00           
  5129.344      69.1   4.26500    -3.100      0.00      0.00      0.00           
  5129.370      28.0   3.67600    -0.630      0.00      0.00      0.00           
  5129.371      28.0   3.67900    -0.630     -7.23      0.00      0.00           
  5129.373      25.0   4.79100    -3.340      0.00      0.00      0.00           
  5129.387 112.00124   0.11000    -1.975      0.00      0.00      0.00           
  5129.391      25.0   4.79400    -7.377     -7.77      0.00      0.00           
  5129.395 106.00113   2.05300    -6.315      0.00      0.00      0.00           
  5129.397 112.00124   0.65900    -0.229      0.00      0.00      0.00           
  5129.398 112.00125   0.11000     0.049      0.00      0.00      0.00           
  5129.399 114.00128   1.31900    -2.879      0.00      0.00      0.00           
  5129.410      25.1   3.42000   -14.043     -7.93      0.00      0.00           
  5129.410      25.1   3.42000   -10.610     -7.93      0.00      0.00           
  5129.425 112.00124   0.64100    -2.113      0.00      0.00      0.00           
  5129.453   59.1141   0.64800    -3.721      0.00      0.00      0.00           
  5129.460   59.1141   0.64800    -3.403      0.00      0.00      0.00           
  5129.467   59.1141   0.64800    -3.331      0.00      0.00      0.00           
  5129.474   59.1141   0.64800    -3.499      0.00      0.00      0.00           
  5129.485 112.00126   0.10900     0.049      0.00      0.00      0.00           
  5129.489 106.00113   1.90300    -5.965      0.00      0.00      0.00           
  5129.499      25.1   7.75700    -3.557     -7.89      0.00      0.00           
  5129.501   59.1141   0.64800    -2.077      0.00      0.00      0.00           
  5129.501   59.1141   0.64800    -1.882      0.00      0.00      0.00           
  5129.502   59.1141   0.64800    -1.837      0.00      0.00      0.00           
  5129.503   59.1141   0.64800    -1.889      0.00      0.00      0.00           
  5129.503   59.1141   0.64800    -2.084      0.00      0.00      0.00           
  5129.507 112.00124   0.64100    -0.221      0.00      0.00      0.00           
  5129.508 106.00112   1.03400    -3.520      0.00      0.00      0.00           
  5129.526   59.1141   0.64800    -1.175      0.00      0.00      0.00           
  5129.528      24.0   4.44300    -2.560      0.00      0.00      0.00           
  5129.532   59.1141   0.64800    -1.093      0.00      0.00      0.00           
  5129.536      59.1   0.64800    -0.134      0.00      0.00      0.00           
  5129.537   59.1141   0.64800    -1.009      0.00      0.00      0.00           
  5129.543   59.1141   0.64800    -0.926      0.00      0.00      0.00           
  5129.549   59.1141   0.64800    -0.847      0.00      0.00      0.00           
  5129.554      70.1   6.25700    -0.990      0.00      0.00      0.00           
  5129.554   59.1141   0.64800    -0.771      0.00      0.00      0.00           
  5129.573      21.1   8.39900    -2.031     -7.31      0.00      0.00           
  5129.575      24.0   0.96800    -7.232     -7.79      0.00      0.00           
  5129.575      24.0   0.96800    -4.500      0.00      0.00      0.00           
  5129.608 106.00113   1.90300    -3.813      0.00      0.00      0.00           
  5129.611      26.1  13.46200    -0.803     -7.59      0.00      0.00           
  5129.618      23.0   3.29900    -2.155     -7.30      0.00      0.00           
  5129.631      26.0   3.94300    -1.670      0.00      0.00      0.00           
  5129.631      26.0   3.94300    -1.670     -7.28      0.00      0.00           
  5129.659 112.00124   0.65900    -2.147      0.00      0.00      0.00           
  5129.676      24.1   3.73900    -6.568     -7.89      0.00      0.00           
  5129.676      24.1   3.73600    -7.030      0.00      0.00      0.00           
  5129.689      26.1  13.43900     0.020     -7.59      0.00      0.00           
  5129.727 106.00112   1.59800   -10.983      0.00      0.00      0.00           
  5129.744      26.1   8.14500    -2.802     -7.54      0.00      0.00           
  5129.745 112.00124   0.65900    -0.193      0.00      0.00      0.00           
  5129.795      58.1   1.40600    -2.410      0.00      0.00      0.00           
  5129.795 112.00124   0.11000     0.076      0.00      0.00      0.00           
  5129.797      21.0   2.60600    -4.290      0.00      0.00      0.00           
  5129.797 106.00112   1.59800    -8.247      0.00      0.00      0.00           
  5129.797      21.0   2.60800    -5.065     -7.49      0.00      0.00           
  5129.840      66.1   2.41000     0.000      0.00      0.00      0.00           
  5129.840      66.1   2.41200    -0.780      0.00      0.00      0.00           
  5129.872 112.00124   0.36000    -0.364      0.00      0.00      0.00           
  5129.891 112.00125   0.11000     0.076      0.00      0.00      0.00           
  5129.897      26.1  11.74000    -4.029     -7.36      0.00      0.00           
  5129.900 112.00124   0.36000    -2.530      0.00      0.00      0.00           
  5129.902      24.1  11.23400    -6.496     -7.42      0.00      0.00           
  5129.915 112.00124   0.41100     0.581      0.00      0.00      0.00           
  5129.918      28.1  12.31700    -3.543     -7.59      0.00      0.00           
  5129.941 106.00113   1.32900    -3.039      0.00      0.00      0.00           
  5129.952      69.1   4.57100    -3.900      0.00      0.00      0.00           
  5129.966 114.00128   1.31900    -3.439      0.00      0.00      0.00           
  5129.972      27.1  11.47100     0.267     -7.57      0.00      0.00           
  5129.977 112.00124   0.36700    -2.562      0.00      0.00      0.00           
  5129.978 112.00126   0.10900     0.076      0.00      0.00      0.00           
  5129.995 106.00112   2.39900    -2.914      0.00      0.00      0.00           
  5129.997      28.1  14.37700    -1.784     -7.57      0.00      0.00           
  5130.002      25.0   5.40100    -2.780      0.00      0.00      0.00           
  5130.009 112.00125   0.41000     0.581      0.00      0.00      0.00           
  5130.011 112.00124   0.36700    -0.166      0.00      0.00      0.00           
  5130.013      26.1   7.70600    -5.368     -7.90      0.00      0.00           
  5130.026      26.1  12.86600     0.265     -7.59      0.00      0.00           
  5130.046 106.00112   2.39900    -5.226      0.00      0.00      0.00           
  5130.047      28.1  14.33400    -2.349     -7.18      0.00      0.00           
  5130.049      24.0   5.61800    -1.710      0.00      0.00      0.00           
  5130.051 112.00124   0.67900    -2.153      0.00      0.00      0.00           
  5130.064 112.00124   0.41100    -3.213      0.00      0.00      0.00           
  5130.068      39.0   2.37400    -1.208     -7.51      0.00      0.00           
  5130.083      58.1   1.14000    -2.960      0.00      0.00      0.00           
  5130.089      63.0   1.97000     0.040      0.00      0.00      0.00           
  5130.089      63.0   1.96900     0.040      0.00      0.00      0.00           
  5130.096 112.00126   0.41000     0.581      0.00      0.00      0.00           
  5130.106 106.00113   1.32900    -7.107      0.00      0.00      0.00           
  5130.112 112.00124   0.67900    -0.270      0.00      0.00      0.00           
  5130.115      74.0   2.96900    -0.630      0.00      0.00      0.00           
  5130.115      74.0   2.97100    -0.630      0.00      0.00      0.00           
  5130.119 106.00112   2.39900    -5.636      0.00      0.00      0.00           
  5130.123 112.00124   0.41100    -3.212      0.00      0.00      0.00           
  5130.126      26.0   4.98800    -7.794     -7.18      0.00      0.00           
  5130.139 112.00124   0.38400     0.365      0.00      0.00      0.00           
  5130.143 112.00124   0.67900    -0.210      0.00      0.00      0.00           
  5130.147      24.1   5.66200    -4.385     -7.87      0.00      0.00           
  5130.147      24.1   5.65800    -4.820      0.00      0.00      0.00           
  5130.159 106.00112   1.59800    -8.342      0.00      0.00      0.00           
  5130.168      26.1  13.43900     0.668     -7.59      0.00      0.00           
  5130.170 106.00112   2.39900    -2.963      0.00      0.00      0.00           
  5130.173      26.1  11.58000    -4.636     -7.44      0.00      0.00           
  5130.178 114.00128   1.31900    -3.439      0.00      0.00      0.00           
  5130.202 106.00113   1.32900    -3.003      0.00      0.00      0.00           
  5130.210 112.00125   0.38300     0.365      0.00      0.00      0.00           
  5130.215      26.1  12.89100    -1.359     -7.59      0.00      0.00           
  5130.224      26.1  13.03800    -0.890     -7.58      0.00      0.00           
  5130.228 106.00112   1.59800   -11.207      0.00      0.00      0.00           
  5130.234      24.0   5.60300    -3.120      0.00      0.00      0.00           
  5130.247 112.00124   0.38400    -3.045      0.00      0.00      0.00           
  5130.250      26.0   4.98800    -7.560     -7.18      0.00      0.00           
  5130.250      26.0   4.98800    -5.961     -7.18      0.00      0.00           
  5130.260      26.1  10.27300    -6.270     -7.75      0.00      0.00           
  5130.270      23.0   3.27800    -3.424     -7.30      0.00      0.00           
  5130.270      64.1   1.58300    -0.900      0.00      0.00      0.00           
  5130.270      64.1   1.58400    -0.930      0.00      0.00      0.00           
  5130.272 106.00112   2.30000    -3.394      0.00      0.00      0.00           
  5130.272 112.00124   0.41100     0.598      0.00      0.00      0.00           
  5130.275 112.00126   0.38300     0.365      0.00      0.00      0.00           
  5130.281      26.1  12.86600    -0.733     -7.56      0.00      0.00           
  5130.309      26.1  12.85800    -0.512     -7.59      0.00      0.00           
  5130.310      21.0   2.14400    -1.200      0.00      0.00      0.00           
  5130.310 112.00124   0.34700    -1.034      0.00      0.00      0.00           
  5130.310      21.0   2.14600    -1.349     -7.72      0.00      0.00           
  5130.313      26.0   4.96600    -4.347     -7.13      0.00      0.00           
  5130.313      26.0   4.96200    -2.730      0.00      0.00      0.00           
  5130.323 106.00112   2.30000    -3.445      0.00      0.00      0.00           
  5130.346      26.0   4.98800    -7.415     -7.18      0.00      0.00           
  5130.348      26.0   4.98800    -6.802     -7.18      0.00      0.00           
  5130.359      28.0   3.84100    -1.255     -7.56      0.00      0.00           
  5130.359      28.0   3.83800    -1.250      0.00      0.00      0.00           
  5130.367 112.00125   0.41000     0.598      0.00      0.00      0.00           
  5130.389      26.1   3.15300   -10.273     -7.94      0.00      0.00           
  5130.397      28.1  14.66100    -6.967     -7.12      0.00      0.00           
  5130.405 106.00112   2.30000    -5.741      0.00      0.00      0.00           
  5130.418 112.00124   0.35500    -0.517      0.00      0.00      0.00           
  5130.424      24.0   3.43200    -1.260      0.00      0.00      0.00           
  5130.424      24.0   3.43500    -1.051     -7.78      0.00      0.00           
  5130.425 112.00124   0.38400    -3.044      0.00      0.00      0.00           
  5130.434      28.1  12.61600    -2.051     -7.50      0.00      0.00           
  5130.440 112.00124   0.35500    -2.495      0.00      0.00      0.00           
  5130.453 112.00126   0.41000     0.598      0.00      0.00      0.00           
  5130.459      26.1  13.00800    -0.165     -7.57      0.00      0.00           
  5130.464      26.0   4.98800    -7.316     -7.18      0.00      0.00           
  5130.506      25.0   4.19400    -3.782     -7.26      0.00      0.00           
  5130.529      23.0   2.61400    -1.590      0.00      0.00      0.00           
  5130.529      23.0   2.61600    -1.457     -7.74      0.00      0.00           
  5130.534 112.00124   0.38400     0.390      0.00      0.00      0.00           
  5130.558      25.0   4.19100    -3.790      0.00      0.00      0.00           
  5130.583      29.1  14.65100    -1.006     -7.73      0.00      0.00           
  5130.589      70.1   7.16600    -1.680      0.00      0.00      0.00           
  5130.590      60.1   1.30300     0.450      0.00      0.00      0.00           
  5130.590      60.1   1.30400     0.450      0.00      0.00      0.00           
  5130.605 112.00125   0.38300     0.390      0.00      0.00      0.00           
  5130.616      26.1  11.05100    -5.561     -7.70      0.00      0.00           
  5130.621      26.1  13.00800     0.260     -7.43      0.00      0.00           
  5130.623      26.0   3.88400    -4.677     -7.54      0.00      0.00           
  5130.658      24.1  10.32100    -5.360     -7.66      0.00      0.00           
  5130.666 112.00124   0.35100    -0.775      0.00      0.00      0.00           
  5130.672 112.00126   0.38300     0.390      0.00      0.00      0.00           
  5130.679      28.1  14.40300    -2.836     -7.63      0.00      0.00           
  5130.682 112.00124   0.35100    -2.543      0.00      0.00      0.00           
  5130.686      33.0   6.55400     0.500      0.00      0.00      0.00           
  5130.686      33.0   6.55900     0.500      0.00      0.00      0.00           
  5130.694      26.1  13.46200    -0.169     -7.59      0.00      0.00           
  5130.708      25.1   3.42100   -14.078     -7.93      0.00      0.00           
  5130.708      25.1   3.42100   -11.303     -7.93      0.00      0.00           
  5130.739      28.1  14.40000    -3.100     -7.27      0.00      0.00           
  5130.756      27.0   4.47500    -2.672     -7.54      0.00      0.00           
  5130.761      26.1  12.88800    -5.158     -7.51      0.00      0.00           
  5130.763      45.0   1.78200    -2.160      0.00      0.00      0.00           
  5130.763      45.0   1.78300    -2.160      0.00      0.00      0.00           
  5130.766      27.0   4.47100    -4.130      0.00      0.00      0.00           
  5130.768      69.1   4.17400    -1.780      0.00      0.00      0.00           
  5130.805      25.1   4.49800   -14.218     -7.93      0.00      0.00           
  5130.805      25.1   4.49800   -13.924     -7.93      0.00      0.00           
  5130.817      26.1  12.88800    -7.317     -7.51      0.00      0.00           
  5130.852      39.1   7.60500    -3.745     -7.37      0.00      0.00           
  5130.882 106.00113   1.69800    -6.514      0.00      0.00      0.00           
  5130.892      24.1  10.65500    -5.248     -7.71      0.00      0.00           
  5130.897      23.0   3.28600    -2.582     -7.30      0.00      0.00           
  5130.900      24.1   4.07100   -11.239     -8.02      0.00      0.00           
  5130.900      24.1   4.07100   -10.953     -8.02      0.00      0.00           
  5130.902      28.1  14.41500    -0.332     -7.56      0.00      0.00           
  5130.909      26.0   4.31300    -2.818     -7.51      0.00      0.00           
  5130.910      26.0   4.30900    -3.130      0.00      0.00      0.00           
  5130.913      69.1   4.26600    -2.080      0.00      0.00      0.00           
  5130.913      25.1   3.42100   -13.856     -7.93      0.00      0.00           
  5130.913      25.1   3.42100   -12.015     -7.93      0.00      0.00           
  5130.942      24.1  10.90000    -5.203     -7.62      0.00      0.00           
  5130.944      28.1  12.32900    -1.479     -7.58      0.00      0.00           
  5130.945 112.00124   0.36000    -2.494      0.00      0.00      0.00           
  5130.949      58.1   4.32200    -3.820      0.00      0.00      0.00           
  5130.961 112.00124   0.96400    -2.483      0.00      0.00      0.00           
  5130.965 112.00124   0.96400     0.141      0.00      0.00      0.00           
  5130.973 112.00124   0.36000    -0.250      0.00      0.00      0.00           
  5131.003      27.0   4.10700    -1.960      0.00      0.00      0.00           
  5131.005      70.1   5.34100    -1.880      0.00      0.00      0.00           
  5131.006      27.0   4.11000    -2.006     -7.51      0.00      0.00           
  5131.042      23.0   3.87400    -3.480      0.00      0.00      0.00           
  5131.042      23.0   3.87700    -4.218     -7.36      0.00      0.00           
  5131.052      26.1  11.66400    -6.928     -7.35      0.00      0.00           
  5131.063      28.1  14.40000    -2.437     -7.27      0.00      0.00           
  5131.072      90.1   1.88800    -1.150      0.00      0.00      0.00           
  5131.080      26.1  12.75000    -7.566     -7.48      0.00      0.00           
  5131.116 112.00124   0.96400     0.157      0.00      0.00      0.00           
  5131.140       8.0  10.98900    -2.831      0.00      0.00      0.00           
  5131.140       8.0  10.98900    -3.307      0.00      0.00      0.00           
  5131.146      22.1   7.76100    -4.559     -7.57      0.00      0.00           
  5131.191      58.1   0.00000    -2.470      0.00      0.00      0.00           
  5131.200      26.1   7.48900    -2.707     -7.41      0.00      0.00           
  5131.210      26.1   7.48300    -2.670      0.00      0.00      0.00           
  5131.214 112.00124   1.19700     0.451      0.00      0.00      0.00           
  5131.217 106.00113   2.10200   -10.095      0.00      0.00      0.00           
  5131.290       8.0  10.98900    -2.559      0.00      0.00      0.00           
  5131.301      22.1   1.89300    -3.031     -7.82      0.00      0.00           
  5131.308      22.1   1.89100    -3.020      0.00      0.00      0.00           
  5131.308      27.0   4.06100    -1.970      0.00      0.00      0.00           
  5131.340      27.0   4.06400    -2.216     -7.50      0.00      0.00           
  5131.391 106.00113   2.15900    -8.089      0.00      0.00      0.00           
  5131.420      59.1   0.42200    -1.640      0.00      0.00      0.00           
  5131.420 112.00124   1.19700    -2.552      0.00      0.00      0.00           
  5131.466      26.0   3.26700    -6.448     -7.81      0.00      0.00           
  5131.466      26.0   3.26500    -4.450      0.00      0.00      0.00           
  5131.468      26.0   2.22300    -2.515     -7.59      0.00      0.00           
  5131.468      26.0   2.22100    -2.560      0.00      0.00      0.00           
  5131.490      24.0   5.61900    -2.540      0.00      0.00      0.00           
  5131.506       6.0   8.64000    -3.612     -6.75      0.00      0.00           
  5131.508       6.0   8.63400    -3.960      0.00      0.00      0.00           
  5131.509      24.0   4.44400    -3.050      0.00      0.00      0.00           
  5131.528      68.0   0.95400    -0.340      0.00      0.00      0.00           
  5131.528      68.0   0.95400    -0.344      0.00      0.00      0.00           
  5131.531 112.00124   0.52700    -1.901      0.00      0.00      0.00           
  5131.599 114.00128   1.34000    -2.845      0.00      0.00      0.00           
  5131.615 112.00124   1.19800     0.461      0.00      0.00      0.00           
  5131.648      26.0   5.02900    -3.240      0.00      0.00      0.00           
  5131.659 114.00128   1.76800    -2.792      0.00      0.00      0.00           
  5131.693 114.00128   1.76800    -2.792      0.00      0.00      0.00           
  5131.711      23.0   1.80200    -3.270      0.00      0.00      0.00           
  5131.711      23.0   1.80400    -3.274     -7.78      0.00      0.00           
  5131.766      58.1   0.00000    -3.070      0.00      0.00      0.00           
  5131.766      28.0   3.69600    -1.350      0.00      0.00      0.00           
  5131.768      28.0   3.69900    -0.744     -7.50      0.00      0.00           
  5131.769 112.00124   0.35500    -2.421      0.00      0.00      0.00           
  5131.783 114.00128   1.34000    -2.845      0.00      0.00      0.00           
  5131.791 112.00124   0.35500    -0.356      0.00      0.00      0.00           
  5131.808      74.1   2.53400    -1.350      0.00      0.00      0.00           
  5131.819      22.0   3.17300    -3.200      0.00      0.00      0.00           
  5131.819      22.0   3.17600    -1.920     -7.52      0.00      0.00           
  5131.862      20.0   5.29500    -5.180      0.00      0.00      0.00           
  5131.896 106.00113   2.05400    -6.260      0.00      0.00      0.00           
  5131.903       6.0   8.63400    -4.530      0.00      0.00      0.00           
  5131.917 106.00112   1.44300    -4.909      0.00      0.00      0.00           
  5131.989      15.0   7.20700    -2.500      0.00      0.00      0.00           
  5132.087      22.0   1.88600    -3.020      0.00      0.00      0.00           
  5132.087      22.0   1.88700    -3.131     -7.74      0.00      0.00           
  5132.135 112.00124   0.20600    -0.273      0.00      0.00      0.00           
  5132.148      23.1   2.54200    -2.650      0.00      0.00      0.00           
  5132.148      23.1   2.54400    -2.842     -7.85      0.00      0.00           
  5132.177 112.00124   0.20600    -1.759      0.00      0.00      0.00           
  5132.201 112.00125   0.20600    -0.273      0.00      0.00      0.00           
  5132.202 106.00112   1.70400    -6.514      0.00      0.00      0.00           
  5132.212      62.0   1.54200     0.060      0.00      0.00      0.00           
  5132.212      62.0   1.54300     0.060      0.00      0.00      0.00           
  5132.228 106.00112   2.30000    -7.602      0.00      0.00      0.00           
  5132.262 112.00126   0.20600    -0.273      0.00      0.00      0.00           
  5132.291 106.00112   1.54700    -9.010      0.00      0.00      0.00           
  5132.293      60.1   0.55900    -1.555      0.00      0.00      0.00           
  5132.306      60.1   0.55900    -1.379      0.00      0.00      0.00           
  5132.308      60.1   0.55900    -1.328      0.00      0.00      0.00           
  5132.313      20.0   5.29600    -5.590      0.00      0.00      0.00           
  5132.318      60.1   0.55900    -0.710      0.00      0.00      0.00           
  5132.320      60.1   0.55900    -1.312      0.00      0.00      0.00           
  5132.322      60.1   0.55900    -1.583      0.00      0.00      0.00           
  5132.324      60.1   0.55900    -0.710      0.00      0.00      0.00           
  5132.328      60.1   0.55900    -0.710      0.00      0.00      0.00           
  5132.328      60.1   0.55900    -0.710      0.00      0.00      0.00           
  5132.328      60.1   0.55900    -0.710      0.00      0.00      0.00           
  5132.330      60.1   0.55900    -0.710      0.00      0.00      0.00           
  5132.333      60.1   0.55900    -1.203      0.00      0.00      0.00           
  5132.333      60.1   0.55900    -1.529      0.00      0.00      0.00           
  5132.345      60.1   0.55900    -1.480      0.00      0.00      0.00           
  5132.347      60.1   0.55900    -1.437      0.00      0.00      0.00           
  5132.359      60.1   0.55900    -1.437      0.00      0.00      0.00           
  5132.414 114.00128   1.34000    -3.460      0.00      0.00      0.00           
  5132.440      24.0   4.10600    -2.991     -7.80      0.00      0.00           
  5132.440      24.0   4.10200    -3.650      0.00      0.00      0.00           
  5132.477 112.00124   0.35100    -2.348      0.00      0.00      0.00           
  5132.477 106.00113   2.45200    -3.447      0.00      0.00      0.00           
  5132.493 112.00124   0.35100    -0.500      0.00      0.00      0.00           
  5132.598 114.00128   1.34000    -3.460      0.00      0.00      0.00           
  5132.661      26.1   2.80700    -4.094     -7.89      0.00      0.00           
  5132.669      26.1   2.80700    -4.080      0.00      0.00      0.00           
  5132.755      22.0   2.24800    -1.980      0.00      0.00      0.00           
  5132.755      22.0   2.25000    -1.357     -7.69      0.00      0.00           
  5132.768      26.0   5.02000    -3.005     -7.11      0.00      0.00           
  5132.768      26.0   5.01600    -1.460      0.00      0.00      0.00           
  5132.823 112.00124   0.20600    -0.232      0.00      0.00      0.00           
  5132.892 112.00125   0.20600    -0.232      0.00      0.00      0.00           
  5132.929      22.0   2.24800    -1.170      0.00      0.00      0.00           
  5132.929      22.0   2.24900    -1.170     -7.68      0.00      0.00           
  5132.940 112.00124   0.92800     0.132      0.00      0.00      0.00           
  5132.956 112.00126   0.20600    -0.232      0.00      0.00      0.00           
  5132.958      22.0   2.50400    -3.060      0.00      0.00      0.00           
  5132.958      22.0   2.50600    -3.802     -7.62      0.00      0.00           
  5132.963 106.00113   2.45200    -3.651      0.00      0.00      0.00           
  5133.039      21.0   2.61200    -1.590      0.00      0.00      0.00           
  5133.039      21.0   2.61400    -2.172     -7.56      0.00      0.00           
  5133.060      58.1   1.96200    -1.450      0.00      0.00      0.00           
  5133.080 106.00113   2.29600    -3.395      0.00      0.00      0.00           
  5133.092 112.00124   0.03000    -1.648      0.00      0.00      0.00           
  5133.128 112.00124   0.34800    -2.321      0.00      0.00      0.00           
  5133.137 112.00124   0.34800    -0.716      0.00      0.00      0.00           
  5133.140      24.0   3.08700    -4.138     -7.80      0.00      0.00           
  5133.140      24.0   3.08500    -5.030      0.00      0.00      0.00           
  5133.155 106.00113   1.69900    -6.463      0.00      0.00      0.00           
  5133.165 112.00124   0.36100     0.340      0.00      0.00      0.00           
  5133.174 112.00124   0.92800    -2.463      0.00      0.00      0.00           
  5133.179 114.00128   1.56600    -2.603      0.00      0.00      0.00           
  5133.216      26.0   3.60300    -5.187     -7.54      0.00      0.00           
  5133.216      26.0   3.60000    -6.620      0.00      0.00      0.00           
  5133.231 112.00125   0.36100     0.340      0.00      0.00      0.00           
  5133.268 112.00124   0.36100    -3.018      0.00      0.00      0.00           
  5133.274 114.00128   1.32600    -3.097      0.00      0.00      0.00           
  5133.288       6.0   8.64000    -3.409     -6.75      0.00      0.00           
  5133.290 114.00128   1.56600    -2.603      0.00      0.00      0.00           
  5133.290       6.0   8.63400    -3.890      0.00      0.00      0.00           
  5133.290 106.00113   2.29600    -5.698      0.00      0.00      0.00           
  5133.292 112.00126   0.36100     0.340      0.00      0.00      0.00           
  5133.293 106.00113   1.08800    -6.577      0.00      0.00      0.00           
  5133.309 114.00128   1.32600    -3.097      0.00      0.00      0.00           
  5133.326 112.00124   0.92800     0.148      0.00      0.00      0.00           
  5133.329      41.0   0.65600    -2.050      0.00      0.00      0.00           
  5133.329      41.0   0.65700    -2.050      0.00      0.00      0.00           
  5133.335 106.00113   1.53600   -10.149      0.00      0.00      0.00           
  5133.368      27.0   3.27700    -5.250      0.00      0.00      0.00           
  5133.395      40.0   0.51900    -1.780      0.00      0.00      0.00           
  5133.400 106.00113   2.29600    -3.446      0.00      0.00      0.00           
  5133.400      40.0   0.51900    -1.780      0.00      0.00      0.00           
  5133.421 106.00113   1.53600    -8.981      0.00      0.00      0.00           
  5133.424      59.0   0.00000     0.250      0.00      0.00      0.00           
  5133.424      59.0   0.00000     0.250      0.00      0.00      0.00           
  5133.465      27.0   3.93000     0.254     -7.51      0.00      0.00           
  5133.465 112.00124   0.36100    -3.018      0.00      0.00      0.00           
  5133.466      27.0   3.92700     0.030      0.00      0.00      0.00           
  5133.480      63.0   1.60200     0.100      0.00      0.00      0.00           
  5133.482      63.0   1.60100     0.050      0.00      0.00      0.00           
  5133.492 106.00112   1.54700    -8.743      0.00      0.00      0.00           
  5133.530 106.00112   1.54700   -10.567      0.00      0.00      0.00           
  5133.569 112.00124   0.36100     0.367      0.00      0.00      0.00           
  5133.605 114.00128   1.29600    -3.166      0.00      0.00      0.00           
  5133.624      23.0   3.29900    -1.455     -7.30      0.00      0.00           
  5133.629      22.1   2.59600    -3.960      0.00      0.00      0.00           
  5133.632      22.1   2.59800    -4.088     -7.86      0.00      0.00           
  5133.636 112.00125   0.36100     0.367      0.00      0.00      0.00           
  5133.648 106.00113   2.45200    -5.422      0.00      0.00      0.00           
  5133.688      26.0   4.17800     0.360     -7.23      0.00      0.00           
  5133.689      26.0   4.17500     0.360      0.00      0.00      0.00           
  5133.698 112.00126   0.36100     0.367      0.00      0.00      0.00           
  5133.800      58.1   2.00300    -1.610      0.00      0.00      0.00           
  5133.830 106.00113   1.16900    -2.985      0.00      0.00      0.00           
  5133.833      68.1   1.76900    -0.360      0.00      0.00      0.00           
  5133.833      68.1   1.77100    -0.360      0.00      0.00      0.00           
  5133.869 112.00124   0.34700    -1.103      0.00      0.00      0.00           
  5133.897      20.0   5.31700    -5.850      0.00      0.00      0.00           
  5133.898      44.0   1.69800    -1.490      0.00      0.00      0.00           
  5133.898 106.00113   1.16900    -6.104      0.00      0.00      0.00           
  5133.898      44.0   1.69700    -1.530      0.00      0.00      0.00           
  5133.959       6.0   8.63400    -4.250      0.00      0.00      0.00           
  5134.005 106.00113   1.16900    -6.169      0.00      0.00      0.00           
  5134.033      71.0   2.15900    -0.120      0.00      0.00      0.00           
  5134.035      28.1  14.51600    -3.116     -7.27      0.00      0.00           
  5134.046      28.1  14.40000    -3.452     -7.28      0.00      0.00           
  5134.071 606.01212   0.13100    -2.746      0.00      0.00      0.00           
  5134.073 106.00113   1.16900    -2.917      0.00      0.00      0.00           
  5134.073      26.1  13.00800     0.294     -7.43      0.00      0.00           
  5134.076 606.01212   0.76000    -4.004      0.00      0.00      0.00           
  5134.077 112.00124   0.82900    -3.679      0.00      0.00      0.00           
  5134.077 112.00124   0.82900    -3.667      0.00      0.00      0.00           
  5134.082      26.1  11.23200    -4.944     -7.64      0.00      0.00           
  5134.097      24.0   0.96100   -11.613     -7.79      0.00      0.00           
  5134.126 606.01212   0.22800    -3.934      0.00      0.00      0.00           
  5134.166 606.01212   0.48900    -3.196      0.00      0.00      0.00           
  5134.168 114.00128   1.29600    -3.166      0.00      0.00      0.00           
  5134.173      58.1   4.36700    -2.670      0.00      0.00      0.00           
  5134.194 106.00113   1.17200    -4.847      0.00      0.00      0.00           
  5134.200      26.1  13.03800     0.394     -7.59      0.00      0.00           
  5134.200 112.00124   0.37900     0.466      0.00      0.00      0.00           
  5134.202      28.1  14.51600    -3.302     -7.27      0.00      0.00           
  5134.208 112.00124   0.37900     0.563      0.00      0.00      0.00           
  5134.209      23.0   1.21800    -3.880     -7.74      0.00      0.00           
  5134.260 114.00128   1.73800    -2.459      0.00      0.00      0.00           
  5134.230      26.1  11.18500    -5.141     -7.72      0.00      0.00           
  5134.246      24.1   8.49000    -7.397     -7.72      0.00      0.00           
  5134.280      69.0   2.44900    -1.380      0.00      0.00      0.00           
  5134.286      28.1  12.32900     0.319     -7.58      0.00      0.00           
  5134.295 112.00125   0.37900     0.563      0.00      0.00      0.00           
  5134.309 606.01212   0.13000    -0.264      0.00      0.00      0.00           
  5134.319     607.0   0.11800    -5.070      0.00      0.00      0.00           
  5134.320 606.01212   0.48900    -6.230      0.00      0.00      0.00           
  5134.331      28.1  12.37900    -2.997     -7.49      0.00      0.00           
  5134.334 112.00124   0.38000    -3.084      0.00      0.00      0.00           
  5134.338 606.01212   0.22800    -2.665      0.00      0.00      0.00           
  5134.353 112.00124   0.37900    -3.193      0.00      0.00      0.00           
  5134.358      26.1   7.27400    -4.330     -7.87      0.00      0.00           
  5134.375 606.01212   0.76000    -7.237      0.00      0.00      0.00           
  5134.376 112.00126   0.37800     0.563      0.00      0.00      0.00           
  5134.386 106.00113   1.17200    -4.783      0.00      0.00      0.00           
  5134.391      24.1  12.63000    -5.605     -7.25      0.00      0.00           
  5134.385      26.1   7.26800    -4.110      0.00      0.00      0.00           
  5134.394     822.0   0.71100     0.398      0.00      0.00      0.00           
  5134.404      22.0   3.56700    -6.239     -7.33      0.00      0.00           
  5134.405     822.0   1.06400     0.844      0.00      0.00      0.00           
  5134.419      29.1  14.69600    -5.007     -7.58      0.00      0.00           
  5134.422 112.00124   0.37900    -3.193      0.00      0.00      0.00           
  5134.423      24.1  12.63000    -6.001     -7.25      0.00      0.00           
  5134.424 112.00124   0.37900    -3.070      0.00      0.00      0.00           
  5134.449      58.0   1.16300     0.333      0.00      0.00      0.00           
  5134.463      26.0   4.59300    -7.135     -7.26      0.00      0.00           
  5134.474 606.01212   0.22700    -2.520      0.00      0.00      0.00           
  5134.479 606.01212   0.09300    -4.962      0.00      0.00      0.00           
  5134.480     606.0   1.67200    -6.527      0.00      0.00      0.00           
  5134.481 606.01212   0.13100    -0.290      0.00      0.00      0.00           
  5134.489 106.00112   1.70500    -6.463      0.00      0.00      0.00           
  5134.495 606.01212   0.28800    -6.965      0.00      0.00      0.00           
  5134.497      26.0   4.96200    -4.010      0.00      0.00      0.00           
  5134.515      28.1  12.50300    -1.763     -7.63      0.00      0.00           
  5134.529 106.00113   1.56200    -8.226      0.00      0.00      0.00           
  5134.530 606.01212   2.04600    -5.685      0.00      0.00      0.00           
  5134.558 112.00124   0.38000     0.485      0.00      0.00      0.00           
  5134.558      27.0   3.92700    -2.560      0.00      0.00      0.00           
  5134.561      27.0   3.93000    -2.426     -7.51      0.00      0.00           
  5134.560 606.01212   2.04600    -5.565      0.00      0.00      0.00           
  5134.566 607.01214   0.00700    -4.572      0.00      0.00      0.00           
  5134.567 112.00124   0.37900     0.582      0.00      0.00      0.00           
  5134.570 112.00124   0.09300     0.016      0.00      0.00      0.00           
  5134.570 112.00124   0.09300    -0.098      0.00      0.00      0.00           
  5134.572 106.00113   2.16100    -8.146      0.00      0.00      0.00           
  5134.576 607.01214   0.00700    -5.055      0.00      0.00      0.00           
  5134.580      26.1  11.66200    -3.131     -7.35      0.00      0.00           
  5134.584      23.0   1.80200    -4.190      0.00      0.00      0.00           
  5134.593      26.1   9.76100    -5.502     -7.69      0.00      0.00           
  5134.609 114.00128   1.36300    -2.813      0.00      0.00      0.00           
  5134.647      26.0   3.98400    -3.544     -7.50      0.00      0.00           
  5134.647 112.00124   0.09300    -1.942      0.00      0.00      0.00           
  5134.647      26.0   3.98100    -3.540      0.00      0.00      0.00           
  5134.654 112.00125   0.37900     0.582      0.00      0.00      0.00           
  5134.656 112.00125   0.09300     0.016      0.00      0.00      0.00           
  5134.684 106.00113   1.56200   -10.674      0.00      0.00      0.00           
  5134.713 607.01214   1.06200    -2.702      0.00      0.00      0.00           
  5134.721      24.1   8.09100    -4.043     -7.66      0.00      0.00           
  5134.734 112.00126   0.37800     0.582      0.00      0.00      0.00           
  5134.736 112.00126   0.09300     0.016      0.00      0.00      0.00           
  5134.737      41.0   0.01900    -1.390      0.00      0.00      0.00           
  5134.750     822.0   0.70600     0.401      0.00      0.00      0.00           
  5134.752 606.01212   0.58300    -7.123      0.00      0.00      0.00           
  5134.763 114.00128   1.36300    -2.813      0.00      0.00      0.00           
  5134.769 606.01212   0.22800    -2.822      0.00      0.00      0.00           
  5134.777 606.01212   2.04600    -8.776      0.00      0.00      0.00           
  5134.795      24.1  10.90000    -4.367     -7.50      0.00      0.00           
  5134.827 607.01214   0.92200    -3.673      0.00      0.00      0.00           
  5134.840 606.01212   0.22800    -3.290      0.00      0.00      0.00           
  5134.877 607.01214   0.92200    -2.946      0.00      0.00      0.00           
  5134.885 607.01214   1.06900    -2.748      0.00      0.00      0.00           
  5134.899      26.1  13.00800    -1.858     -7.46      0.00      0.00           
  5134.903 606.01212   0.12400    -7.326      0.00      0.00      0.00           
  5134.903      21.0   2.61200    -3.590      0.00      0.00      0.00           
  5134.959      42.0   2.51500    -2.131      0.00      0.00      0.00           
  5134.970 606.01212   0.28800    -5.054      0.00      0.00      0.00           
  5134.980      69.1   4.66000    -2.560      0.00      0.00      0.00           
  5134.981 606.01212   0.22800    -3.334      0.00      0.00      0.00           
  5134.998 607.01214   0.03700    -4.361      0.00      0.00      0.00           
  5134.998 607.01214   1.14900    -3.106      0.00      0.00      0.00           
  5135.006 106.00112   2.30200    -3.395      0.00      0.00      0.00           
  5135.019      66.0   1.05600    -0.987      0.00      0.00      0.00           
  5135.022 607.01214   0.03700    -4.660      0.00      0.00      0.00           
  5135.023 106.00113   1.56200   -10.660      0.00      0.00      0.00           
  5135.043 606.01212   2.06000    -5.823      0.00      0.00      0.00           
  5135.047      22.0   3.55100    -0.884     -7.58      0.00      0.00           
  5135.048      26.0   4.99100    -4.020     -7.12      0.00      0.00           
  5135.052      25.0   3.77200    -4.712     -7.56      0.00      0.00           
  5135.072 112.00124   0.09300     0.044      0.00      0.00      0.00           
  5135.080      71.0   0.24700    -0.670      0.00      0.00      0.00           
  5135.082      71.0   0.24700    -0.670      0.00      0.00      0.00           
  5135.083      26.1  13.00800    -3.425     -7.57      0.00      0.00           
  5135.088   59.1141   0.94900    -2.235      0.00      0.00      0.00           
  5135.098      25.0   3.76900    -5.170      0.00      0.00      0.00           
  5135.105   59.1141   0.94900    -2.035      0.00      0.00      0.00           
  5135.111 112.00124   0.89200     0.122      0.00      0.00      0.00           
  5135.111      23.0   3.26400    -4.540      0.00      0.00      0.00           
  5135.111      23.0   3.26600    -1.786     -7.40      0.00      0.00           
  5135.119   59.1141   0.94900    -1.987      0.00      0.00      0.00           
  5135.131   59.1141   0.94900    -0.669      0.00      0.00      0.00           
  5135.132      24.0   4.18900    -3.670      0.00      0.00      0.00           
  5135.133      26.0   4.96200    -3.610      0.00      0.00      0.00           
  5135.133   59.1141   0.94900    -2.038      0.00      0.00      0.00           
  5135.139 106.00112   2.30200    -5.698      0.00      0.00      0.00           
  5135.140      59.1   0.95000     0.008      0.00      0.00      0.00           
  5135.143   59.1141   0.94900    -0.732      0.00      0.00      0.00           
  5135.146   59.1141   0.94900    -2.238      0.00      0.00      0.00           
  5135.154   59.1141   0.94900    -0.794      0.00      0.00      0.00           
  5135.160 112.00125   0.09300     0.044      0.00      0.00      0.00           
  5135.164   59.1141   0.94900    -0.852      0.00      0.00      0.00           
  5135.172   59.1141   0.94900    -0.902      0.00      0.00      0.00           
  5135.178 112.00124   0.18200    -1.391      0.00      0.00      0.00           
  5135.178 106.00113   1.56200    -8.212      0.00      0.00      0.00           
  5135.180   59.1141   0.94900    -0.942      0.00      0.00      0.00           
  5135.186   59.1141   0.94900    -2.235      0.00      0.00      0.00           
  5135.193   59.1141   0.94900    -2.035      0.00      0.00      0.00           
  5135.198   59.1141   0.94900    -1.987      0.00      0.00      0.00           
  5135.199      39.0   2.29200     0.080      0.00      0.00      0.00           
  5135.201      39.0   2.29400     0.411     -7.72      0.00      0.00           
  5135.203   59.1141   0.94900    -2.038      0.00      0.00      0.00           
  5135.206   59.1141   0.94900    -2.238      0.00      0.00      0.00           
  5135.232 106.00112   2.30200    -3.446      0.00      0.00      0.00           
  5135.240 112.00126   0.09300     0.044      0.00      0.00      0.00           
  5135.274 106.00113   1.05300    -3.521      0.00      0.00      0.00           
  5135.312 106.00113   1.05300    -7.649      0.00      0.00      0.00           
  5135.324      58.0   0.54800    -0.471      0.00      0.00      0.00           
  5135.324      58.0   0.54700    -0.470      0.00      0.00      0.00           
  5135.435      22.0   2.77800    -3.215     -7.55      0.00      0.00           
  5135.435      22.0   2.77600    -3.530      0.00      0.00      0.00           
  5135.444      25.0   4.79100    -4.340      0.00      0.00      0.00           
  5135.461 114.00128   1.36300    -3.481      0.00      0.00      0.00           
  5135.464 106.00112   1.23300    -3.641      0.00      0.00      0.00           
  5135.510 112.00124   0.89200    -2.442      0.00      0.00      0.00           
  5135.536      27.0   4.14400    -1.890      0.00      0.00      0.00           
  5135.573 112.00124   1.14900    -3.745      0.00      0.00      0.00           
  5135.582      64.0   2.10800     0.480      0.00      0.00      0.00           
  5135.582      64.0   2.11000     0.478      0.00      0.00      0.00           
  5135.615 114.00128   1.36300    -3.481      0.00      0.00      0.00           
  5135.690 106.00113   2.24000    -3.917      0.00      0.00      0.00           
  5135.699      24.0   3.07700    -5.260      0.00      0.00      0.00           
  5135.699      24.0   3.07900    -4.043     -7.80      0.00      0.00           
  5135.727 106.00113   1.05300    -3.459      0.00      0.00      0.00           
  5135.736 106.00112   1.23300    -2.889      0.00      0.00      0.00           
  5135.790 106.00113   2.24000    -4.091      0.00      0.00      0.00           
  5135.876      62.0   1.47200    -0.010      0.00      0.00      0.00           
  5135.876      62.0   1.47300    -0.010      0.00      0.00      0.00           
  5135.917      24.0   3.37500    -1.440     -7.80      0.00      0.00           
  5135.920      24.0   3.37300    -1.570      0.00      0.00      0.00           
  5135.934 106.00113   2.07300    -7.707      0.00      0.00      0.00           
  5135.965      20.0   5.17700    -2.600      0.00      0.00      0.00           
  5135.979      70.1   4.09800    -1.150      0.00      0.00      0.00           
  5135.979      70.1   4.09500    -0.780      0.00      0.00      0.00           
  5136.019      23.0   1.84700    -8.310      0.00      0.00      0.00           
  5136.025 112.00124   0.34000     0.313      0.00      0.00      0.00           
  5136.036      64.0   0.88100    -0.675      0.00      0.00      0.00           
  5136.036      64.0   0.88000    -0.680      0.00      0.00      0.00           
  5136.080 112.00124   0.85800     0.021      0.00      0.00      0.00           
  5136.087 112.00125   0.34000     0.313      0.00      0.00      0.00           
  5136.092      26.0   4.18300    -2.120      0.00      0.00      0.00           
  5136.092      26.0   4.18600    -2.020     -7.73      0.00      0.00           
  5136.123 112.00124   0.34000    -2.991      0.00      0.00      0.00           
  5136.142 114.00128   1.70900    -2.280      0.00      0.00      0.00           
  5136.142      26.1  13.43900     0.311     -7.59      0.00      0.00           
  5136.144 112.00126   0.33900     0.313      0.00      0.00      0.00           
  5136.229 112.00124   0.53500    -1.840      0.00      0.00      0.00           
  5136.258 112.00124   0.19800    -0.336      0.00      0.00      0.00           
  5136.269 106.00113   2.24000    -5.552      0.00      0.00      0.00           
  5136.293      23.1   3.75000    -2.920      0.00      0.00      0.00           
  5136.294 112.00124   0.19800    -1.705      0.00      0.00      0.00           
  5136.297 106.00112   1.44500    -4.407      0.00      0.00      0.00           
  5136.306      26.1  12.86600     0.078     -7.54      0.00      0.00           
  5136.315 114.00128   1.70900    -2.280      0.00      0.00      0.00           
  5136.318 112.00125   0.19800    -0.336      0.00      0.00      0.00           
  5136.321      26.1   6.21200    -3.950      0.00      0.00      0.00           
  5136.323      26.1   6.21700    -4.108     -7.86      0.00      0.00           
  5136.341 112.00124   0.34000    -2.990      0.00      0.00      0.00           
  5136.373 112.00126   0.19800    -0.336      0.00      0.00      0.00           
  5136.439 112.00124   0.34000     0.341      0.00      0.00      0.00           
  5136.461 112.00124   1.14900     0.444      0.00      0.00      0.00           
  5136.468      73.0   0.75000    -2.270      0.00      0.00      0.00           
  5136.468      73.0   0.74900    -2.270      0.00      0.00      0.00           
  5136.502 112.00125   0.34000     0.341      0.00      0.00      0.00           
  5136.511      22.0   2.77800    -2.541     -7.55      0.00      0.00           
  5136.511      22.0   2.77600    -2.770      0.00      0.00      0.00           
  5136.549      44.0   0.99700    -1.140      0.00      0.00      0.00           
  5136.549      44.0   0.99700    -0.940      0.00      0.00      0.00           
  5136.560 112.00126   0.33900     0.341      0.00      0.00      0.00           
  5136.610      26.1   6.21800    -4.550      0.00      0.00      0.00           
  5136.613      26.1   6.22300    -4.644     -7.86      0.00      0.00           
  5136.640      26.0   3.92900    -4.641     -7.54      0.00      0.00           
  5136.640      26.0   3.92600    -4.360      0.00      0.00      0.00           
  5136.656      26.0   3.92600    -3.960      0.00      0.00      0.00           
  5136.656      26.0   3.92900    -3.315     -7.54      0.00      0.00           
  5136.701 112.00124   0.34800    -1.105      0.00      0.00      0.00           
  5136.707 112.00124   1.14900    -2.537      0.00      0.00      0.00           
  5136.710 112.00124   0.34800    -1.406      0.00      0.00      0.00           
  5136.737 106.00113   2.43600    -2.628      0.00      0.00      0.00           
  5136.754 106.00113   2.45400    -3.448      0.00      0.00      0.00           
  5136.761      26.0   4.96200    -2.950      0.00      0.00      0.00           
  5136.761      26.0   4.96600    -4.338     -7.13      0.00      0.00           
  5136.792      58.1   1.67700    -1.250      0.00      0.00      0.00           
  5136.795      26.1   2.84400    -4.356     -7.89      0.00      0.00           
  5136.802      26.1   2.84400    -4.430      0.00      0.00      0.00           
  5136.818 112.00124   0.85800    -2.194      0.00      0.00      0.00           
  5136.826      44.0   1.31700    -3.140      0.00      0.00      0.00           
  5136.834      60.1   0.63000    -1.280      0.00      0.00      0.00           
  5136.834      60.1   0.63100    -1.280      0.00      0.00      0.00           
  5136.845 106.00113   1.01300    -5.538      0.00      0.00      0.00           
  5136.894      22.0   3.17600    -2.480      0.00      0.00      0.00           
  5136.894      22.0   3.17800    -1.366     -7.54      0.00      0.00           
  5136.901 112.00124   1.14900     0.456      0.00      0.00      0.00           
  5136.943      26.0   4.98700    -3.070      0.00      0.00      0.00           
  5136.965 112.00124   0.85800     0.054      0.00      0.00      0.00           
  5136.969      23.0   1.79800    -4.160      0.00      0.00      0.00           
  5137.021 112.00124   0.19800    -0.291      0.00      0.00      0.00           
  5137.046      92.1   0.79800    -2.200      0.00      0.00      0.00           
  5137.074      28.0   1.67600    -1.940     -7.64      0.00      0.00           
  5137.074      28.0   1.67500    -1.940      0.00      0.00      0.00           
  5137.085 112.00125   0.19800    -0.291      0.00      0.00      0.00           
  5137.088      24.1   6.82200    -1.737     -7.83      0.00      0.00           
  5137.088      24.1   6.81700    -1.530      0.00      0.00      0.00           
  5137.114      58.0   1.02000     0.100      0.00      0.00      0.00           
  5137.114      58.0   1.02100     0.105      0.00      0.00      0.00           
  5137.134 106.00112   2.46300    -5.422      0.00      0.00      0.00           
  5137.141 106.00112   2.30200    -7.673      0.00      0.00      0.00           
  5137.143 112.00126   0.19800    -0.291      0.00      0.00      0.00           
  5137.164 106.00113   1.25000    -7.305      0.00      0.00      0.00           
  5137.191 106.00112   2.46300    -3.447      0.00      0.00      0.00           
  5137.241      58.1   0.53600    -3.740      0.00      0.00      0.00           
  5137.310 106.00112   2.46300    -3.650      0.00      0.00      0.00           
  5137.347       6.0   8.64000    -3.855     -6.75      0.00      0.00           
  5137.361      20.0   5.04100    -3.200      0.00      0.00      0.00           
  5137.382      26.0   4.17500    -0.400      0.00      0.00      0.00           
  5137.382      26.0   4.17800    -0.400     -7.23      0.00      0.00           
  5137.392 106.00113   2.45400    -3.651      0.00      0.00      0.00           
  5137.473       6.0   8.64300    -4.432     -6.75      0.00      0.00           
  5137.481      21.0   4.18300    -1.650      0.00      0.00      0.00           
  5137.483      26.0   3.65100    -8.070      0.00      0.00      0.00           
  5137.489       6.0   8.63600    -3.670      0.00      0.00      0.00           
  5137.504 106.00113   2.07400    -7.746      0.00      0.00      0.00           
  5137.602      23.0   1.86800    -2.010      0.00      0.00      0.00           
  5137.605      23.0   1.87000    -1.878     -7.66      0.00      0.00           
  5137.663      22.0   3.17700    -2.030      0.00      0.00      0.00           
  5137.663      22.0   3.17900    -3.075     -7.54      0.00      0.00           
  5137.673 114.00128   1.19800    -3.508      0.00      0.00      0.00           
  5137.787      58.0   0.71900    -0.484      0.00      0.00      0.00           
  5137.787      58.0   0.71900    -0.480      0.00      0.00      0.00           
  5137.842 106.00113   1.71900    -9.310      0.00      0.00      0.00           
  5137.866 114.00128   1.19800    -3.508      0.00      0.00      0.00           
  5137.912 114.00128   1.77100    -2.802      0.00      0.00      0.00           
  5137.931      24.0   3.42200    -1.806     -7.75      0.00      0.00           
  5137.931      24.0   3.41900    -1.770      0.00      0.00      0.00           
  5137.945      26.0   4.98500    -3.769     -7.61      0.00      0.00           
  5137.966 106.00113   1.71900    -8.671      0.00      0.00      0.00           
  5137.974      22.0   3.17600    -2.580      0.00      0.00      0.00           
  5137.974      22.0   3.17800    -1.667     -7.52      0.00      0.00           
  5137.980 114.00128   1.77100    -2.802      0.00      0.00      0.00           
  5137.993 106.00113   2.24100    -3.918      0.00      0.00      0.00           
  5138.001      70.1   5.82800    -2.350      0.00      0.00      0.00           
  5138.003      58.0   0.00000    -1.200      0.00      0.00      0.00           
  5138.003      58.0   0.00000    -1.195      0.00      0.00      0.00           
  5138.034      26.1  10.38100    -3.141     -7.57      0.00      0.00           
  5138.078 106.00113   2.45400    -5.464      0.00      0.00      0.00           
  5138.099      24.1  12.06800    -8.092     -7.32      0.00      0.00           
  5138.101 106.00113   2.22500    -3.445      0.00      0.00      0.00           
  5138.101      26.0   4.59300    -7.913     -7.26      0.00      0.00           
  5138.150 106.00112   1.91400    -3.794      0.00      0.00      0.00           
  5138.166 106.00112   1.58100   -10.818      0.00      0.00      0.00           
  5138.170      58.1   3.16100    -2.860      0.00      0.00      0.00           
  5138.185      26.0   5.01200    -7.923     -7.12      0.00      0.00           
  5138.185      26.1  10.54500    -4.357     -7.74      0.00      0.00           
  5138.185      26.0   5.00800    -3.580      0.00      0.00      0.00           
  5138.204 106.00113   2.24200    -4.091      0.00      0.00      0.00           
  5138.225 106.00112   1.58100    -8.210      0.00      0.00      0.00           
  5138.229 106.00113   1.71900   -14.351      0.00      0.00      0.00           
  5138.245 106.00112   1.91400    -3.810      0.00      0.00      0.00           
  5138.263      22.0   2.26700    -2.695     -7.71      0.00      0.00           
  5138.263      22.0   2.26600    -4.420      0.00      0.00      0.00           
  5138.299 106.00113   2.22500    -3.487      0.00      0.00      0.00           
  5138.300 114.00128   1.38800    -2.784      0.00      0.00      0.00           
  5138.302      21.1   8.24000    -2.818     -7.44      0.00      0.00           
  5138.302      21.1   8.24000    -4.246     -7.44      0.00      0.00           
  5138.340 106.00112   1.91400    -6.003      0.00      0.00      0.00           
  5138.345      25.1   5.34800   -13.799     -7.92      0.00      0.00           
  5138.345      25.1   5.34800   -10.154     -7.92      0.00      0.00           
  5138.346 112.00124   0.34900     0.545      0.00      0.00      0.00           
  5138.350      23.0   3.24400    -4.090      0.00      0.00      0.00           
  5138.350      23.0   3.24600    -1.142     -7.39      0.00      0.00           
  5138.361 106.00113   2.22500    -5.746      0.00      0.00      0.00           
  5138.397      23.0   2.26900    -0.720     -7.56      0.00      0.00           
  5138.400      74.0   3.49800    -0.050      0.00      0.00      0.00           
  5138.400      74.0   3.50100    -0.050      0.00      0.00      0.00           
  5138.406      23.0   2.26700    -0.050      0.00      0.00      0.00           
  5138.416      28.1  14.40300    -4.014     -7.30      0.00      0.00           
  5138.421 106.00112   1.25500    -7.305      0.00      0.00      0.00           
  5138.422 114.00128   1.38800    -2.784      0.00      0.00      0.00           
  5138.427 112.00125   0.34800     0.545      0.00      0.00      0.00           
  5138.436      26.1  11.09300    -5.897     -7.63      0.00      0.00           
  5138.442      22.0   3.59000    -4.523     -7.33      0.00      0.00           
  5138.486 112.00124   0.34900    -3.173      0.00      0.00      0.00           
  5138.501 112.00126   0.34800     0.545      0.00      0.00      0.00           
  5138.505 106.00112   2.00900    -6.305      0.00      0.00      0.00           
  5138.522      24.0   3.37300    -2.800      0.00      0.00      0.00           
  5138.522      24.0   3.37500    -2.570     -7.80      0.00      0.00           
  5138.561      26.1  12.91600    -6.124     -7.44      0.00      0.00           
  5138.565 112.00124   0.34900    -3.173      0.00      0.00      0.00           
  5138.606      24.1   6.86300    -3.820      0.00      0.00      0.00           
  5138.606      24.1   6.86900    -2.277     -7.83      0.00      0.00           
  5138.608 106.00112   2.16500    -8.088      0.00      0.00      0.00           
  5138.610      29.1  14.69000     0.238     -7.61      0.00      0.00           
  5138.619      23.1   5.48000    -5.104     -7.86      0.00      0.00           
  5138.673      58.1   0.46400    -3.600      0.00      0.00      0.00           
  5138.681      26.1  12.87100    -1.216     -7.59      0.00      0.00           
  5138.684 106.00113   2.24200    -5.583      0.00      0.00      0.00           
  5138.685 106.00112   1.58100    -8.247      0.00      0.00      0.00           
  5138.691      26.0   4.30900    -3.580      0.00      0.00      0.00           
  5138.691      26.0   4.31300    -4.118     -7.51      0.00      0.00           
  5138.695 106.00112   1.75800   -13.003      0.00      0.00      0.00           
  5138.706 112.00124   0.34900     0.565      0.00      0.00      0.00           
  5138.706      24.0   0.98200    -3.950      0.00      0.00      0.00           
  5138.707      24.0   0.98300    -4.487     -7.79      0.00      0.00           
  5138.716 112.00124   0.32000     0.284      0.00      0.00      0.00           
  5138.722      23.0   3.86800    -2.514     -7.49      0.00      0.00           
  5138.729 106.00112   1.09200    -6.576      0.00      0.00      0.00           
  5138.744 106.00112   1.58100   -10.911      0.00      0.00      0.00           
  5138.759      28.1  14.24200    -3.423     -7.37      0.00      0.00           
  5138.765      28.1  14.24200    -4.083     -7.37      0.00      0.00           
  5138.773      27.0   4.39500    -4.507     -7.42      0.00      0.00           
  5138.773 112.00125   0.32000     0.284      0.00      0.00      0.00           
  5138.780      69.1   4.72300    -1.840      0.00      0.00      0.00           
  5138.786      27.0   4.39200    -4.440      0.00      0.00      0.00           
  5138.787 112.00125   0.34800     0.565      0.00      0.00      0.00           
  5138.791 112.00124   0.35100    -1.285      0.00      0.00      0.00           
  5138.806 112.00124   0.35100    -1.041      0.00      0.00      0.00           
  5138.808 112.00124   0.32000    -2.962      0.00      0.00      0.00           
  5138.814 106.00112   1.75800    -8.276      0.00      0.00      0.00           
  5138.814 106.00112   1.75800    -8.668      0.00      0.00      0.00           
  5138.826 112.00126   0.31900     0.284      0.00      0.00      0.00           
  5138.836      23.1   6.18700    -4.661     -7.65      0.00      0.00           
  5138.840      24.0   3.37300    -1.750      0.00      0.00      0.00           
  5138.840      24.0   3.37500    -1.514     -7.80      0.00      0.00           
  5138.846      24.1   7.77300    -8.221     -7.87      0.00      0.00           
  5138.855 106.00112   2.08000    -7.707      0.00      0.00      0.00           
  5138.862 112.00126   0.34800     0.565      0.00      0.00      0.00           
  5138.878       6.0   8.63600    -4.160      0.00      0.00      0.00           
  5138.881       6.0   8.64300    -3.054     -6.75      0.00      0.00           
  5138.888      26.0   4.79600    -5.410     -7.30      0.00      0.00           
  5138.889      69.1   4.94000    -2.830      0.00      0.00      0.00           
  5138.934      28.1  12.61400    -1.222     -7.58      0.00      0.00           
  5139.000      22.0   3.17700    -3.620      0.00      0.00      0.00           
  5139.000      22.0   3.17900    -2.189     -7.54      0.00      0.00           
  5139.011 106.00112   2.24900    -5.551      0.00      0.00      0.00           
  5139.026      24.1   8.35600    -4.818     -7.73      0.00      0.00           
  5139.050 112.00124   0.32000    -2.961      0.00      0.00      0.00           
  5139.063      24.1   8.46900    -5.523     -7.72      0.00      0.00           
  5139.071      26.1  12.89100     0.041     -7.59      0.00      0.00           
  5139.092      24.1  10.88100    -8.837     -7.72      0.00      0.00           
  5139.092      39.1   7.60900    -3.924     -7.37      0.00      0.00           
  5139.094 106.00112   2.24900    -4.091      0.00      0.00      0.00           
  5139.107 106.00112   1.17300    -2.984      0.00      0.00      0.00           
  5139.114 106.00112   2.24900    -3.917      0.00      0.00      0.00           
  5139.114       6.0   8.64000    -3.380     -6.75      0.00      0.00           
  5139.142 112.00124   0.32000     0.314      0.00      0.00      0.00           
  5139.147 112.00124   0.35500    -1.261      0.00      0.00      0.00           
  5139.150      24.1   4.07200   -10.166     -8.02      0.00      0.00           
  5139.153      24.0   5.61800    -2.960      0.00      0.00      0.00           
  5139.164      24.0   4.18600    -3.469     -7.52      0.00      0.00           
  5139.172 106.00112   1.17300    -6.103      0.00      0.00      0.00           
  5139.201 112.00125   0.32000     0.314      0.00      0.00      0.00           
  5139.204      26.1  13.46700    -5.679     -7.59      0.00      0.00           
  5139.212      24.0   4.18300    -3.190      0.00      0.00      0.00           
  5139.251      26.0   2.99800    -0.734     -7.26      0.00      0.00           
  5139.252      26.0   2.99800    -0.730      0.00      0.00      0.00           
  5139.255      28.0   3.65500    -1.100      0.00      0.00      0.00           
  5139.255 112.00126   0.31900     0.314      0.00      0.00      0.00           
  5139.255      26.1  10.84500    -5.213     -7.71      0.00      0.00           
  5139.258      28.0   3.65800    -0.934     -7.52      0.00      0.00           
  5139.259      22.0   2.50400    -2.930      0.00      0.00      0.00           
  5139.259      22.0   2.50600    -4.658     -7.62      0.00      0.00           
  5139.264      69.1   2.69200    -3.590      0.00      0.00      0.00           
  5139.277 106.00112   1.17300    -6.168      0.00      0.00      0.00           
  5139.291      22.0   3.59000    -3.693     -7.33      0.00      0.00           
  5139.313      22.0   3.59000    -4.266     -7.33      0.00      0.00           
  5139.342 106.00112   1.17300    -2.916      0.00      0.00      0.00           
  5139.363      22.0   3.57000    -3.942     -7.33      0.00      0.00           
  5139.375      24.1  10.14500    -6.526     -7.66      0.00      0.00           
  5139.388      28.1  14.40300    -3.557     -7.28      0.00      0.00           
  5139.409      23.0   1.79800    -6.240      0.00      0.00      0.00           
  5139.409      23.0   1.80000    -5.481     -7.78      0.00      0.00           
  5139.413      27.1  11.42200    -1.097     -7.57      0.00      0.00           
  5139.414      28.1  12.61400    -0.977     -7.58      0.00      0.00           
  5139.420      22.0   3.54600    -0.978     -7.59      0.00      0.00           
  5139.420      22.0   3.54300    -1.180      0.00      0.00      0.00           
  5139.424      26.1   8.26600    -7.259     -7.71      0.00      0.00           
  5139.425      28.1  14.24200    -4.121     -7.37      0.00      0.00           
  5139.428      28.1  14.24200    -3.952     -7.37      0.00      0.00           
  5139.431      42.0   3.73400    -1.543      0.00      0.00      0.00           
  5139.431      42.0   3.73100    -1.540      0.00      0.00      0.00           
  5139.437      26.1  12.89200     0.430     -7.59      0.00      0.00           
  5139.443      22.1   7.72100    -3.992     -7.57      0.00      0.00           
  5139.451      28.1  13.61900    -4.383     -7.35      0.00      0.00           
  5139.454      25.1  10.18400    -6.419     -7.70      0.00      0.00           
  5139.462      26.0   2.94000    -0.509     -7.27      0.00      0.00           
  5139.462      26.0   2.93800    -0.570      0.00      0.00      0.00           
  5139.494      26.1  12.89200     0.355     -7.59      0.00      0.00           
  5139.512      23.0   2.36500    -3.252     -7.80      0.00      0.00           
  5139.512      23.0   2.36400    -2.680      0.00      0.00      0.00           
  5139.520      26.1  12.98200    -4.390     -7.51      0.00      0.00           
  5139.527 106.00112   2.23100    -3.445      0.00      0.00      0.00           
  5139.549       6.0   8.63600    -3.320      0.00      0.00      0.00           
  5139.554       6.0   8.64300    -3.326     -6.75      0.00      0.00           
  5139.577 106.00112   2.23100    -3.487      0.00      0.00      0.00           
  5139.579 106.00112   1.53900    -9.453      0.00      0.00      0.00           
  5139.599      66.1   0.00000    -2.069      0.00      0.00      0.00           
  5139.599      66.1   0.00000    -2.070      0.00      0.00      0.00           
  5139.620      22.0   3.57000    -4.214     -7.33      0.00      0.00           
  5139.634      24.1  10.29600    -5.564     -7.66      0.00      0.00           
  5139.646      24.0   3.42200    -0.460     -7.57      0.00      0.00           
  5139.646      24.0   3.41900    -0.460      0.00      0.00      0.00           
  5139.655      28.1  14.70000    -2.837     -7.16      0.00      0.00           
  5139.662 106.00112   2.23100    -5.745      0.00      0.00      0.00           
  5139.690 112.00124   0.07800    -0.020      0.00      0.00      0.00           
  5139.745      21.0   5.38100    -3.590      0.00      0.00      0.00           
  5139.753      28.1  14.24200    -5.064     -7.37      0.00      0.00           
  5139.758      23.0   3.25200    -3.640      0.00      0.00      0.00           
  5139.758      23.0   3.25500    -0.968     -7.39      0.00      0.00           
  5139.761 112.00124   0.07800    -1.907      0.00      0.00      0.00           
  5139.767 112.00125   0.07800    -0.020      0.00      0.00      0.00           
  5139.768      58.0   0.15900    -1.120      0.00      0.00      0.00           
  5139.768      58.0   0.15900    -1.122      0.00      0.00      0.00           
  5139.787      26.1  12.89500    -3.352     -7.51      0.00      0.00           
  5139.811      59.0   0.17100    -0.090      0.00      0.00      0.00           
  5139.811      59.0   0.17100    -0.086      0.00      0.00      0.00           
  5139.816      21.0   3.05700    -4.499     -7.66      0.00      0.00           
  5139.816      21.0   3.05500    -2.690      0.00      0.00      0.00           
  5139.840 112.00126   0.07700    -0.020      0.00      0.00      0.00           
  5139.858      21.0   3.05700    -3.255     -7.66      0.00      0.00           
  5139.858      21.0   3.05500    -2.100      0.00      0.00      0.00           
  5139.872      28.1  14.40300    -4.638     -7.28      0.00      0.00           
  5139.892      24.0   3.42200    -4.015     -7.79      0.00      0.00           
  5139.892      24.0   3.41900    -4.570      0.00      0.00      0.00           
  5139.895      23.0   3.28600    -1.319     -7.30      0.00      0.00           
  5139.901      24.1   6.79800    -3.450      0.00      0.00      0.00           
  5139.901      24.1   6.80300    -3.642     -7.83      0.00      0.00           
  5139.914      23.1   7.72300    -8.408     -7.65      0.00      0.00           
  5139.921      26.1   8.18500    -4.114     -7.54      0.00      0.00           
  5139.922      28.1  12.32900     0.502     -7.58      0.00      0.00           
  5139.931 114.00128   1.20500    -3.314      0.00      0.00      0.00           
  5139.942      22.1   7.73800    -4.053     -7.57      0.00      0.00           
  5139.943      25.1  10.17300    -5.516     -7.67      0.00      0.00           
  5139.974      26.1  11.65900    -5.795     -7.31      0.00      0.00           
  5139.990      25.1  10.32300    -6.776     -7.67      0.00      0.00           
  5140.022      28.1  14.23800    -3.934     -7.27      0.00      0.00           
  5140.030      28.1  14.51600    -4.464     -7.27      0.00      0.00           
  5140.035 106.00113   1.55000    -8.296      0.00      0.00      0.00           
  5140.083      28.1  13.86000    -3.504     -7.68      0.00      0.00           
  5140.087 106.00113   1.57200    -5.786      0.00      0.00      0.00           
  5140.105 106.00113   1.25100    -7.248      0.00      0.00      0.00           
  5140.136      27.1   5.20400    -2.560      0.00      0.00      0.00           
  5140.147 114.00128   1.56900    -2.621      0.00      0.00      0.00           
  5140.155 106.00113   1.55000   -10.537      0.00      0.00      0.00           
  5140.158 114.00128   1.20600    -3.314      0.00      0.00      0.00           
  5140.161      26.0   4.44600    -4.964     -7.31      0.00      0.00           
  5140.162      27.1   5.20800    -2.950      0.00      0.00      0.00           
  5140.178      26.1  11.74900    -6.364     -7.73      0.00      0.00           
  5140.187      26.1  13.46700     0.066     -7.59      0.00      0.00           
  5140.188      26.1  12.89300    -0.755     -7.59      0.00      0.00           
  5140.194      26.1   6.21400    -4.310      0.00      0.00      0.00           
  5140.196      26.1   6.21900    -4.250     -7.86      0.00      0.00           
  5140.199 112.00124   0.19100    -0.409      0.00      0.00      0.00           
  5140.206 112.00124   0.07800     0.010      0.00      0.00      0.00           
  5140.207 106.00113   1.57200    -1.802      0.00      0.00      0.00           
  5140.209      58.1   3.18400    -3.450      0.00      0.00      0.00           
  5140.210      28.1  13.86000    -4.138     -7.68      0.00      0.00           
  5140.210      28.1  13.86000    -4.392     -7.68      0.00      0.00           
  5140.213      26.1  11.05100    -5.513     -7.70      0.00      0.00           
  5140.220      27.1  10.84700    -3.120     -7.72      0.00      0.00           
  5140.229 112.00124   0.19100    -1.645      0.00      0.00      0.00           
  5140.231 106.00113   1.57200    -1.348      0.00      0.00      0.00           
  5140.245      26.1  12.89300    -1.048     -7.59      0.00      0.00           
  5140.253 112.00125   0.19100    -0.409      0.00      0.00      0.00           
  5140.257      27.1  12.14700    -1.510     -7.46      0.00      0.00           
  5140.273      69.1   2.94700    -0.750      0.00      0.00      0.00           
  5140.273      69.1   2.94500    -0.640      0.00      0.00      0.00           
  5140.282      58.1   2.16700    -2.690      0.00      0.00      0.00           
  5140.286 112.00125   0.07800     0.010      0.00      0.00      0.00           
  5140.287      22.0   3.86900    -3.833     -7.18      0.00      0.00           
  5140.287      28.1  14.28400    -3.889     -7.20      0.00      0.00           
  5140.297      25.1  11.13400    -9.716     -7.33      0.00      0.00           
  5140.302 112.00126   0.19100    -0.409      0.00      0.00      0.00           
  5140.318      25.1  10.17300    -5.241     -7.67      0.00      0.00           
  5140.342      17.0   9.28200    -2.180     -7.42      0.00      0.00           
  5140.343      22.0   3.57000    -3.842     -7.33      0.00      0.00           
  5140.350      28.1  13.61900    -5.422     -7.35      0.00      0.00           
  5140.350      58.1   1.66600    -1.920      0.00      0.00      0.00           
  5140.351 106.00113   1.57200    -4.909      0.00      0.00      0.00           
  5140.359 112.00126   0.07700     0.010      0.00      0.00      0.00           
  5140.381 106.00113   2.29400    -7.601      0.00      0.00      0.00           
  5140.408      70.1   5.58100    -2.570      0.00      0.00      0.00           
  5140.428 106.00112   2.08100    -7.745      0.00      0.00      0.00           
  5140.429      24.1   8.34800    -6.179     -7.73      0.00      0.00           
  5140.468 106.00112   1.05600    -3.520      0.00      0.00      0.00           
  5140.479      28.1  14.44600    -3.234     -7.21      0.00      0.00           
  5140.479      28.1  14.60100    -5.686     -7.39      0.00      0.00           
  5140.494      22.0   3.86900    -4.444     -7.18      0.00      0.00           
  5140.498      26.1  10.93000    -4.948     -7.44      0.00      0.00           
  5140.502 112.00124   0.02100    -1.589      0.00      0.00      0.00           
  5140.505 106.00112   1.05600    -7.648      0.00      0.00      0.00           
  5140.507      58.0   0.30200    -0.610      0.00      0.00      0.00           
  5140.507      58.0   0.30200    -0.606      0.00      0.00      0.00           
  5140.514      24.1   3.87100   -10.447     -7.94      0.00      0.00           
  5140.514      24.1   3.87100   -11.309     -7.94      0.00      0.00           
  5140.519      26.0   3.04500    -4.810      0.00      0.00      0.00           
  5140.519      26.0   3.04700    -5.592     -7.83      0.00      0.00           
  5140.543      25.1  10.17300    -2.316     -7.67      0.00      0.00           
  5140.566      26.0   4.58400    -3.465     -7.74      0.00      0.00           
  5140.566      26.0   4.58100    -3.290      0.00      0.00      0.00           
  5140.575      41.0   1.57400    -1.300      0.00      0.00      0.00           
  5140.575      41.0   1.57200    -1.300      0.00      0.00      0.00           
  5140.591 106.00112   2.11100   -10.093      0.00      0.00      0.00           
  5140.598      69.1   4.86000    -1.550      0.00      0.00      0.00           
  5140.599      24.0   5.61900    -1.650      0.00      0.00      0.00           
  5140.602      27.1  10.78400    -2.886     -7.73      0.00      0.00           
  5140.625 114.00128   1.56900    -2.621      0.00      0.00      0.00           
  5140.629       9.0  14.50500    -3.970      0.00      0.00      0.00           
  5140.664      25.1  10.17400    -2.338     -7.67      0.00      0.00           
  5140.683      23.1   8.39800    -4.251     -7.70      0.00      0.00           
  5140.691      26.1  10.41400    -1.190     -7.59      0.00      0.00           
  5140.693      26.1  13.04400    -2.576     -7.50      0.00      0.00           
  5140.700 112.00124   0.54400    -1.775      0.00      0.00      0.00           
  5140.709 106.00113   2.00300    -6.304      0.00      0.00      0.00           
  5140.764      25.0   4.64000    -8.514     -7.17      0.00      0.00           
  5140.770 106.00113   1.55000   -10.415      0.00      0.00      0.00           
  5140.774      90.0   0.78900    -1.592      0.00      0.00      0.00           
  5140.774      90.0   0.78800    -1.590      0.00      0.00      0.00           
  5140.782      58.1   3.91300    -2.490      0.00      0.00      0.00           
  5140.785      26.1  13.47000    -0.644     -7.57      0.00      0.00           
  5140.826      26.1  12.89200    -0.345     -7.44      0.00      0.00           
  5140.830      64.1   1.57500    -0.840      0.00      0.00      0.00           
  5140.830      64.1   1.57400    -0.810      0.00      0.00      0.00           
  5140.844      69.1   4.84700    -2.130      0.00      0.00      0.00           
  5140.852      24.1   4.92000    -9.468     -7.94      0.00      0.00           
  5140.873      28.1  14.47600    -4.935     -7.48      0.00      0.00           
  5140.890 106.00113   1.71400    -4.192      0.00      0.00      0.00           
  5140.891 106.00113   1.55000    -8.225      0.00      0.00      0.00           
  5140.922 106.00112   2.01000    -6.252      0.00      0.00      0.00           
  5140.925 106.00112   1.05600    -3.458      0.00      0.00      0.00           
  5140.942      26.1  12.75200    -7.267     -7.48      0.00      0.00           
  5140.961      58.1   1.58100    -3.560      0.00      0.00      0.00           
  5140.967 106.00112   1.72100    -4.192      0.00      0.00      0.00           
  5140.971 112.00124   0.35500    -1.409      0.00      0.00      0.00           
  5140.993 112.00124   0.35500    -0.833      0.00      0.00      0.00           
  5141.011      20.0   4.73200    -5.020      0.00      0.00      0.00           
  5141.011      27.0   4.39200    -3.620      0.00      0.00      0.00           
  5141.018      27.0   4.39500    -1.795     -7.39      0.00      0.00           
  5141.039 106.00113   1.71400    -4.205      0.00      0.00      0.00           
  5141.040      25.1  10.17400    -3.393     -7.67      0.00      0.00           
  5141.050      25.1  11.13400    -9.462     -7.33      0.00      0.00           
  5141.061      22.0   3.59000    -4.348     -7.33      0.00      0.00           
  5141.070 112.00124   0.19100    -0.360      0.00      0.00      0.00           
  5141.095      69.1   4.32400    -1.760      0.00      0.00      0.00           
  5141.098 106.00113   1.71400    -6.411      0.00      0.00      0.00           
  5141.105 106.00112   1.72100    -4.205      0.00      0.00      0.00           
  5141.128 112.00125   0.19100    -0.360      0.00      0.00      0.00           
  5141.154 114.00128   1.28800    -2.975      0.00      0.00      0.00           
  5141.157      26.1  13.04500    -1.887     -7.54      0.00      0.00           
  5141.181 112.00126   0.19100    -0.360      0.00      0.00      0.00           
  5141.184 114.00128   1.27200    -3.022      0.00      0.00      0.00           
  5141.199 106.00112   1.72100    -6.411      0.00      0.00      0.00           
  5141.201      27.0   2.69800    -4.710      0.00      0.00      0.00           
  5141.207      27.0   2.70000    -4.606     -7.71      0.00      0.00           
  5141.213      42.0   3.24500    -1.640      0.00      0.00      0.00           
  5141.234 112.00124   0.30100     0.252      0.00      0.00      0.00           
  5141.268       6.0   8.63600    -3.630      0.00      0.00      0.00           
  5141.270       6.0   8.64300    -3.063     -6.75      0.00      0.00           
  5141.279      42.0   3.43500    -1.520      0.00      0.00      0.00           
  5141.288 112.00125   0.30100     0.252      0.00      0.00      0.00           
  5141.297      22.0   3.40700    -3.480      0.00      0.00      0.00           
  5141.321 112.00124   0.30100    -2.931      0.00      0.00      0.00           
  5141.331 114.00128   1.27200    -3.022      0.00      0.00      0.00           
  5141.338 112.00126   0.30100     0.252      0.00      0.00      0.00           
  5141.339 114.00128   1.28800    -2.975      0.00      0.00      0.00           
  5141.377      26.1  10.46700    -0.773     -7.59      0.00      0.00           
  5141.420 106.00112   2.25000    -3.917      0.00      0.00      0.00           
  5141.428 106.00112   2.25000    -5.582      0.00      0.00      0.00           
  5141.438 106.00112   1.25600    -7.247      0.00      0.00      0.00           
  5141.475 106.00112   2.46500    -3.447      0.00      0.00      0.00           
  5141.495      64.0   0.92700    -0.630      0.00      0.00      0.00           
  5141.495      64.0   0.92700    -0.630      0.00      0.00      0.00           
  5141.511 106.00112   2.25000    -4.091      0.00      0.00      0.00           
  5141.541 114.00128   1.70900    -2.493      0.00      0.00      0.00           
  5141.556      26.0   3.69200    -3.740      0.00      0.00      0.00           
  5141.556      26.0   3.69500    -3.788     -7.79      0.00      0.00           
  5141.558      58.1   1.05800    -2.380      0.00      0.00      0.00           
  5141.562      33.0   6.39400     0.400      0.00      0.00      0.00           
  5141.562      33.0   6.39900     0.400      0.00      0.00      0.00           
  5141.570 106.00112   2.46500    -5.463      0.00      0.00      0.00           
  5141.590 112.00124   0.30100    -2.930      0.00      0.00      0.00           
  5141.599 106.00112   1.33400    -3.037      0.00      0.00      0.00           
  5141.601 112.00124   0.17900    -1.274      0.00      0.00      0.00           
  5141.616      73.0   0.75200    -1.760      0.00      0.00      0.00           
  5141.616      73.0   0.75200    -1.760      0.00      0.00      0.00           
  5141.655 114.00128   1.30600    -2.934      0.00      0.00      0.00           
  5141.656      27.1   3.45700    -5.870      0.00      0.00      0.00           
  5141.676 112.00124   0.30100     0.285      0.00      0.00      0.00           
  5141.715 114.00128   1.70900    -2.493      0.00      0.00      0.00           
  5141.718 114.00128   1.25800    -3.074      0.00      0.00      0.00           
  5141.719 112.00124   0.36000    -0.932      0.00      0.00      0.00           
  5141.731 112.00125   0.30100     0.285      0.00      0.00      0.00           
  5141.737      58.1   1.20500    -1.800      0.00      0.00      0.00           
  5141.737      58.1   1.20600    -1.800      0.00      0.00      0.00           
  5141.739      26.0   2.42200    -2.150      0.00      0.00      0.00           
  5141.739      26.0   2.42400    -1.978     -7.57      0.00      0.00           
  5141.746 106.00112   2.46500    -3.650      0.00      0.00      0.00           
  5141.771      24.0   5.61900    -2.550      0.00      0.00      0.00           
  5141.774 106.00112   1.33400    -7.105      0.00      0.00      0.00           
  5141.782 112.00126   0.30100     0.285      0.00      0.00      0.00           
  5141.793      27.0   2.78400    -4.860      0.00      0.00      0.00           
  5141.793      27.0   2.78700    -4.764     -7.71      0.00      0.00           
  5141.820      22.0   3.59000    -2.922     -7.33      0.00      0.00           
  5141.831 114.00128   1.25800    -3.074      0.00      0.00      0.00           
  5141.854 106.00112   2.16600    -8.145      0.00      0.00      0.00           
  5141.860 114.00128   1.32900    -3.136      0.00      0.00      0.00           
  5141.868 106.00112   1.33400    -3.001      0.00      0.00      0.00           
  5141.879 114.00128   1.30600    -2.934      0.00      0.00      0.00           
  5141.972      20.0   5.17700    -3.960      0.00      0.00      0.00           
  5141.975      39.0   2.35900    -1.536     -7.51      0.00      0.00           
  5142.018 106.00112   1.01600    -5.537      0.00      0.00      0.00           
  5142.201      23.1   2.21900    -6.260      0.00      0.00      0.00           
  5142.212      58.1   2.25000    -0.920      0.00      0.00      0.00           
  5142.236      42.0   1.46900    -3.210      0.00      0.00      0.00           
  5142.236      42.0   1.47000    -3.212      0.00      0.00      0.00           
  5142.262      24.0   2.70700    -1.940      0.00      0.00      0.00           
  5142.262      24.0   2.70900    -1.940     -7.75      0.00      0.00           
  5142.324 112.00124   0.31900     0.526      0.00      0.00      0.00           
  5142.361 112.00124   0.35100    -1.409      0.00      0.00      0.00           
  5142.372      58.1   0.96000    -2.390      0.00      0.00      0.00           
  5142.383 114.00128   1.21400    -3.175      0.00      0.00      0.00           
  5142.400 112.00125   0.31900     0.526      0.00      0.00      0.00           
  5142.431      25.0   4.79100    -3.300      0.00      0.00      0.00           
  5142.446 114.00128   1.33000    -3.136      0.00      0.00      0.00           
  5142.446      26.0   4.55900    -1.450     -7.34      0.00      0.00           
  5142.446      26.0   4.55500    -3.830      0.00      0.00      0.00           
  5142.460 112.00124   0.31900    -3.153      0.00      0.00      0.00           
  5142.468      27.0   4.04600    -0.930      0.00      0.00      0.00           
  5142.470 112.00126   0.31800     0.526      0.00      0.00      0.00           
  5142.471      27.0   4.04900    -0.780     -7.51      0.00      0.00           
  5142.486      24.1   6.27700    -2.190      0.00      0.00      0.00           
  5142.486      24.1   6.28200    -2.221     -7.85      0.00      0.00           
  5142.494      26.0   4.29800    -0.830      0.00      0.00      0.00           
  5142.494      26.0   4.30100    -0.739     -7.52      0.00      0.00           
  5142.541      26.0   4.25300    -0.140      0.00      0.00      0.00           
  5142.541      26.0   4.25600    -0.317     -7.51      0.00      0.00           
  5142.552 112.00124   0.31900    -3.152      0.00      0.00      0.00           
  5142.593 106.00112   1.91600    -3.795      0.00      0.00      0.00           
  5142.606 106.00113   2.22700    -3.446      0.00      0.00      0.00           
  5142.610 112.00124   0.82500    -2.350      0.00      0.00      0.00           
  5142.635 114.00128   1.21400    -3.175      0.00      0.00      0.00           
  5142.640      22.0   3.10200    -2.290      0.00      0.00      0.00           
  5142.640      22.0   3.10400    -1.640     -7.43      0.00      0.00           
  5142.685      39.0   3.06800    -0.599     -7.41      0.00      0.00           
  5142.686      64.0   0.92100    -0.637      0.00      0.00      0.00           
  5142.686      64.0   0.92000    -0.640      0.00      0.00      0.00           
  5142.687 112.00124   0.31900     0.547      0.00      0.00      0.00           
  5142.723 114.00128   1.32500    -2.895      0.00      0.00      0.00           
  5142.740 114.00128   1.24500    -3.133      0.00      0.00      0.00           
  5142.754 112.00124   0.82500     0.178      0.00      0.00      0.00           
  5142.763 112.00125   0.31900     0.547      0.00      0.00      0.00           
  5142.767      44.0   1.06300    -1.640      0.00      0.00      0.00           
  5142.767 114.00128   1.41400    -2.757      0.00      0.00      0.00           
  5142.767      44.0   1.06200    -1.250      0.00      0.00      0.00           
  5142.775      28.0   3.70300    -0.230      0.00      0.00      0.00           
  5142.776 114.00128   1.36100    -3.071      0.00      0.00      0.00           
  5142.776      28.0   3.70600    -0.117     -7.50      0.00      0.00           
  5142.786 106.00112   1.91600    -5.963      0.00      0.00      0.00           
  5142.809 106.00113   2.22700    -5.704      0.00      0.00      0.00           
  5142.818 112.00124   0.82500     0.159      0.00      0.00      0.00           
  5142.822 114.00128   1.24500    -3.133      0.00      0.00      0.00           
  5142.832 112.00126   0.31800     0.547      0.00      0.00      0.00           
  5142.839 114.00128   1.36100    -3.071      0.00      0.00      0.00           
  5142.853      26.0   5.01000    -3.306     -7.16      0.00      0.00           
  5142.853      26.0   5.00600    -1.340      0.00      0.00      0.00           
  5142.858 114.00128   1.41400    -2.757      0.00      0.00      0.00           
  5142.865 106.00112   1.91600    -3.811      0.00      0.00      0.00           
  5142.911 106.00113   2.22700    -3.488      0.00      0.00      0.00           
  5142.920      25.0   5.40700    -2.710      0.00      0.00      0.00           
  5142.926      28.0   3.69600    -0.730      0.00      0.00      0.00           
  5142.927 112.00124   1.10100    -2.365      0.00      0.00      0.00           
  5142.928      26.0   0.95800    -3.079     -7.80      0.00      0.00           
  5142.928      28.0   3.69900    -0.471     -7.51      0.00      0.00           
  5142.928      26.0   0.95700    -3.070      0.00      0.00      0.00           
  5142.949       6.0   8.64300    -3.330     -6.75      0.00      0.00           
  5142.951 112.00124   1.10100     0.359      0.00      0.00      0.00           
  5142.985 114.00128   1.32500    -2.895      0.00      0.00      0.00           
  5143.000      24.1   8.27300    -1.701     -7.57      0.00      0.00           
  5143.006 106.00113   2.00400    -6.252      0.00      0.00      0.00           
  5143.079      25.0   5.10800    -2.410      0.00      0.00      0.00           
  5143.088 112.00124   0.36000    -1.514      0.00      0.00      0.00           
  5143.116 112.00124   0.36000    -0.690      0.00      0.00      0.00           
  5143.121 112.00124   1.10100     0.396      0.00      0.00      0.00           
  5143.143      58.1   1.74800    -1.470      0.00      0.00      0.00           
  5143.267      90.1   0.23100    -1.930      0.00      0.00      0.00           
  5143.267      90.1   0.23100    -1.933      0.00      0.00      0.00           
  5143.278      60.1   0.18200    -2.473      0.00      0.00      0.00           
  5143.294      60.1   0.18200    -2.598      0.00      0.00      0.00           
  5143.301      60.1   0.18200    -2.473      0.00      0.00      0.00           
  5143.308      60.1   0.18200    -2.511      0.00      0.00      0.00           
  5143.313      60.1   0.18200    -2.251      0.00      0.00      0.00           
  5143.321      60.1   0.18200    -1.570      0.00      0.00      0.00           
  5143.324      60.1   0.18200    -2.438      0.00      0.00      0.00           
  5143.329      60.1   0.18200    -2.438      0.00      0.00      0.00           
  5143.330      60.1   0.18200    -1.570      0.00      0.00      0.00           
  5143.337      60.1   0.18200    -1.570      0.00      0.00      0.00           
  5143.337      60.1   0.18200    -1.570      0.00      0.00      0.00           
  5143.337      60.1   0.18200    -1.570      0.00      0.00      0.00           
  5143.340      60.1   0.18200    -1.570      0.00      0.00      0.00           
  5143.341      60.1   0.18200    -2.376      0.00      0.00      0.00           
  5143.343      60.1   0.18200    -2.376      0.00      0.00      0.00           
  5143.354      60.1   0.18200    -2.322      0.00      0.00      0.00           
  5143.365      60.1   0.18200    -2.322      0.00      0.00      0.00           
  5143.370      60.1   0.18200    -2.274      0.00      0.00      0.00           
  5143.390      60.1   0.18200    -2.274      0.00      0.00      0.00           
  5143.557      58.1   1.27900    -1.710      0.00      0.00      0.00           
  5143.569      23.0   2.57600    -4.750      0.00      0.00      0.00           
  5143.579 112.00124   0.28400     0.218      0.00      0.00      0.00           
  5143.630 112.00125   0.28300     0.218      0.00      0.00      0.00           
  5143.631      26.0   3.98400    -4.802     -7.52      0.00      0.00           
  5143.660 112.00124   0.28400    -2.898      0.00      0.00      0.00           
  5143.673 106.00113   1.83400    -3.812      0.00      0.00      0.00           
  5143.674      22.0   3.10400    -2.466     -7.43      0.00      0.00           
  5143.674      22.0   3.10200    -2.730      0.00      0.00      0.00           
  5143.676 112.00126   0.28300     0.218      0.00      0.00      0.00           
  5143.690      73.0   1.14600    -1.590      0.00      0.00      0.00           
  5143.690      73.0   1.14700    -1.590      0.00      0.00      0.00           
  5143.695 112.00124   0.79200     0.086      0.00      0.00      0.00           
  5143.723      26.0   2.19800    -3.690     -7.63      0.00      0.00           
  5143.723      26.0   2.19600    -3.790      0.00      0.00      0.00           
  5143.775      42.0   2.91600    -2.430      0.00      0.00      0.00           
  5143.792 106.00113   1.83400    -3.827      0.00      0.00      0.00           
  5143.796      58.1   0.73500    -2.470      0.00      0.00      0.00           
  5143.801 106.00113   1.53400    -8.869      0.00      0.00      0.00           
  5143.829 112.00124   0.79200    -2.380      0.00      0.00      0.00           
  5143.833      58.1   1.58200    -1.800      0.00      0.00      0.00           
  5143.846      24.1   6.80500    -2.742     -7.83      0.00      0.00           
  5143.846      24.1   6.80000    -2.790      0.00      0.00      0.00           
  5143.851 106.00113   1.83400    -5.991      0.00      0.00      0.00           
  5143.853 106.00113   1.53400    -9.456      0.00      0.00      0.00           
  5143.874      26.1  10.44800    -0.205     -7.59      0.00      0.00           
  5143.889      28.0   3.84400    -1.950      0.00      0.00      0.00           
  5143.894      28.0   3.84700    -1.952     -7.56      0.00      0.00           
  5143.916      90.0   1.29000    -1.100      0.00      0.00      0.00           
  5143.924 106.00113   2.43900    -2.629      0.00      0.00      0.00           
  5143.945 112.00124   0.18600    -0.495      0.00      0.00      0.00           
  5143.960 112.00124   0.28400    -2.897      0.00      0.00      0.00           
  5143.968 112.00124   0.18600    -1.581      0.00      0.00      0.00           
  5143.970 112.00124   0.79200     0.105      0.00      0.00      0.00           
  5143.985 112.00124   0.36700    -0.747      0.00      0.00      0.00           
  5143.989      27.0   3.53000    -2.946     -7.73      0.00      0.00           
  5143.989      27.0   3.52700    -2.720      0.00      0.00      0.00           
  5143.991 112.00125   0.18600    -0.495      0.00      0.00      0.00           
  5143.997 106.00113   1.54100    -8.455      0.00      0.00      0.00           
  5144.035 112.00126   0.18500    -0.495      0.00      0.00      0.00           
  5144.037 106.00112   2.23400    -3.446      0.00      0.00      0.00           
  5144.040 112.00124   0.28400     0.253      0.00      0.00      0.00           
  5144.083 106.00113   1.54100   -10.404      0.00      0.00      0.00           
  5144.092 106.00112   1.54200    -8.980      0.00      0.00      0.00           
  5144.092 112.00125   0.28300     0.253      0.00      0.00      0.00           
  5144.098      29.0   5.39100    -0.780      0.00      0.00      0.00           
  5144.119 106.00112   1.54200   -10.147      0.00      0.00      0.00           
  5144.139 112.00126   0.28300     0.253      0.00      0.00      0.00           
  5144.172 106.00112   2.23400    -5.704      0.00      0.00      0.00           
  5144.241 114.00128   1.23400    -3.201      0.00      0.00      0.00           
  5144.258 106.00112   2.23400    -3.488      0.00      0.00      0.00           
  5144.291      28.0   3.83300    -3.884     -7.59      0.00      0.00           
  5144.296 114.00128   1.23400    -3.201      0.00      0.00      0.00           
  5144.351      26.1  10.46700     0.307     -7.59      0.00      0.00           
  5144.362       6.0   8.64300    -2.472     -6.76      0.00      0.00           
  5144.385      26.0   4.63500    -3.000      0.00      0.00      0.00           
  5144.385      26.0   4.63800    -4.382     -7.29      0.00      0.00           
  5144.400      24.1   4.01200    -3.979     -7.86      0.00      0.00           
  5144.400      24.1   4.00900    -5.390      0.00      0.00      0.00           
  5144.403 114.00128   1.34600    -2.861      0.00      0.00      0.00           
  5144.485      20.0   5.31700    -5.400      0.00      0.00      0.00           
  5144.501      26.0   3.96000    -4.653     -7.55      0.00      0.00           
  5144.501      26.0   3.95700    -4.120      0.00      0.00      0.00           
  5144.533      24.0   3.09200    -3.681     -7.79      0.00      0.00           
  5144.533      24.0   3.09000    -3.720      0.00      0.00      0.00           
  5144.534      22.0   3.58300    -1.193     -7.56      0.00      0.00           
  5144.534      22.0   3.58000    -1.540      0.00      0.00      0.00           
  5144.657 112.00124   0.06400    -0.060      0.00      0.00      0.00           
  5144.667      24.0   2.70800    -1.370      0.00      0.00      0.00           
  5144.667      24.0   2.71000    -1.370     -7.75      0.00      0.00           
  5144.702 114.00128   1.34600    -2.861      0.00      0.00      0.00           
  5144.718       6.0   8.63600    -3.210      0.00      0.00      0.00           
  5144.722 112.00124   0.06400    -1.869      0.00      0.00      0.00           
  5144.727 112.00125   0.06300    -0.060      0.00      0.00      0.00           
  5144.739 106.00113   1.42500    -6.795      0.00      0.00      0.00           
  5144.773      21.0   3.17000    -3.790      0.00      0.00      0.00           
  5144.793 112.00126   0.06300    -0.060      0.00      0.00      0.00           
  5144.844      58.1   0.96900    -1.580      0.00      0.00      0.00           
  5144.844      58.1   0.96900    -1.580      0.00      0.00      0.00           
  5144.972 112.00124   0.18600    -0.443      0.00      0.00      0.00           
  5144.975 112.00124   0.55400    -1.835      0.00      0.00      0.00           
  5145.019      24.1   6.80500    -2.945     -7.83      0.00      0.00           
  5145.019      24.1   6.80000    -3.030      0.00      0.00      0.00           
  5145.025 112.00125   0.18600    -0.443      0.00      0.00      0.00           
  5145.038      14.0   4.93000    -3.270     -7.32      0.00      0.00           
  5145.038      90.1   0.90900    -2.341      0.00      0.00      0.00           
  5145.038      90.1   0.90800    -2.340      0.00      0.00      0.00           
  5145.039      14.0   4.92600    -3.000      0.00      0.00      0.00           
  5145.058 114.00128   1.22400    -3.066      0.00      0.00      0.00           
  5145.072 112.00126   0.18500    -0.443      0.00      0.00      0.00           
  5145.079 112.00124   0.36700    -1.604      0.00      0.00      0.00           
  5145.083      92.1   0.77900    -1.610      0.00      0.00      0.00           
  5145.083      92.1   0.77900    -1.615      0.00      0.00      0.00           
  5145.094      26.0   2.19600    -3.230      0.00      0.00      0.00           
  5145.094      26.0   2.19800    -2.876     -7.59      0.00      0.00           
  5145.114 112.00124   0.36700    -0.584      0.00      0.00      0.00           
  5145.138      20.0   5.04500    -3.020      0.00      0.00      0.00           
  5145.156      58.1   1.10200    -1.040      0.00      0.00      0.00           
  5145.156      58.1   1.10300    -1.040      0.00      0.00      0.00           
  5145.175 106.00113   1.54200   -10.139      0.00      0.00      0.00           
  5145.193 112.00124   0.06400    -0.027      0.00      0.00      0.00           
  5145.199 106.00112   1.56700   -10.672      0.00      0.00      0.00           
  5145.201      14.0   4.93000    -3.714     -7.32      0.00      0.00           
  5145.248 106.00112   1.56700    -8.224      0.00      0.00      0.00           
  5145.261 106.00113   1.54200    -8.295      0.00      0.00      0.00           
  5145.263      23.1   6.65900    -4.400      0.00      0.00      0.00           
  5145.266 112.00125   0.06400    -0.027      0.00      0.00      0.00           
  5145.326 114.00128   1.22400    -3.066      0.00      0.00      0.00           
  5145.332 112.00126   0.06300    -0.027      0.00      0.00      0.00           
  5145.367 112.00124   0.76100     0.072      0.00      0.00      0.00           
  5145.378      42.0   2.55300    -0.980      0.00      0.00      0.00           
  5145.378      42.0   2.55500    -0.982      0.00      0.00      0.00           
  5145.416      57.0   0.37300    -0.440      0.00      0.00      0.00           
  5145.416      57.0   0.37300    -0.440      0.00      0.00      0.00           
  5145.421 114.00128   1.70500    -2.249      0.00      0.00      0.00           
  5145.426 114.00128   1.70500    -2.249      0.00      0.00      0.00           
  5145.434 106.00113   2.29600    -7.672      0.00      0.00      0.00           
  5145.460      22.0   1.45900    -0.540      0.00      0.00      0.00           
  5145.460      22.0   1.46000    -0.540     -7.66      0.00      0.00           
  5145.524      27.0   4.05800    -0.378     -7.51      0.00      0.00           
  5145.525      27.0   4.05500    -0.830      0.00      0.00      0.00           
  5145.529 106.00113   1.71600    -4.193      0.00      0.00      0.00           
  5145.562      76.0   2.34200    -1.740      0.00      0.00      0.00           
  5145.562      76.0   2.34400    -1.740      0.00      0.00      0.00           
  5145.606 112.00124   0.76100    -2.358      0.00      0.00      0.00           
  5145.650 106.00113   1.43500    -3.104      0.00      0.00      0.00           
  5145.679      22.1   5.41900    -1.060      0.00      0.00      0.00           
  5145.690      22.1   5.42300    -1.180     -7.64      0.00      0.00           
  5145.724      27.0   4.47100    -3.260      0.00      0.00      0.00           
  5145.730      26.0   3.69500    -3.270     -7.59      0.00      0.00           
  5145.730      26.1  10.41400    -0.213     -7.59      0.00      0.00           
  5145.737 106.00113   1.71600    -6.370      0.00      0.00      0.00           
  5145.739 106.00113   1.50300    -5.823      0.00      0.00      0.00           
  5145.741      24.0   3.11300    -2.982     -7.79      0.00      0.00           
  5145.741      24.0   3.11000    -3.180      0.00      0.00      0.00           
  5145.744 112.00124   0.76100     0.092      0.00      0.00      0.00           
  5145.749 112.00124   0.26700     0.180      0.00      0.00      0.00           
  5145.750      74.0   2.60000    -0.880      0.00      0.00      0.00           
  5145.750      74.0   2.60200    -0.880      0.00      0.00      0.00           
  5145.760 106.00113   1.43500    -7.275      0.00      0.00      0.00           
  5145.795 112.00125   0.26700     0.180      0.00      0.00      0.00           
  5145.822      26.1  10.41400    -0.144     -7.59      0.00      0.00           
  5145.824 112.00124   0.26800    -2.863      0.00      0.00      0.00           
  5145.836      58.1   0.80800    -1.550      0.00      0.00      0.00           
  5145.838 112.00126   0.26700     0.180      0.00      0.00      0.00           
  5145.846 106.00112   1.56700    -8.210      0.00      0.00      0.00           
  5145.852 106.00113   1.43500    -3.006      0.00      0.00      0.00           
  5145.853      23.0   1.94200    -3.010     -7.77      0.00      0.00           
  5145.853      23.0   1.94100    -3.040      0.00      0.00      0.00           
  5145.854      26.0   4.54900    -3.887     -7.35      0.00      0.00           
  5145.890 106.00113   1.71600    -4.205      0.00      0.00      0.00           
  5145.895 106.00112   1.56700   -10.658      0.00      0.00      0.00           
  5145.897 106.00112   1.72300    -4.193      0.00      0.00      0.00           
  5145.962 106.00113   1.68800   -12.276      0.00      0.00      0.00           
  5145.973      23.0   1.80200    -4.410      0.00      0.00      0.00           
  5145.974 106.00113   2.05000   -10.121      0.00      0.00      0.00           
  5146.002 112.00124   0.37500    -0.621      0.00      0.00      0.00           
  5146.052      24.1   3.74400    -6.840      0.00      0.00      0.00           
  5146.117 106.00113   1.68800    -9.312      0.00      0.00      0.00           
  5146.118      26.1   2.82800    -4.079     -7.89      0.00      0.00           
  5146.127      26.1   2.82800    -3.910      0.00      0.00      0.00           
  5146.130 106.00112   1.72300    -6.370      0.00      0.00      0.00           
  5146.144 112.00124   0.29100     0.506      0.00      0.00      0.00           
  5146.158 112.00124   0.26700    -2.861      0.00      0.00      0.00           
  5146.158      27.0   3.27700    -4.620      0.00      0.00      0.00           
  5146.160      27.0   1.73900    -3.620      0.00      0.00      0.00           
  5146.160      27.0   1.74000    -3.660     -7.69      0.00      0.00           
  5146.213 112.00125   0.29000     0.506      0.00      0.00      0.00           
  5146.215 114.00128   1.22500    -3.281      0.00      0.00      0.00           
  5146.220 106.00112   1.72300    -4.205      0.00      0.00      0.00           
  5146.232 112.00124   0.26800     0.219      0.00      0.00      0.00           
  5146.249 114.00128   1.22500    -3.281      0.00      0.00      0.00           
  5146.274 112.00124   0.29100    -3.131      0.00      0.00      0.00           
  5146.277 112.00126   0.29000     0.506      0.00      0.00      0.00           
  5146.281 112.00125   0.26700     0.219      0.00      0.00      0.00           
  5146.291      23.0   1.87100    -6.600      0.00      0.00      0.00           
  5146.303       8.0  10.98900    -2.570      0.00      0.00      0.00           
  5146.306      26.0   4.37100    -1.930     -7.12      0.00      0.00           
  5146.308      26.0   4.36800    -2.030      0.00      0.00      0.00           
  5146.308 106.00113   1.68800   -13.534      0.00      0.00      0.00           
  5146.312      24.1   5.66600    -5.280      0.00      0.00      0.00           
  5146.314      21.0   5.31700    -3.030      0.00      0.00      0.00           
  5146.325 112.00126   0.26700     0.219      0.00      0.00      0.00           
  5146.362      23.0   3.86900    -3.950      0.00      0.00      0.00           
  5146.378 112.00124   0.29100    -3.131      0.00      0.00      0.00           
  5146.436      23.0   1.85200    -8.540      0.00      0.00      0.00           
  5146.437      20.0   4.73200    -2.070      0.00      0.00      0.00           
  5146.444 114.00128   1.77900    -2.269      0.00      0.00      0.00           
  5146.451       8.0  10.98900    -2.340      0.00      0.00      0.00           
  5146.460      27.1   3.48300    -4.880      0.00      0.00      0.00           
  5146.463      26.1  11.20700    -0.946     -7.48      0.00      0.00           
  5146.468      24.0   3.07700    -6.010      0.00      0.00      0.00           
  5146.480      28.0   3.70300     0.120      0.00      0.00      0.00           
  5146.482      28.0   3.70600     0.060     -7.50      0.00      0.00           
  5146.484      76.0   3.39100    -1.930      0.00      0.00      0.00           
  5146.493       8.0  10.98900    -3.040      0.00      0.00      0.00           
  5146.509 112.00124   0.29100     0.528      0.00      0.00      0.00           
  5146.531 112.00124   0.93600     0.277      0.00      0.00      0.00           
  5146.548 114.00128   1.77900    -2.269      0.00      0.00      0.00           
  5146.578 112.00125   0.29000     0.528      0.00      0.00      0.00           
  5146.582      23.1   3.75500    -3.470      0.00      0.00      0.00           
  5146.642 112.00126   0.29000     0.528      0.00      0.00      0.00           
  5146.654      27.0   4.14300    -4.410      0.00      0.00      0.00           
  5146.682 112.00124   0.93600    -2.474      0.00      0.00      0.00           
  5146.687 112.00124   0.97700    -2.592      0.00      0.00      0.00           
  5146.696      42.0   3.39300    -1.550      0.00      0.00      0.00           
  5146.749      27.0   3.56500    -0.320      0.00      0.00      0.00           
  5146.752      27.0   3.56800    -0.320     -7.22      0.00      0.00           
  5146.756 114.00128   1.36900    -2.828      0.00      0.00      0.00           
  5146.767      21.0   4.18700    -3.020      0.00      0.00      0.00           
  5146.807      22.0   3.12800    -1.580     -7.66      0.00      0.00           
  5146.823      27.0   3.62900    -2.390      0.00      0.00      0.00           
  5146.827      27.0   3.63200    -2.338     -7.55      0.00      0.00           
  5146.839 112.00124   1.05400     0.431      0.00      0.00      0.00           
  5146.855 112.00124   0.93600     0.291      0.00      0.00      0.00           
  5146.862 112.00124   0.97700    -0.082      0.00      0.00      0.00           
  5146.910      58.1   1.31800    -1.430      0.00      0.00      0.00           
  5146.910      58.1   1.31900    -1.430      0.00      0.00      0.00           
  5146.916 112.00124   0.37500    -1.680      0.00      0.00      0.00           
  5146.957 112.00124   0.37500    -0.499      0.00      0.00      0.00           
  5146.982 112.00124   0.73000     0.058      0.00      0.00      0.00           
  5146.998      27.0   4.05500    -1.290      0.00      0.00      0.00           
  5146.999      27.0   4.05800    -0.835     -7.51      0.00      0.00           
  5147.022      70.1   4.75400    -0.940      0.00      0.00      0.00           
  5147.022      70.1   4.75000    -0.920      0.00      0.00      0.00           
  5147.088 114.00128   1.36900    -2.828      0.00      0.00      0.00           
  5147.091      21.0   2.14400     0.150      0.00      0.00      0.00           
  5147.091      21.0   2.14600    -1.041     -7.73      0.00      0.00           
  5147.094 112.00124   1.05400    -2.508      0.00      0.00      0.00           
  5147.166      26.0   4.32000    -5.015     -7.51      0.00      0.00           
  5147.188 112.00124   0.97700    -0.125      0.00      0.00      0.00           
  5147.242      44.0   1.00200    -1.260      0.00      0.00      0.00           
  5147.242      44.0   1.00200    -1.470      0.00      0.00      0.00           
  5147.260 114.00128   1.74200    -2.473      0.00      0.00      0.00           
  5147.289 112.00124   1.05400     0.442      0.00      0.00      0.00           
  5147.294 112.00124   0.73000    -2.336      0.00      0.00      0.00           
  5147.294 112.00124   0.35500    -1.416      0.00      0.00      0.00           
  5147.305      26.1  13.01800    -0.042     -7.35      0.00      0.00           
  5147.354 114.00128   1.74200    -2.473      0.00      0.00      0.00           
  5147.377 106.00113   1.42600    -6.743      0.00      0.00      0.00           
  5147.383      42.0   2.28900    -1.390      0.00      0.00      0.00           
  5147.383      42.0   2.29100    -1.391      0.00      0.00      0.00           
  5147.401      24.0   3.43500    -2.286     -7.78      0.00      0.00           
  5147.402      24.0   3.43200    -2.590      0.00      0.00      0.00           
  5147.428 112.00124   0.73000     0.078      0.00      0.00      0.00           
  5147.459      59.0   0.17100    -0.640      0.00      0.00      0.00           
  5147.459      59.0   0.17100    -0.640      0.00      0.00      0.00           
  5147.460 106.00112   1.43100    -6.795      0.00      0.00      0.00           
  5147.462 112.00124   0.18200    -0.603      0.00      0.00      0.00           
  5147.475      23.0   2.12100    -2.760      0.00      0.00      0.00           
  5147.475      23.0   2.12200    -2.733     -7.77      0.00      0.00           
  5147.478      22.0   0.00000    -1.940      0.00      0.00      0.00           
  5147.478 112.00124   0.18200    -1.520      0.00      0.00      0.00           
  5147.478      22.0   0.00000    -1.940     -7.73      0.00      0.00           
  5147.503 112.00125   0.18100    -0.603      0.00      0.00      0.00           
  5147.531      26.1  13.04600     0.055     -7.58      0.00      0.00           
  5147.539      41.0   1.89300    -0.980      0.00      0.00      0.00           
  5147.539      41.0   1.89500    -0.980      0.00      0.00      0.00           
  5147.541 112.00126   0.18100    -0.603      0.00      0.00      0.00           
  5147.565      58.1   1.27800    -0.300      0.00      0.00      0.00           
  5147.565      58.1   1.27900    -0.300      0.00      0.00      0.00           
  5147.589      28.0   4.53800    -4.399     -7.15      0.00      0.00           
  5147.623      73.0   1.39300    -1.680      0.00      0.00      0.00           
  5147.623      73.0   1.39400    -1.680      0.00      0.00      0.00           
  5147.634      23.0   3.27800    -1.357     -7.30      0.00      0.00           
  5147.666 106.00113   1.07700    -3.459      0.00      0.00      0.00           
  5147.676      26.0   4.95200    -1.710      0.00      0.00      0.00           
  5147.676      26.0   4.95600    -2.327     -7.26      0.00      0.00           
  5147.710 106.00113   1.07700    -7.555      0.00      0.00      0.00           
  5147.723      26.1  13.47000    -0.490     -7.59      0.00      0.00           
  5147.734      26.1  12.87100    -0.364     -7.54      0.00      0.00           
  5147.739 112.00124   0.25300     0.138      0.00      0.00      0.00           
  5147.750 106.00113   1.20500    -2.919      0.00      0.00      0.00           
  5147.752      27.1  11.47100     0.214     -7.58      0.00      0.00           
  5147.753 112.00124   0.17700    -1.121      0.00      0.00      0.00           
  5147.760      22.0   3.56900    -1.055     -7.56      0.00      0.00           
  5147.761      22.0   3.56700    -1.310      0.00      0.00      0.00           
  5147.765 112.00124   0.01400    -1.522      0.00      0.00      0.00           
  5147.782 112.00125   0.25200     0.138      0.00      0.00      0.00           
  5147.797 112.00124   0.38400    -0.525      0.00      0.00      0.00           
  5147.807 112.00124   0.25300    -2.826      0.00      0.00      0.00           
  5147.822 112.00126   0.25200     0.138      0.00      0.00      0.00           
  5147.824 106.00113   1.20500    -6.112      0.00      0.00      0.00           
  5147.848      58.1   1.69400    -3.470      0.00      0.00      0.00           
  5147.887 106.00113   1.59300    -0.328      0.00      0.00      0.00           
  5147.893 106.00113   1.20500    -6.191      0.00      0.00      0.00           
  5147.921      26.1  12.84700    -2.540     -7.59      0.00      0.00           
  5147.922      58.1   1.48200    -1.270      0.00      0.00      0.00           
  5147.923      26.1  11.66400    -4.376     -7.42      0.00      0.00           
  5147.941      28.1  14.41700    -3.969     -7.37      0.00      0.00           
  5147.967 106.00113   1.20500    -2.854      0.00      0.00      0.00           
  5147.985 114.00128   1.23600    -2.976      0.00      0.00      0.00           
  5148.014      22.0   3.92100    -3.796     -7.18      0.00      0.00           
  5148.015      22.0   3.92100    -5.139     -7.18      0.00      0.00           
  5148.019 106.00113   2.21500   -10.092      0.00      0.00      0.00           
  5148.028      58.1   1.40400    -2.250      0.00      0.00      0.00           
  5148.040      27.1   5.46200    -4.000      0.00      0.00      0.00           
  5148.042      26.0   4.28300    -0.703     -7.52      0.00      0.00           
  5148.043      26.0   4.28000    -0.660      0.00      0.00      0.00           
  5148.049 106.00113   1.59300    -4.332      0.00      0.00      0.00           
  5148.050      26.1  12.87400    -1.887     -7.59      0.00      0.00           
  5148.050      28.1  14.23800    -3.161     -7.27      0.00      0.00           
  5148.063      28.1  14.27300    -5.241     -7.21      0.00      0.00           
  5148.072 106.00113   1.07700    -3.399      0.00      0.00      0.00           
  5148.087      20.0   4.73500    -2.170      0.00      0.00      0.00           
  5148.095      24.1  12.60900    -6.622     -7.25      0.00      0.00           
  5148.096 106.00113   1.59300     0.099      0.00      0.00      0.00           
  5148.110      26.1  11.16700    -8.775     -7.63      0.00      0.00           
  5148.122      28.1  14.27200    -5.181     -7.21      0.00      0.00           
  5148.123 114.00128   1.44200    -2.731      0.00      0.00      0.00           
  5148.132      24.1  12.60900    -5.843     -7.25      0.00      0.00           
  5148.183      69.1   4.23500    -3.100      0.00      0.00      0.00           
  5148.183      26.1  12.88700    -2.848     -7.51      0.00      0.00           
  5148.183 112.00124   0.25300    -2.823      0.00      0.00      0.00           
  5148.184 114.00128   1.44200    -2.731      0.00      0.00      0.00           
  5148.191      26.1   3.19700    -5.660     -7.88      0.00      0.00           
  5148.194      58.1   0.73700    -2.440      0.00      0.00      0.00           
  5148.201      26.1   3.19500    -5.380      0.00      0.00      0.00           
  5148.212      20.0   4.73200    -1.900      0.00      0.00      0.00           
  5148.212      90.1   1.88800    -0.670      0.00      0.00      0.00           
  5148.212      90.1   1.89000    -0.673      0.00      0.00      0.00           
  5148.221      26.1  13.04800    -2.374     -7.51      0.00      0.00           
  5148.229      26.0   4.25300    -0.290      0.00      0.00      0.00           
  5148.229      26.1   6.22300    -5.353     -7.86      0.00      0.00           
  5148.229      26.0   4.25600    -0.243     -7.51      0.00      0.00           
  5148.229      58.1   2.16700    -0.900      0.00      0.00      0.00           
  5148.230      22.0   3.92100    -3.992     -7.18      0.00      0.00           
  5148.231      26.1   6.21800    -4.760      0.00      0.00      0.00           
  5148.231      22.0   3.92100    -5.592     -7.18      0.00      0.00           
  5148.242      26.1  11.78400    -6.644     -7.41      0.00      0.00           
  5148.252 112.00124   0.25300     0.181      0.00      0.00      0.00           
  5148.262 114.00128   1.23600    -2.976      0.00      0.00      0.00           
  5148.287      58.1   1.70600    -2.540      0.00      0.00      0.00           
  5148.292 112.00124   0.70100     0.042      0.00      0.00      0.00           
  5148.297 112.00125   0.25200     0.181      0.00      0.00      0.00           
  5148.302      22.0   2.77800    -2.618     -7.55      0.00      0.00           
  5148.302      22.0   2.77600    -3.540      0.00      0.00      0.00           
  5148.318      22.0   3.92100    -3.337     -7.18      0.00      0.00           
  5148.321 106.00113   1.53600    -9.734      0.00      0.00      0.00           
  5148.335 106.00112   1.72500   -14.349      0.00      0.00      0.00           
  5148.338 112.00126   0.25200     0.181      0.00      0.00      0.00           
  5148.351 106.00112   2.37000    -9.412      0.00      0.00      0.00           
  5148.366      39.1   7.93600    -1.074     -7.29      0.00      0.00           
  5148.372 106.00113   1.53600    -8.447      0.00      0.00      0.00           
  5148.381      26.1  11.05000    -4.504     -7.65      0.00      0.00           
  5148.382       6.0   8.64100    -3.190      0.00      0.00      0.00           
  5148.385       6.0   8.64700    -5.368     -6.75      0.00      0.00           
  5148.390      27.1  11.42200    -1.120     -7.57      0.00      0.00           
  5148.395      23.0   2.29500    -0.138     -7.56      0.00      0.00           
  5148.396      26.1   8.07300    -5.647     -7.74      0.00      0.00           
  5148.405      58.1   0.87600    -2.510      0.00      0.00      0.00           
  5148.412      23.0   2.29400    -1.240      0.00      0.00      0.00           
  5148.413      24.1  12.60900    -6.226     -7.25      0.00      0.00           
  5148.426      26.1  12.98600    -3.476     -7.51      0.00      0.00           
  5148.430      42.0   3.49900    -1.190      0.00      0.00      0.00           
  5148.430      42.0   3.50100    -1.193      0.00      0.00      0.00           
  5148.444 106.00112   1.72500    -9.308      0.00      0.00      0.00           
  5148.450 114.00128   1.70500    -2.628      0.00      0.00      0.00           
  5148.455 114.00128   1.70500    -2.628      0.00      0.00      0.00           
  5148.482 106.00112   1.72500    -8.669      0.00      0.00      0.00           
  5148.522      28.1  14.41700    -3.886     -7.37      0.00      0.00           
  5148.533      26.1  12.87400     0.342     -7.59      0.00      0.00           
  5148.533      24.1  10.07200    -6.729     -7.66      0.00      0.00           
  5148.541      28.1  14.41700    -3.034     -7.37      0.00      0.00           
  5148.546      58.1   1.36500    -0.880      0.00      0.00      0.00           
  5148.553      25.0   4.42500    -9.589     -7.74      0.00      0.00           
  5148.577      26.1  12.84600    -1.784     -7.59      0.00      0.00           
  5148.583 112.00124   0.38400    -1.747      0.00      0.00      0.00           
  5148.588      24.1   8.63400    -1.950     -7.53      0.00      0.00           
  5148.599      23.1   6.90100    -2.811     -7.70      0.00      0.00           
  5148.599      23.1   6.89600    -2.760      0.00      0.00      0.00           
  5148.612      23.1   3.75500    -4.190      0.00      0.00      0.00           
  5148.630 112.00124   0.38400    -0.428      0.00      0.00      0.00           
  5148.631      23.1   3.75800    -3.724     -7.85      0.00      0.00           
  5148.662      28.0   3.67900    -1.840     -7.58      0.00      0.00           
  5148.667      26.1   8.19300    -7.965     -7.74      0.00      0.00           
  5148.668 114.00128   1.21700    -3.379      0.00      0.00      0.00           
  5148.668      28.0   3.67600    -1.850      0.00      0.00      0.00           
  5148.683      26.1  12.86400    -0.052     -7.60      0.00      0.00           
  5148.685 114.00128   1.21700    -3.379      0.00      0.00      0.00           
  5148.701      23.0   2.25500    -0.190      0.00      0.00      0.00           
  5148.702      27.0   4.14300    -2.880      0.00      0.00      0.00           
  5148.703      27.0   4.14600    -3.214     -7.51      0.00      0.00           
  5148.705      23.0   2.25600    -0.912     -7.56      0.00      0.00           
  5148.708 112.00124   0.70100    -2.313      0.00      0.00      0.00           
  5148.721      58.1   0.73700    -3.600      0.00      0.00      0.00           
  5148.734 112.00124   0.18200    -0.549      0.00      0.00      0.00           
  5148.745 106.00113   2.15800    -3.487      0.00      0.00      0.00           
  5148.755      73.0   2.15500    -1.460      0.00      0.00      0.00           
  5148.755      73.0   2.15400    -1.460      0.00      0.00      0.00           
  5148.779      28.1   9.90900    -4.285     -7.77      0.00      0.00           
  5148.784 112.00125   0.18100    -0.549      0.00      0.00      0.00           
  5148.820      26.1  13.44800    -2.111     -7.59      0.00      0.00           
  5148.826 112.00126   0.18100    -0.549      0.00      0.00      0.00           
  5148.838 112.00124   0.70100     0.064      0.00      0.00      0.00           
  5148.838      11.0   2.10200    -2.044      0.00      0.00      0.00           
  5148.839      11.0   2.10100    -2.060      0.00      0.00      0.00           
  5148.886 106.00113   1.83700    -3.813      0.00      0.00      0.00           
  5148.898      26.1  10.41400    -0.417     -7.59      0.00      0.00           
  5148.899      28.1  14.23800    -2.613     -7.27      0.00      0.00           
  5148.905      25.0   4.43500    -9.995     -7.74      0.00      0.00           
  5148.923      27.1   8.37200    -3.637     -7.68      0.00      0.00           
  5148.926 106.00113   2.15800    -3.522      0.00      0.00      0.00           
  5148.932      58.1   0.58700    -3.300      0.00      0.00      0.00           
  5148.941      26.1  10.93400    -2.568     -7.44      0.00      0.00           
  5148.962      24.1  10.27600    -6.669     -7.66      0.00      0.00           
  5148.993 106.00113   2.15800    -5.744      0.00      0.00      0.00           
  5148.999      26.1   8.30700    -4.511     -7.53      0.00      0.00           
  5149.004      26.1  13.04500    -0.036     -7.54      0.00      0.00           
  5149.037      22.0   3.06200    -4.184     -7.51      0.00      0.00           
  5149.050 112.00124   0.56500    -1.891      0.00      0.00      0.00           
  5149.065 106.00113   1.83700    -5.953      0.00      0.00      0.00           
  5149.077      22.0   3.42100    -3.550      0.00      0.00      0.00           
  5149.077      22.0   3.42400    -4.810     -7.66      0.00      0.00           
  5149.088      26.1  13.04600     0.279     -7.54      0.00      0.00           
  5149.090      27.0   4.04600    -0.700      0.00      0.00      0.00           
  5149.097      27.0   4.04900    -0.708     -7.51      0.00      0.00           
  5149.133      22.0   3.57400    -3.462     -7.33      0.00      0.00           
  5149.148      25.0   3.13400    -1.900     -7.56      0.00      0.00           
  5149.153      69.1   3.76600    -2.550      0.00      0.00      0.00           
  5149.156      25.0   3.13200    -1.900      0.00      0.00      0.00           
  5149.158      26.1  12.75600    -6.660     -7.48      0.00      0.00           
  5149.168 106.00113   1.83700    -3.827      0.00      0.00      0.00           
  5149.194      26.1  13.04400    -3.010     -7.22      0.00      0.00           
  5149.195      26.1  10.93000    -2.912     -7.44      0.00      0.00           
  5149.206      23.1   6.16600    -7.303     -7.65      0.00      0.00           
  5149.214      26.1  11.09000    -5.724     -7.72      0.00      0.00           
  5149.220      24.1  12.63400    -6.143     -7.25      0.00      0.00           
  5149.230      26.1  12.84500     0.410     -7.59      0.00      0.00           
  5149.270 112.00124   1.10500    -3.358      0.00      0.00      0.00           
  5149.294      26.0   5.07000    -9.678     -7.18      0.00      0.00           
  5149.331      22.0   1.05200    -4.260      0.00      0.00      0.00           
  5149.331      22.0   1.05300    -4.205     -7.77      0.00      0.00           
  5149.361 106.00113   1.59600    -3.628      0.00      0.00      0.00           
  5149.365      64.1   1.62100    -1.610      0.00      0.00      0.00           
  5149.370      64.1   1.62000    -1.510      0.00      0.00      0.00           
  5149.379 112.00124   0.39500    -0.448      0.00      0.00      0.00           
  5149.389      24.1  12.05000    -9.131     -7.32      0.00      0.00           
  5149.391      26.1  13.05800    -1.645     -7.57      0.00      0.00           
  5149.391      22.0   3.57400    -5.039     -7.33      0.00      0.00           
  5149.392      69.1   2.95100    -0.560      0.00      0.00      0.00           
  5149.392      69.1   2.94900    -0.380      0.00      0.00      0.00           
  5149.432      26.1  13.04800    -0.251     -7.52      0.00      0.00           
  5149.441 106.00113   1.65100    -6.487      0.00      0.00      0.00           
  5149.447      24.0   3.96600    -4.934     -7.79      0.00      0.00           
  5149.462      26.1  10.44800     0.554     -7.59      0.00      0.00           
  5149.463      15.0   6.93600    -1.970      0.00      0.00      0.00           
  5149.463      15.0   6.93000    -1.970      0.00      0.00      0.00           
  5149.468 112.00124   0.05100    -0.103      0.00      0.00      0.00           
  5149.469      22.0   2.77800    -4.683     -7.55      0.00      0.00           
  5149.470      26.1  11.20800    -0.645     -7.48      0.00      0.00           
  5149.479      69.1   4.35500    -2.330      0.00      0.00      0.00           
  5149.480      24.0   3.12200    -2.548     -7.79      0.00      0.00           
  5149.481      24.0   3.11900    -2.740      0.00      0.00      0.00           
  5149.502      26.0   3.94300    -3.218     -7.55      0.00      0.00           
  5149.503      26.0   3.94000    -3.070      0.00      0.00      0.00           
  5149.527 112.00124   0.05100    -1.828      0.00      0.00      0.00           
  5149.531 112.00125   0.05100    -0.103      0.00      0.00      0.00           
  5149.533      69.1   4.08100    -0.330      0.00      0.00      0.00           
  5149.547      60.0   0.14000    -0.480      0.00      0.00      0.00           
  5149.547 112.00124   0.23900     0.092      0.00      0.00      0.00           
  5149.547      60.0   0.14000    -0.481      0.00      0.00      0.00           
  5149.568      26.1  11.21900    -5.462     -7.64      0.00      0.00           
  5149.578      28.1  14.41700    -4.445     -7.37      0.00      0.00           
  5149.586      28.1  14.41700    -3.355     -7.37      0.00      0.00           
  5149.588 112.00125   0.23900     0.092      0.00      0.00      0.00           
  5149.589 112.00126   0.05100    -0.103      0.00      0.00      0.00           
  5149.593      26.1  11.18500    -4.946     -7.55      0.00      0.00           
  5149.596      22.1   7.72100    -3.617     -7.57      0.00      0.00           
  5149.610 112.00124   0.23900    -2.785      0.00      0.00      0.00           
  5149.625 112.00126   0.23900     0.092      0.00      0.00      0.00           
  5149.652      58.1   1.45600    -1.860      0.00      0.00      0.00           
  5149.657      69.1   4.04100    -2.850      0.00      0.00      0.00           
  5149.658      58.0   0.20600    -0.540      0.00      0.00      0.00           
  5149.658      58.0   0.20600    -0.543      0.00      0.00      0.00           
  5149.665      24.1  12.11700    -5.219     -7.32      0.00      0.00           
  5149.684      24.1  12.04700    -5.463     -7.32      0.00      0.00           
  5149.692      69.1   3.29500    -3.150      0.00      0.00      0.00           
  5149.724      28.1  14.40000    -3.322     -7.18      0.00      0.00           
  5149.729      70.1   7.08000    -2.670      0.00      0.00      0.00           
  5149.737      76.0   1.90800    -1.710      0.00      0.00      0.00           
  5149.737      76.0   1.90800    -1.400      0.00      0.00      0.00           
  5149.739      24.1   6.82200    -2.069     -7.87      0.00      0.00           
  5149.740      26.1  11.28900    -5.184     -7.63      0.00      0.00           
  5149.741      26.1  12.28200    -7.398     -7.30      0.00      0.00           
  5149.765      22.0   3.59000    -5.660     -7.59      0.00      0.00           
  5149.794      27.0   1.73900    -2.640      0.00      0.00      0.00           
  5149.794      27.0   1.74000    -2.760     -7.65      0.00      0.00           
  5149.799 112.00124   0.26400     0.485      0.00      0.00      0.00           
  5149.800      24.1  12.63800    -4.773     -7.25      0.00      0.00           
  5149.816      24.0   3.07700    -3.420      0.00      0.00      0.00           
  5149.816      24.0   3.07900    -3.152     -7.80      0.00      0.00           
  5149.828      64.1   1.59800    -1.400      0.00      0.00      0.00           
  5149.830      64.1   1.59700    -1.330      0.00      0.00      0.00           
  5149.853 114.00128   1.39300    -2.799      0.00      0.00      0.00           
  5149.863 112.00125   0.26300     0.485      0.00      0.00      0.00           
  5149.865 106.00112   1.43200    -6.743      0.00      0.00      0.00           
  5149.875      24.1  12.63800    -4.989     -7.25      0.00      0.00           
  5149.876      22.0   3.57400    -3.671     -7.33      0.00      0.00           
  5149.888      28.1  14.32900    -4.003     -7.26      0.00      0.00           
  5149.888 112.00124   0.89600     0.268      0.00      0.00      0.00           
  5149.900      24.0   4.19300    -5.719     -7.54      0.00      0.00           
  5149.903 106.00112   2.16500    -3.487      0.00      0.00      0.00           
  5149.912      27.1   8.01000    -4.235     -7.69      0.00      0.00           
  5149.914      24.1  11.24900    -4.697     -7.42      0.00      0.00           
  5149.922 112.00126   0.26300     0.485      0.00      0.00      0.00           
  5149.925 112.00124   0.26400    -3.109      0.00      0.00      0.00           
  5149.928      23.0   2.57900    -4.060      0.00      0.00      0.00           
  5149.928      23.0   2.58100    -4.684     -7.75      0.00      0.00           
  5149.941      26.1   7.72700    -4.651     -7.76      0.00      0.00           
  5149.950 106.00112   2.16500    -3.521      0.00      0.00      0.00           
  5149.964      27.1   8.08100    -4.177     -7.69      0.00      0.00           
  5149.975      24.0   0.96800   -10.565     -7.79      0.00      0.00           
  5149.975      24.0   0.96800   -11.105     -7.79      0.00      0.00           
  5150.000      58.1   1.52800    -1.950      0.00      0.00      0.00           
  5150.007      26.1  13.04500    -0.744     -7.54      0.00      0.00           
  5150.021      20.0   5.31700    -5.660      0.00      0.00      0.00           
  5150.030 112.00124   0.05100    -0.068      0.00      0.00      0.00           
  5150.034 112.00124   0.23900    -2.782      0.00      0.00      0.00           
  5150.038 106.00112   2.16500    -5.744      0.00      0.00      0.00           
  5150.041 112.00124   0.26400    -3.108      0.00      0.00      0.00           
  5150.047      24.1  10.68300    -3.170     -7.57      0.00      0.00           
  5150.063      23.1   8.79000    -4.638     -7.57      0.00      0.00           
  5150.072 112.00124   0.39500    -1.806      0.00      0.00      0.00           
  5150.079      69.1   4.69200    -2.190      0.00      0.00      0.00           
  5150.088 114.00128   1.61300    -2.586      0.00      0.00      0.00           
  5150.096 112.00125   0.05100    -0.068      0.00      0.00      0.00           
  5150.097 112.00124   0.23900     0.140      0.00      0.00      0.00           
  5150.105       6.0   8.64100    -3.710      0.00      0.00      0.00           
  5150.107       6.0   8.64700    -3.408     -6.75      0.00      0.00           
  5150.112 112.00124   0.89600    -2.456      0.00      0.00      0.00           
  5150.117      22.0   3.57400    -4.707     -7.33      0.00      0.00           
  5150.119      20.0   5.29500    -5.600      0.00      0.00      0.00           
  5150.122      26.0   3.07100    -4.397     -7.82      0.00      0.00           
  5150.122      26.0   3.06900    -4.280      0.00      0.00      0.00           
  5150.125 112.00124   0.39500    -0.368      0.00      0.00      0.00           
  5150.140 112.00125   0.23900     0.140      0.00      0.00      0.00           
  5150.148      24.0   5.25800    -1.430      0.00      0.00      0.00           
  5150.155 112.00126   0.05100    -0.068      0.00      0.00      0.00           
  5150.167 112.00124   0.26400     0.508      0.00      0.00      0.00           
  5150.170      24.0   3.44900    -0.717     -7.78      0.00      0.00           
  5150.170      24.0   3.44600    -1.540      0.00      0.00      0.00           
  5150.178 112.00126   0.23900     0.140      0.00      0.00      0.00           
  5150.184 114.00128   1.61300    -2.586      0.00      0.00      0.00           
  5150.190      21.0   2.13800    -0.380      0.00      0.00      0.00           
  5150.190      21.0   2.13900    -1.785     -7.73      0.00      0.00           
  5150.197      26.0   3.57100    -2.620      0.00      0.00      0.00           
  5150.197      26.0   3.57300    -2.434     -7.82      0.00      0.00           
  5150.197      26.1  12.89700     0.205     -7.59      0.00      0.00           
  5150.201      25.1   5.98800    -3.300      0.00      0.00      0.00           
  5150.201      25.1   5.99300    -3.300     -7.87      0.00      0.00           
  5150.214 114.00128   1.39300    -2.799      0.00      0.00      0.00           
  5150.217      28.1  12.22000    -3.166     -7.78      0.00      0.00           
  5150.231 112.00125   0.26300     0.508      0.00      0.00      0.00           
  5150.231 106.00113   2.43600    -3.559      0.00      0.00      0.00           
  5150.250      26.1  13.44800    -0.767     -7.59      0.00      0.00           
  5150.273      26.0   5.00600    -2.640      0.00      0.00      0.00           
  5150.273      26.0   5.01000    -4.594     -7.42      0.00      0.00           
  5150.284 112.00124   0.89600     0.282      0.00      0.00      0.00           
  5150.290 112.00126   0.26300     0.508      0.00      0.00      0.00           
  5150.297      27.1  10.28600    -4.113     -7.68      0.00      0.00           
  5150.312      24.1  11.22200    -5.193     -7.42      0.00      0.00           
  5150.323      26.1  13.06800    -5.380     -7.59      0.00      0.00           
  5150.380      22.0   3.57400    -6.448     -7.33      0.00      0.00           
  5150.383      24.0   3.08700    -3.322     -7.80      0.00      0.00           
  5150.383      24.0   3.08500    -3.530      0.00      0.00      0.00           
  5150.394      58.1   3.55000    -1.960      0.00      0.00      0.00           
  5150.395      25.0   5.41100    -3.260      0.00      0.00      0.00           
  5150.396      58.0   0.27400    -0.476      0.00      0.00      0.00           
  5150.396      58.0   0.27400    -0.480      0.00      0.00      0.00           
  5150.400      69.0   2.41400    -1.900      0.00      0.00      0.00           
  5150.414      22.0   3.30500    -4.582     -7.67      0.00      0.00           
  5150.414      22.0   3.30300    -2.860      0.00      0.00      0.00           
  5150.418      26.1  12.75700    -5.585     -7.48      0.00      0.00           
  5150.435      15.1  13.67000    -4.138     -7.50      0.00      0.00           
  5150.449      27.0   4.39500    -3.593     -7.54      0.00      0.00           
  5150.451      27.0   4.39200    -3.300      0.00      0.00      0.00           
  5150.458      28.1  11.45300    -6.320     -7.91      0.00      0.00           
  5150.481      26.1  10.44800    -0.078     -7.59      0.00      0.00           
  5150.488      25.1   6.00100    -3.040      0.00      0.00      0.00           
  5150.488      25.1   6.00500    -3.022     -7.87      0.00      0.00           
  5150.547      26.1  11.74900    -4.471     -7.36      0.00      0.00           
  5150.574      20.0   5.29600    -4.590      0.00      0.00      0.00           
  5150.592      26.1  13.04500    -2.003     -7.22      0.00      0.00           
  5150.595      27.1  11.25200    -0.401     -7.57      0.00      0.00           
  5150.606      26.1  11.74000    -5.535     -7.42      0.00      0.00           
  5150.609      26.1  11.30700    -1.830     -7.48      0.00      0.00           
  5150.609      22.0   2.24800    -1.710      0.00      0.00      0.00           
  5150.609      22.0   2.25000    -3.085     -7.68      0.00      0.00           
  5150.620      58.1   1.04200    -2.090      0.00      0.00      0.00           
  5150.623      41.0   1.39500    -1.770      0.00      0.00      0.00           
  5150.623      41.0   1.39300    -1.770      0.00      0.00      0.00           
  5150.650      28.1  14.41700    -4.175     -7.37      0.00      0.00           
  5150.656      26.1  13.01800    -1.038     -7.40      0.00      0.00           
  5150.660      20.1   9.23500    -1.995     -7.39      0.00      0.00           
  5150.661      24.0   4.18600    -5.361     -7.67      0.00      0.00           
  5150.671      26.1  10.75100    -4.044     -7.52      0.00      0.00           
  5150.678      27.1  11.25200     0.234     -7.57      0.00      0.00           
  5150.681      22.0   3.54800    -1.440      0.00      0.00      0.00           
  5150.681      22.0   3.55100    -1.253     -7.59      0.00      0.00           
  5150.690 112.00124   0.17900    -0.737      0.00      0.00      0.00           
  5150.692      25.1  12.11700    -9.402     -7.11      0.00      0.00           
  5150.700 112.00124   0.17900    -1.503      0.00      0.00      0.00           
  5150.724 112.00125   0.17900    -0.737      0.00      0.00      0.00           
  5150.726      26.1  12.28200    -7.931     -7.30      0.00      0.00           
  5150.756 112.00124   0.40600    -0.384      0.00      0.00      0.00           
  5150.757 112.00126   0.17900    -0.737      0.00      0.00      0.00           
  5150.761      26.1  12.87000    -4.393     -7.41      0.00      0.00           
  5150.771      26.1  11.74000    -5.948     -7.38      0.00      0.00           
  5150.780 106.00112   1.55500   -10.535      0.00      0.00      0.00           
  5150.800      26.1  11.05100    -5.528     -7.70      0.00      0.00           
  5150.800      60.1   0.74200    -1.750      0.00      0.00      0.00           
  5150.800      60.1   0.74200    -1.750      0.00      0.00      0.00           
  5150.818 106.00112   1.55500    -8.295      0.00      0.00      0.00           
  5150.839      26.0   0.99000    -3.008     -7.74      0.00      0.00           
  5150.840      26.0   0.98900    -3.040      0.00      0.00      0.00           
  5150.849      25.1  10.07800    -8.032     -7.50      0.00      0.00           
  5150.860      58.1   1.04100    -1.730      0.00      0.00      0.00           
  5150.860      58.1   1.04200    -1.730      0.00      0.00      0.00           
  5150.878      26.1  12.90000    -1.385     -7.59      0.00      0.00           
  5150.894      73.0   1.90700    -1.700      0.00      0.00      0.00           
  5150.894      73.0   1.90800    -1.700      0.00      0.00      0.00           
  5150.899      28.1  14.41500    -0.174     -7.53      0.00      0.00           
  5150.905      26.1  11.67300    -6.533     -7.35      0.00      0.00           
  5150.905   25.0055   3.13300    -3.300      0.00      0.00      0.00           
  5150.905   25.0055   3.13300    -3.380      0.00      0.00      0.00           
  5150.907   25.0055   3.13300    -3.426      0.00      0.00      0.00           
  5150.910   25.0055   3.13300    -2.601      0.00      0.00      0.00           
  5150.910   25.0055   3.13300    -3.778      0.00      0.00      0.00           
  5150.913   25.0055   3.13300    -2.631      0.00      0.00      0.00           
  5150.913   25.0055   3.13300    -2.425      0.00      0.00      0.00           
  5150.917   25.0055   3.13300    -2.358      0.00      0.00      0.00           
  5150.918   25.0055   3.13300    -2.346      0.00      0.00      0.00           
  5150.922   25.0055   3.13300    -2.384      0.00      0.00      0.00           
  5150.924   25.0055   3.13300    -2.124      0.00      0.00      0.00           
  5150.926      28.1  12.29400    -2.101     -7.65      0.00      0.00           
  5150.929      26.1   2.85600    -4.483     -7.89      0.00      0.00           
  5150.929 106.00112   1.65600    -6.487      0.00      0.00      0.00           
  5150.929   25.0055   3.13300    -2.560      0.00      0.00      0.00           
  5150.930      25.0   3.13500    -1.081     -7.56      0.00      0.00           
  5150.932   25.0055   3.13300    -1.940      0.00      0.00      0.00           
  5150.941      26.1   2.85600    -4.480      0.00      0.00      0.00           
  5150.941   25.0055   3.13300    -1.782      0.00      0.00      0.00           
  5150.952   25.0055   3.13300    -1.642      0.00      0.00      0.00           
  5150.952      69.1   4.84700    -2.640      0.00      0.00      0.00           
  5150.962      20.0   4.77600    -2.990      0.00      0.00      0.00           
  5150.978      26.0   5.30500    -4.256     -7.13      0.00      0.00           
  5151.008      21.0   2.56900    -4.252     -7.47      0.00      0.00           
  5151.010      21.1   8.24000    -6.260     -7.44      0.00      0.00           
  5151.010      21.1   8.24000    -3.870     -7.44      0.00      0.00           
  5151.064      26.1  13.01800    -0.312     -7.43      0.00      0.00           
  5151.066      44.0   1.12300    -1.630      0.00      0.00      0.00           
  5151.066      44.0   1.12200    -1.640      0.00      0.00      0.00           
  5151.066 114.00128   1.36500    -3.107      0.00      0.00      0.00           
  5151.138      69.1   2.50800    -2.940      0.00      0.00      0.00           
  5151.148      26.1  13.04800    -1.937     -7.51      0.00      0.00           
  5151.153      22.0   3.57400    -4.118     -7.33      0.00      0.00           
  5151.172 112.00124   0.22700     0.040      0.00      0.00      0.00           
  5151.193 114.00128   1.24900    -2.901      0.00      0.00      0.00           
  5151.210 112.00125   0.22700     0.040      0.00      0.00      0.00           
  5151.228 112.00124   0.22700    -2.741      0.00      0.00      0.00           
  5151.242      26.0   4.98700    -4.250      0.00      0.00      0.00           
  5151.242      26.0   4.99100    -3.981     -7.61      0.00      0.00           
  5151.244 112.00126   0.22600     0.040      0.00      0.00      0.00           
  5151.279 106.00112   1.44100    -3.103      0.00      0.00      0.00           
  5151.281      58.1   1.10700    -2.840      0.00      0.00      0.00           
  5151.329      26.1   9.11200    -1.871     -7.74      0.00      0.00           
  5151.369 106.00113   1.53400    -8.869      0.00      0.00      0.00           
  5151.376 112.00124   0.40600    -1.859      0.00      0.00      0.00           
  5151.392 106.00112   1.44100    -7.275      0.00      0.00      0.00           
  5151.436 112.00124   0.40600    -0.316      0.00      0.00      0.00           
  5151.459 106.00113   2.21700   -10.151      0.00      0.00      0.00           
  5151.470 114.00128   1.25000    -2.901      0.00      0.00      0.00           
  5151.499 106.00112   1.44100    -3.005      0.00      0.00      0.00           
  5151.500 106.00113   1.65200    -6.438      0.00      0.00      0.00           
  5151.512      23.0   2.11300    -2.520      0.00      0.00      0.00           
  5151.512      23.0   2.11500    -2.162     -7.77      0.00      0.00           
  5151.607 114.00128   1.21100    -3.509      0.00      0.00      0.00           
  5151.612      90.0   0.45700    -1.600      0.00      0.00      0.00           
  5151.612      90.0   0.45700    -1.603      0.00      0.00      0.00           
  5151.615 114.00128   1.21100    -3.509      0.00      0.00      0.00           
  5151.636 106.00112   1.55600    -8.223      0.00      0.00      0.00           
  5151.655      24.0   3.54800    -2.740      0.00      0.00      0.00           
  5151.666 114.00128   1.36500    -3.107      0.00      0.00      0.00           
  5151.674 106.00112   1.55600   -10.413      0.00      0.00      0.00           
  5151.681      26.0   4.29100    -2.990      0.00      0.00      0.00           
  5151.681      26.0   4.29400    -4.024     -7.56      0.00      0.00           
  5151.682      27.0   2.63000    -4.762     -7.81      0.00      0.00           
  5151.682      26.0   3.98400    -5.110     -7.54      0.00      0.00           
  5151.685      27.0   2.62800    -5.570      0.00      0.00      0.00           
  5151.690 112.00124   1.00800     0.423      0.00      0.00      0.00           
  5151.712 112.00124   0.22700    -2.736      0.00      0.00      0.00           
  5151.762      24.0   3.44900    -3.501     -7.78      0.00      0.00           
  5151.762      24.0   3.44600    -3.720      0.00      0.00      0.00           
  5151.768 112.00124   0.22700     0.093      0.00      0.00      0.00           
  5151.801 106.00112   1.96100    -6.290      0.00      0.00      0.00           
  5151.808 112.00125   0.22700     0.093      0.00      0.00      0.00           
  5151.826      24.0   1.00300    -3.940      0.00      0.00      0.00           
  5151.827      24.0   1.00400    -4.301     -7.79      0.00      0.00           
  5151.841      23.1   3.75600    -2.540      0.00      0.00      0.00           
  5151.844 112.00126   0.22600     0.093      0.00      0.00      0.00           
  5151.859      90.1   0.51000    -2.737      0.00      0.00      0.00           
  5151.859      90.1   0.51000    -2.740      0.00      0.00      0.00           
  5151.860      23.1   3.75900    -2.406     -7.85      0.00      0.00           
  5151.869 112.00124   0.64500     0.007      0.00      0.00      0.00           
  5151.911      26.0   1.01100    -3.322     -7.74      0.00      0.00           
  5151.911      26.0   1.01000    -3.320      0.00      0.00      0.00           
  5151.930 112.00124   0.42000    -0.329      0.00      0.00      0.00           
  5151.958      24.1   6.80300    -2.782     -7.84      0.00      0.00           
  5151.958      24.1   6.79800    -2.720      0.00      0.00      0.00           
  5151.966 112.00124   1.00800    -2.493      0.00      0.00      0.00           
  5151.967      22.0   3.55600    -1.270      0.00      0.00      0.00           
  5151.967      22.0   3.55900    -1.075     -7.58      0.00      0.00           
  5152.007      22.0   3.10600    -3.540      0.00      0.00      0.00           
  5152.007      22.0   3.10800    -3.358     -7.43      0.00      0.00           
  5152.017      76.0   4.56100     0.050      0.00      0.00      0.00           
  5152.054 112.00124   0.64500    -2.265      0.00      0.00      0.00           
  5152.067      20.0   5.01400    -4.160      0.00      0.00      0.00           
  5152.155 106.00113   1.14000    -6.539      0.00      0.00      0.00           
  5152.159 112.00124   1.00800     0.435      0.00      0.00      0.00           
  5152.177 112.00124   0.64500     0.031      0.00      0.00      0.00           
  5152.183      22.0   0.02100    -1.950      0.00      0.00      0.00           
  5152.184      22.0   0.02100    -1.950     -7.73      0.00      0.00           
  5152.234      23.0   1.94500    -2.533     -7.77      0.00      0.00           
  5152.234      23.0   1.94400    -2.570      0.00      0.00      0.00           
  5152.295      59.1   0.05500    -1.340      0.00      0.00      0.00           
  5152.305      59.1   0.05500    -1.337      0.00      0.00      0.00           
  5152.313 112.00124   0.36000    -1.491      0.00      0.00      0.00           
  5152.382 112.00124   0.17900    -0.697      0.00      0.00      0.00           
  5152.408 106.00113   2.40200    -3.206      0.00      0.00      0.00           
  5152.415 106.00113   2.40200    -6.146      0.00      0.00      0.00           
  5152.427 112.00125   0.17900    -0.697      0.00      0.00      0.00           
  5152.465 112.00126   0.17900    -0.697      0.00      0.00      0.00           
  5152.468      22.0   2.26600    -3.500      0.00      0.00      0.00           
  5152.468      22.0   2.26700    -3.589     -7.68      0.00      0.00           
  5152.493 112.00124   0.42000    -1.907      0.00      0.00      0.00           
  5152.525 106.00113   2.43700    -6.623      0.00      0.00      0.00           
  5152.536      26.0   5.10000    -3.286     -7.60      0.00      0.00           
  5152.558 112.00124   0.42000    -0.270      0.00      0.00      0.00           
  5152.567      22.0   3.18400    -4.160      0.00      0.00      0.00           
  5152.608 112.00124   0.21600    -0.020      0.00      0.00      0.00           
  5152.620      60.1   0.98600    -1.540      0.00      0.00      0.00           
  5152.620      60.1   0.98500    -1.540      0.00      0.00      0.00           
  5152.621 106.00113   2.40200    -5.916      0.00      0.00      0.00           
  5152.622      41.0   1.12100    -1.750      0.00      0.00      0.00           
  5152.622      41.0   1.12000    -1.750      0.00      0.00      0.00           
  5152.627 106.00113   2.40200    -3.240      0.00      0.00      0.00           
  5152.643 112.00125   0.21600    -0.020      0.00      0.00      0.00           
  5152.657 112.00124   0.21600    -2.694      0.00      0.00      0.00           
  5152.676 112.00126   0.21500    -0.020      0.00      0.00      0.00           
  5152.676 106.00113   1.66000    -9.504      0.00      0.00      0.00           
  5152.681 112.00124   0.61800    -0.013      0.00      0.00      0.00           
  5152.705      26.1  12.84500     0.642     -7.59      0.00      0.00           
  5152.774       6.0   8.63400    -4.020      0.00      0.00      0.00           
  5152.779      23.0   3.11300    -0.710      0.00      0.00      0.00           
  5152.841 112.00124   0.67200    -2.397      0.00      0.00      0.00           
  5152.869 106.00113   1.66000   -12.277      0.00      0.00      0.00           
  5152.871      58.1   1.61300    -2.010      0.00      0.00      0.00           
  5152.873      26.1  10.41400    -0.857     -7.59      0.00      0.00           
  5152.905      24.0   4.38500    -1.530      0.00      0.00      0.00           
  5152.905 112.00124   0.43400    -0.281      0.00      0.00      0.00           
  5152.925      21.0   3.18700    -3.220      0.00      0.00      0.00           
  5152.927 112.00124   0.57800    -1.941      0.00      0.00      0.00           
  5152.952 112.00124   0.61800    -2.240      0.00      0.00      0.00           
  5152.967 112.00124   0.67200    -0.237      0.00      0.00      0.00           
  5152.971 106.00112   1.08000    -3.458      0.00      0.00      0.00           
  5152.976      26.1  12.84700     0.767     -7.59      0.00      0.00           
  5152.978      22.0   2.49300    -4.840      0.00      0.00      0.00           
  5152.983 106.00113   1.66000   -12.804      0.00      0.00      0.00           
  5153.001 106.00112   1.65700    -6.438      0.00      0.00      0.00           
  5153.014 106.00112   1.08000    -7.554      0.00      0.00      0.00           
  5153.019 106.00113   2.16000    -3.488      0.00      0.00      0.00           
  5153.052      24.1   6.81700    -3.150      0.00      0.00      0.00           
  5153.055 106.00113   1.95600    -6.289      0.00      0.00      0.00           
  5153.069 112.00124   0.61900     0.013      0.00      0.00      0.00           
  5153.179 112.00124   0.85700     0.258      0.00      0.00      0.00           
  5153.205 106.00113   1.03100    -5.633      0.00      0.00      0.00           
  5153.209      44.0   1.46000    -1.740      0.00      0.00      0.00           
  5153.209      44.0   1.46100    -2.110      0.00      0.00      0.00           
  5153.210       6.0   8.64700    -2.489     -6.76      0.00      0.00           
  5153.213 106.00113   2.16000    -5.704      0.00      0.00      0.00           
  5153.215 112.00124   0.21600    -2.687      0.00      0.00      0.00           
  5153.225   29.0063   3.78300    -0.589      0.00      0.00      0.00           
  5153.225   29.0063   3.78300    -0.589      0.00      0.00      0.00           
  5153.225   29.0063   3.78300    -0.987      0.00      0.00      0.00           
  5153.225   29.0065   3.78300    -0.589      0.00      0.00      0.00           
  5153.225   29.0065   3.78300    -0.589      0.00      0.00      0.00           
  5153.225   29.0065   3.78300    -0.987      0.00      0.00      0.00           
  5153.227      29.0   3.78600    -0.023     -7.50      0.00      0.00           
  5153.227      29.0   3.78600    -0.023     -7.50      0.00      0.00           
  5153.234   29.0065   3.78300    -1.288      0.00      0.00      0.00           
  5153.234   29.0063   3.78300    -0.142      0.00      0.00      0.00           
  5153.234   29.0063   3.78300    -0.589      0.00      0.00      0.00           
  5153.234   29.0063   3.78300    -1.288      0.00      0.00      0.00           
  5153.234   29.0065   3.78300    -0.142      0.00      0.00      0.00           
  5153.234   29.0065   3.78300    -0.589      0.00      0.00      0.00           
  5153.238       6.0   8.64100    -2.600      0.00      0.00      0.00           
  5153.265 112.00124   0.21600     0.041      0.00      0.00      0.00           
  5153.287 112.00124   0.23800     0.463      0.00      0.00      0.00           
  5153.299 106.00112   1.20900    -2.918      0.00      0.00      0.00           
  5153.302 112.00125   0.21600     0.041      0.00      0.00      0.00           
  5153.307 112.00124   0.67200    -0.314      0.00      0.00      0.00           
  5153.307 106.00113   2.16100    -3.522      0.00      0.00      0.00           
  5153.310      23.1   5.53300    -3.970      0.00      0.00      0.00           
  5153.337 112.00126   0.21500     0.041      0.00      0.00      0.00           
  5153.346 112.00125   0.23800     0.463      0.00      0.00      0.00           
  5153.366      42.0   2.52100    -2.560      0.00      0.00      0.00           
  5153.368 114.00128   1.39800    -3.046      0.00      0.00      0.00           
  5153.370 106.00112   1.20900    -6.111      0.00      0.00      0.00           
  5153.381 106.00112   1.08100    -3.398      0.00      0.00      0.00           
  5153.398      21.0   4.18300    -2.670      0.00      0.00      0.00           
  5153.398      21.0   4.18300    -1.530      0.00      0.00      0.00           
  5153.400 112.00126   0.23700     0.463      0.00      0.00      0.00           
  5153.402      11.0   2.10400    -1.743      0.00      0.00      0.00           
  5153.402      11.0   2.10300    -1.760      0.00      0.00      0.00           
  5153.408 112.00124   0.23800    -3.085      0.00      0.00      0.00           
  5153.420 112.00124   0.43400    -1.951      0.00      0.00      0.00           
  5153.424      73.0   0.49100    -2.290      0.00      0.00      0.00           
  5153.424      73.0   0.49100    -2.290      0.00      0.00      0.00           
  5153.438 106.00112   1.20900    -6.190      0.00      0.00      0.00           
  5153.439 112.00124   0.59300    -0.033      0.00      0.00      0.00           
  5153.451 112.00124   0.85700    -2.438      0.00      0.00      0.00           
  5153.454 114.00128   1.39800    -3.046      0.00      0.00      0.00           
  5153.459      23.0   1.86800    -1.970      0.00      0.00      0.00           
  5153.467      23.0   1.87000    -1.887     -7.67      0.00      0.00           
  5153.491 112.00124   0.43400    -0.229      0.00      0.00      0.00           
  5153.498      24.1   3.75800    -2.340      0.00      0.00      0.00           
  5153.498      24.1   3.75800    -2.500     -7.86      0.00      0.00           
  5153.509 106.00112   1.20900    -2.853      0.00      0.00      0.00           
  5153.520      92.1   1.08500    -2.050      0.00      0.00      0.00           
  5153.527      20.0   4.73500    -1.530      0.00      0.00      0.00           
  5153.537 106.00112   2.37200    -9.485      0.00      0.00      0.00           
  5153.540 112.00124   0.23800    -3.085      0.00      0.00      0.00           
  5153.542      26.0   5.00800    -4.320      0.00      0.00      0.00           
  5153.544      23.0   3.26600    -2.264     -7.40      0.00      0.00           
  5153.567       6.0   8.64100    -4.570      0.00      0.00      0.00           
  5153.569       6.0   8.64700    -2.187     -6.75      0.00      0.00           
  5153.620 112.00124   0.85700     0.273      0.00      0.00      0.00           
  5153.660 112.00124   0.23800     0.486      0.00      0.00      0.00           
  5153.661      15.0   6.94900    -2.400      0.00      0.00      0.00           
  5153.661      15.0   6.95400    -2.400      0.00      0.00      0.00           
  5153.682 112.00124   0.45000    -0.239      0.00      0.00      0.00           
  5153.719 112.00125   0.23800     0.486      0.00      0.00      0.00           
  5153.742 106.00113   2.11100    -7.400      0.00      0.00      0.00           
  5153.751 112.00124   0.59300    -2.214      0.00      0.00      0.00           
  5153.773 112.00126   0.23700     0.486      0.00      0.00      0.00           
  5153.782      26.1  12.84700     0.758     -7.59      0.00      0.00           
  5153.784 114.00128   1.41900    -2.771      0.00      0.00      0.00           
  5153.849 112.00124   0.20600    -0.091      0.00      0.00      0.00           
  5153.857      27.0   4.14600    -1.650      0.00      0.00      0.00           
  5153.860      27.0   4.14900    -1.773     -7.54      0.00      0.00           
  5153.865 112.00124   0.59300    -0.007      0.00      0.00      0.00           
  5153.883 112.00125   0.20600    -0.091      0.00      0.00      0.00           
  5153.893 112.00124   0.20600    -2.642      0.00      0.00      0.00           
  5153.902      27.0   4.20600    -1.910      0.00      0.00      0.00           
  5153.903      58.0   0.78500    -0.340      0.00      0.00      0.00           
  5153.903      58.0   0.78600    -0.337      0.00      0.00      0.00           
  5153.912      22.0   3.18400    -2.720      0.00      0.00      0.00           
  5153.912      22.0   3.18600    -1.677     -7.54      0.00      0.00           
  5153.914 112.00126   0.20600    -0.091      0.00      0.00      0.00           
  5153.916      24.0   5.61900    -2.930      0.00      0.00      0.00           
  5153.988      58.0   0.52000    -0.500      0.00      0.00      0.00           
  5153.988      58.0   0.52100    -0.502      0.00      0.00      0.00           
  5154.004 106.00112   1.96200    -6.240      0.00      0.00      0.00           
  5154.035 112.00124   0.56900    -0.056      0.00      0.00      0.00           
  5154.048      92.1   0.28400    -2.520      0.00      0.00      0.00           
  5154.059      27.0   3.94900    -0.600      0.00      0.00      0.00           
  5154.067      27.0   3.95200    -0.773     -7.50      0.00      0.00           
  5154.068      22.1   1.56600    -1.750     -7.85      0.00      0.00           
  5154.070      22.1   1.56500    -1.920      0.00      0.00      0.00           
  5154.100      26.0   3.88200    -1.712     -7.54      0.00      0.00           
  5154.101      26.0   3.87900    -1.710      0.00      0.00      0.00           
  5154.117 112.00124   0.04000    -0.151      0.00      0.00      0.00           
  5154.148 106.00113   2.44000    -5.621      0.00      0.00      0.00           
  5154.155 112.00124   0.45000    -1.992      0.00      0.00      0.00           
  5154.168 112.00124   0.04000    -1.783      0.00      0.00      0.00           
  5154.168 114.00128   1.41900    -2.771      0.00      0.00      0.00           
  5154.172 112.00125   0.04000    -0.151      0.00      0.00      0.00           
  5154.184 106.00112   2.16700    -3.488      0.00      0.00      0.00           
  5154.200      62.1   1.49200    -0.690      0.00      0.00      0.00           
  5154.200      62.1   1.49300    -0.690      0.00      0.00      0.00           
  5154.223 112.00126   0.04000    -0.151      0.00      0.00      0.00           
  5154.232 112.00124   0.45000    -0.192      0.00      0.00      0.00           
  5154.241      26.1  12.87900     0.093     -7.59      0.00      0.00           
  5154.243      90.0   0.96700    -1.100      0.00      0.00      0.00           
  5154.243      90.0   0.96600    -1.100      0.00      0.00      0.00           
  5154.271 112.00124   0.46700    -0.201      0.00      0.00      0.00           
  5154.283       6.0   8.64000    -2.698     -6.75      0.00      0.00           
  5154.285       6.0   8.63400    -2.630      0.00      0.00      0.00           
  5154.304      25.1   6.17200    -4.000      0.00      0.00      0.00           
  5154.320 106.00112   2.16700    -5.704      0.00      0.00      0.00           
  5154.379 112.00124   0.56900    -2.187      0.00      0.00      0.00           
  5154.398      58.1   0.43500    -3.640      0.00      0.00      0.00           
  5154.399 106.00112   2.16700    -3.522      0.00      0.00      0.00           
  5154.401      26.1   2.84400    -4.269     -7.89      0.00      0.00           
  5154.402      58.1   0.81100    -1.780      0.00      0.00      0.00           
  5154.402      58.1   0.81200    -0.990      0.00      0.00      0.00           
  5154.409      26.1   2.84400    -4.130      0.00      0.00      0.00           
  5154.443 112.00124   0.54600    -0.080      0.00      0.00      0.00           
  5154.487 112.00124   0.56900    -0.027      0.00      0.00      0.00           
  5154.488      58.1   1.19400    -2.510      0.00      0.00      0.00           
  5154.499 112.00124   0.50400    -0.147      0.00      0.00      0.00           
  5154.501      26.1  12.87900     0.408     -7.59      0.00      0.00           
  5154.502 114.00128   1.47100    -2.707      0.00      0.00      0.00           
  5154.506      23.0   2.58100    -5.080      0.00      0.00      0.00           
  5154.534 114.00128   1.47100    -2.707      0.00      0.00      0.00           
  5154.544 112.00124   0.20600    -2.631      0.00      0.00      0.00           
  5154.587 112.00124   0.20600    -0.019      0.00      0.00      0.00           
  5154.591      24.0   5.24000    -1.510      0.00      0.00      0.00           
  5154.624 112.00125   0.20600    -0.019      0.00      0.00      0.00           
  5154.631 106.00112   1.53900    -9.454      0.00      0.00      0.00           
  5154.641 112.00124   0.52500    -0.107      0.00      0.00      0.00           
  5154.648 106.00112   1.53900    -8.867      0.00      0.00      0.00           
  5154.657 112.00126   0.20600    -0.019      0.00      0.00      0.00           
  5154.680      26.1  10.44800    -1.097     -7.59      0.00      0.00           
  5154.697 106.00113   2.44000    -2.901      0.00      0.00      0.00           
  5154.703 112.00124   0.46700    -2.029      0.00      0.00      0.00           
  5154.714 112.00124   0.04000    -0.113      0.00      0.00      0.00           
  5154.715 114.00128   1.26400    -2.836      0.00      0.00      0.00           
  5154.735 112.00124   0.48500    -0.166      0.00      0.00      0.00           
  5154.741      26.1  10.45200    -0.794     -7.59      0.00      0.00           
  5154.773 112.00125   0.04000    -0.113      0.00      0.00      0.00           
  5154.780 112.00124   0.81800     0.041      0.00      0.00      0.00           
  5154.785 112.00124   0.46700    -0.158      0.00      0.00      0.00           
  5154.800 106.00112   1.54700   -10.402      0.00      0.00      0.00           
  5154.816 112.00124   0.54600    -2.159      0.00      0.00      0.00           
  5154.825 112.00126   0.04000    -0.113      0.00      0.00      0.00           
  5154.827 106.00112   1.54700    -8.453      0.00      0.00      0.00           
  5154.838      27.0   4.14600    -1.610      0.00      0.00      0.00           
  5154.842      15.0   6.95400    -1.430     -7.15      0.00      0.00           
  5154.842      15.0   6.94900    -1.430      0.00      0.00      0.00           
  5154.845      27.0   4.14900    -1.276     -7.51      0.00      0.00           
  5154.868 112.00124   0.00900    -1.442      0.00      0.00      0.00           
  5154.871      26.0   3.96000    -5.278     -7.54      0.00      0.00           
  5154.891 112.00124   0.19800    -0.176      0.00      0.00      0.00           
  5154.904      24.0   4.43700    -1.740      0.00      0.00      0.00           
  5154.905 106.00112   2.34500   -10.162      0.00      0.00      0.00           
  5154.919 112.00124   0.54600    -0.050      0.00      0.00      0.00           
  5154.923 112.00125   0.19800    -0.176      0.00      0.00      0.00           
  5154.928 112.00124   0.19800    -2.588      0.00      0.00      0.00           
  5154.952 112.00126   0.19800    -0.176      0.00      0.00      0.00           
  5154.985 106.00113   2.44100    -2.917      0.00      0.00      0.00           
  5154.986 114.00128   1.26500    -2.836      0.00      0.00      0.00           
  5154.995 112.00124   0.50400    -2.025      0.00      0.00      0.00           
  5154.999      22.0   3.18400    -3.980      0.00      0.00      0.00           
  5154.999      22.0   3.18600    -3.011     -7.52      0.00      0.00           
  5155.040      62.1   1.07600    -0.600      0.00      0.00      0.00           
  5155.040      62.1   1.07500    -0.600      0.00      0.00      0.00           
  5155.050 112.00124   0.52500    -2.129      0.00      0.00      0.00           
  5155.056 114.00128   1.20700    -3.722      0.00      0.00      0.00           
  5155.058 114.00128   1.20700    -3.722      0.00      0.00      0.00           
  5155.065      58.1   2.37300    -1.640      0.00      0.00      0.00           
  5155.089 112.00124   0.50400    -0.104      0.00      0.00      0.00           
  5155.095 112.00124   0.48500    -2.064      0.00      0.00      0.00           
  5155.095      24.0   5.61900    -1.760      0.00      0.00      0.00           
  5155.098       6.0   8.64100    -1.820      0.00      0.00      0.00           
  5155.099       6.0   8.64700    -1.722     -6.76      0.00      0.00           
  5155.125      28.0   3.89500    -0.650      0.00      0.00      0.00           
  5155.126      28.0   3.89800    -0.559     -7.22      0.00      0.00           
  5155.141      44.0   1.12500    -1.160      0.00      0.00      0.00           
  5155.141      44.0   1.12400    -0.960      0.00      0.00      0.00           
  5155.148 112.00124   0.52500    -0.074      0.00      0.00      0.00           
  5155.151 106.00113   1.95700    -6.239      0.00      0.00      0.00           
  5155.180 112.00124   0.81800    -2.335      0.00      0.00      0.00           
  5155.183 112.00124   0.48500    -0.128      0.00      0.00      0.00           
  5155.269      42.0   1.41900    -3.310      0.00      0.00      0.00           
  5155.269      42.0   1.42000    -3.310      0.00      0.00      0.00           
  5155.290       6.0   8.64000    -2.664     -6.75      0.00      0.00           
  5155.292       6.0   8.63400    -2.500      0.00      0.00      0.00           
  5155.312      58.1   1.45800    -1.340      0.00      0.00      0.00           
  5155.314      21.0   2.56200    -4.330      0.00      0.00      0.00           
  5155.347 112.00124   0.81800     0.041      0.00      0.00      0.00           
  5155.361      58.1   1.42000    -1.360      0.00      0.00      0.00           
  5155.383 106.00112   1.84600    -3.811      0.00      0.00      0.00           
  5155.450      40.0   1.58200    -0.200      0.00      0.00      0.00           
  5155.463      40.0   1.58100    -0.200      0.00      0.00      0.00           
  5155.468 106.00112   1.84600    -3.825      0.00      0.00      0.00           
  5155.497 106.00113   1.37600    -3.007      0.00      0.00      0.00           
  5155.526 106.00113   2.11200    -7.441      0.00      0.00      0.00           
  5155.533 106.00113   2.44100    -5.239      0.00      0.00      0.00           
  5155.537      45.0   1.36400    -1.810      0.00      0.00      0.00           
  5155.537      45.0   1.36500    -1.810      0.00      0.00      0.00           
  5155.561      23.0   3.27300    -1.545     -7.30      0.00      0.00           
  5155.568 106.00112   1.84600    -5.989      0.00      0.00      0.00           
  5155.584 106.00112   2.05900   -10.120      0.00      0.00      0.00           
  5155.603      23.0   3.26700    -0.796     -7.40      0.00      0.00           
  5155.603      23.0   3.26500    -3.350      0.00      0.00      0.00           
  5155.648 106.00113   1.37600    -7.108      0.00      0.00      0.00           
  5155.705 112.00124   0.19800    -2.570      0.00      0.00      0.00           
  5155.718 112.00124   0.19100    -0.286      0.00      0.00      0.00           
  5155.732      58.1   2.37300    -1.520      0.00      0.00      0.00           
  5155.741 112.00124   0.19800    -0.089      0.00      0.00      0.00           
  5155.748       6.0   8.64000    -2.430     -6.76      0.00      0.00           
  5155.748 112.00124   0.19100    -2.533      0.00      0.00      0.00           
  5155.748 112.00125   0.19100    -0.286      0.00      0.00      0.00           
  5155.750       6.0   8.63400    -3.450      0.00      0.00      0.00           
  5155.751 106.00113   1.37600    -2.984      0.00      0.00      0.00           
  5155.762      28.0   3.89500    -0.090      0.00      0.00      0.00           
  5155.764      28.0   3.89800     0.074     -7.22      0.00      0.00           
  5155.775 112.00126   0.19100    -0.286      0.00      0.00      0.00           
  5155.777 112.00125   0.19800    -0.089      0.00      0.00      0.00           
  5155.808 112.00126   0.19800    -0.089      0.00      0.00      0.00           
  5155.835      62.0   1.36800     0.120      0.00      0.00      0.00           
  5155.835      62.0   1.36900     0.118      0.00      0.00      0.00           
  5155.849      64.0   0.92700     0.430      0.00      0.00      0.00           
  5155.849      64.0   0.92700     0.427      0.00      0.00      0.00           
  5155.873 106.00112   1.43200    -5.879      0.00      0.00      0.00           
  5155.881 106.00113   1.53600    -8.357      0.00      0.00      0.00           
  5155.912      27.0   4.14600    -0.930      0.00      0.00      0.00           
  5155.916      27.0   4.14900    -1.110     -7.51      0.00      0.00           
  5155.922      24.1   6.80000    -3.000      0.00      0.00      0.00           
  5155.922      24.1   6.80500    -3.092     -7.84      0.00      0.00           
  5155.968      22.0   3.43800    -3.750      0.00      0.00      0.00           
  5155.970 112.00124   0.17700    -0.949      0.00      0.00      0.00           
  5156.012 112.00125   0.17700    -0.949      0.00      0.00      0.00           
  5156.022      14.0   5.07800    -2.500      0.00      0.00      0.00           
  5156.022      14.0   5.08200    -2.468     -7.14      0.00      0.00           
  5156.037      38.0   2.49600    -0.150      0.00      0.00      0.00           
  5156.040      38.0   2.49800    -0.120      0.00      0.00      0.00           
  5156.045 112.00126   0.17700    -0.949      0.00      0.00      0.00           
  5156.050      60.1   1.41100    -0.720      0.00      0.00      0.00           
  5156.050      60.1   1.41200    -0.720      0.00      0.00      0.00           
  5156.066 106.00112   1.54700    -8.293      0.00      0.00      0.00           
  5156.066      23.0   3.25200    -4.240      0.00      0.00      0.00           
  5156.066      23.0   3.25500    -1.439     -7.39      0.00      0.00           
  5156.093 106.00112   1.54700   -10.137      0.00      0.00      0.00           
  5156.211      42.0   2.47400    -2.240      0.00      0.00      0.00           
  5156.211      42.0   2.47600    -2.242      0.00      0.00      0.00           
  5156.303 112.00124   0.18600    -0.437      0.00      0.00      0.00           
  5156.316      26.0   1.01100    -9.485     -7.86      0.00      0.00           
  5156.326 112.00124   0.18600    -2.493      0.00      0.00      0.00           
  5156.332 112.00125   0.18600    -0.437      0.00      0.00      0.00           
  5156.342 106.00112   2.22100   -10.090      0.00      0.00      0.00           
  5156.354 112.00124   0.96200     0.426      0.00      0.00      0.00           
  5156.356      27.0   4.05500     0.040      0.00      0.00      0.00           
  5156.358 112.00126   0.18500    -0.437      0.00      0.00      0.00           
  5156.359      27.0   4.05800     0.180     -7.51      0.00      0.00           
  5156.388      20.0   5.01400    -3.350      0.00      0.00      0.00           
  5156.449      73.0   0.69600    -1.390      0.00      0.00      0.00           
  5156.449      73.0   0.69700    -1.390      0.00      0.00      0.00           
  5156.455      26.1  12.84500     0.514     -7.56      0.00      0.00           
  5156.515      59.1   0.21600    -1.276      0.00      0.00      0.00           
  5156.516      59.1   0.21600    -1.280      0.00      0.00      0.00           
  5156.557 106.00113   2.28700    -3.767      0.00      0.00      0.00           
  5156.573 106.00112   1.69400   -13.532      0.00      0.00      0.00           
  5156.590 112.00124   0.18200    -0.693      0.00      0.00      0.00           
  5156.597 112.00124   0.59200    -1.988      0.00      0.00      0.00           
  5156.606      26.0   3.94300    -3.706     -7.54      0.00      0.00           
  5156.606      26.0   3.94000    -3.820      0.00      0.00      0.00           
  5156.607 112.00124   0.18200    -2.531      0.00      0.00      0.00           
  5156.608 112.00124   0.21300     0.439      0.00      0.00      0.00           
  5156.615 112.00125   0.18100    -0.693      0.00      0.00      0.00           
  5156.639 112.00126   0.18100    -0.693      0.00      0.00      0.00           
  5156.648 112.00124   0.96200    -2.235      0.00      0.00      0.00           
  5156.661 112.00125   0.21300     0.439      0.00      0.00      0.00           
  5156.673 106.00112   1.69400   -12.274      0.00      0.00      0.00           
  5156.696 106.00113   2.28800    -3.917      0.00      0.00      0.00           
  5156.701 112.00124   0.19100    -2.500      0.00      0.00      0.00           
  5156.710 112.00126   0.21300     0.439      0.00      0.00      0.00           
  5156.723 112.00124   0.21300    -3.060      0.00      0.00      0.00           
  5156.730      57.1   0.12600    -1.850      0.00      0.00      0.00           
  5156.730      57.1   0.12600    -1.850      0.00      0.00      0.00           
  5156.731 112.00124   0.19100    -0.173      0.00      0.00      0.00           
  5156.744      26.1  11.25500    -1.207     -7.48      0.00      0.00           
  5156.750      64.1   1.56900    -0.950      0.00      0.00      0.00           
  5156.752      64.1   1.57000    -0.980      0.00      0.00      0.00           
  5156.754 106.00112   1.69400    -9.310      0.00      0.00      0.00           
  5156.766 112.00125   0.19100    -0.173      0.00      0.00      0.00           
  5156.771 106.00112   2.11900    -7.399      0.00      0.00      0.00           
  5156.795 112.00126   0.19100    -0.173      0.00      0.00      0.00           
  5156.840 112.00124   0.96200     0.438      0.00      0.00      0.00           
  5156.855      20.0   5.17700    -3.690      0.00      0.00      0.00           
  5156.870 112.00124   0.21300    -3.060      0.00      0.00      0.00           
  5156.893 114.00128   1.61600    -2.603      0.00      0.00      0.00           
  5156.914      26.1  10.41900    -0.894     -7.59      0.00      0.00           
  5156.939      24.0   4.60900    -4.000      0.00      0.00      0.00           
  5156.954      23.0   2.57300    -4.700      0.00      0.00      0.00           
  5156.978      21.0   2.60600    -1.520      0.00      0.00      0.00           
  5156.978      21.0   2.60800    -1.890     -7.57      0.00      0.00           
  5156.985 112.00124   0.21300     0.463      0.00      0.00      0.00           
  5156.986      23.0   2.27800    -0.084     -7.56      0.00      0.00           
  5157.009      23.0   2.27600    -1.080      0.00      0.00      0.00           
  5157.039 112.00125   0.21300     0.463      0.00      0.00      0.00           
  5157.070      62.1   1.35800    -1.380      0.00      0.00      0.00           
  5157.070      62.1   1.35900    -1.380      0.00      0.00      0.00           
  5157.089 112.00126   0.21300     0.463      0.00      0.00      0.00           
  5157.090      45.0   3.53600    -0.080      0.00      0.00      0.00           
  5157.200      58.1   1.54600    -1.210      0.00      0.00      0.00           
  5157.202 106.00113   2.28800    -5.482      0.00      0.00      0.00           
  5157.223      62.0   0.03600    -1.400      0.00      0.00      0.00           
  5157.223      62.0   0.03600    -1.400      0.00      0.00      0.00           
  5157.263      26.1  12.87900    -0.595     -7.59      0.00      0.00           
  5157.263      26.1  12.84700     0.379     -7.59      0.00      0.00           
  5157.269 112.00124   0.36700    -1.572      0.00      0.00      0.00           
  5157.279      23.1   2.55400    -3.380      0.00      0.00      0.00           
  5157.279      23.1   2.55600    -3.609     -7.85      0.00      0.00           
  5157.282      23.0   2.37400    -1.857     -7.80      0.00      0.00           
  5157.282      23.0   2.37200    -2.200      0.00      0.00      0.00           
  5157.286      26.1  10.45500    -0.173     -7.59      0.00      0.00           
  5157.288      26.1   8.19300    -2.605     -7.54      0.00      0.00           
  5157.302 114.00128   1.61600    -2.603      0.00      0.00      0.00           
  5157.335      28.1   6.64600    -4.463     -7.89      0.00      0.00           
  5157.335      28.1   6.64100    -4.410      0.00      0.00      0.00           
  5157.354 106.00113   2.44200    -5.596      0.00      0.00      0.00           
  5157.356      23.0   3.86500    -3.890      0.00      0.00      0.00           
  5157.369      21.0   2.56700    -3.990      0.00      0.00      0.00           
  5157.433      57.1   2.21000    -0.330      0.00      0.00      0.00           
  5157.433      57.1   2.20800    -0.330      0.00      0.00      0.00           
  5157.475      24.0   2.70800    -3.065     -7.68      0.00      0.00           
  5157.475      24.0   2.70600    -3.710      0.00      0.00      0.00           
  5157.476 106.00113   2.43900    -3.559      0.00      0.00      0.00           
  5157.521      26.1  12.87900    -0.209     -7.56      0.00      0.00           
  5157.545 112.00124   0.18600    -2.424      0.00      0.00      0.00           
  5157.555 114.00128   1.21400    -3.753      0.00      0.00      0.00           
  5157.557      58.1   2.25000    -1.640      0.00      0.00      0.00           
  5157.568 112.00124   0.18600    -0.279      0.00      0.00      0.00           
  5157.602 112.00125   0.18600    -0.279      0.00      0.00      0.00           
  5157.631 112.00126   0.18500    -0.279      0.00      0.00      0.00           
  5157.704      28.0   3.70300    -1.640      0.00      0.00      0.00           
  5157.707      28.0   3.70600    -1.264     -7.51      0.00      0.00           
  5157.738 106.00112   1.14400    -6.538      0.00      0.00      0.00           
  5157.790      23.1   6.68100    -3.900      0.00      0.00      0.00           
  5157.808 114.00128   1.21400    -3.753      0.00      0.00      0.00           
  5157.874       9.0  14.68100    -2.430      0.00      0.00      0.00           
  5157.896      24.0   4.20300    -3.999     -7.53      0.00      0.00           
  5157.903 106.00113   2.44200    -2.901      0.00      0.00      0.00           
  5157.926      25.1  10.18100    -2.630     -7.67      0.00      0.00           
  5157.927      26.1  11.78400    -6.698     -7.38      0.00      0.00           
  5157.942      72.0   2.83900    -0.560      0.00      0.00      0.00           
  5157.942      72.0   2.83700    -0.560      0.00      0.00      0.00           
  5157.960      70.1   6.02000    -1.160      0.00      0.00      0.00           
  5157.963      26.1  13.04800    -0.297     -7.22      0.00      0.00           
  5157.969 106.00113   1.63500    -8.962      0.00      0.00      0.00           
  5157.973      24.1  10.92000    -5.182     -7.49      0.00      0.00           
  5157.976      28.0   3.60600    -1.510     -7.29      0.00      0.00           
  5157.980      28.0   3.60300    -1.520      0.00      0.00      0.00           
  5158.000      40.0   2.10500     0.140      0.00      0.00      0.00           
  5158.003      58.1   0.63500    -1.910      0.00      0.00      0.00           
  5158.013      58.1   0.67400    -3.370      0.00      0.00      0.00           
  5158.013      40.0   2.10300     0.140      0.00      0.00      0.00           
  5158.014      26.1   0.30100    -8.170     -7.94      0.00      0.00           
  5158.016      24.1  10.26200    -5.519     -7.66      0.00      0.00           
  5158.029 106.00113   1.47800    -5.921      0.00      0.00      0.00           
  5158.045      23.1   8.79000    -3.715     -7.57      0.00      0.00           
  5158.058      26.1  13.40400    -2.640     -7.51      0.00      0.00           
  5158.059      26.1  13.40700    -0.299     -7.58      0.00      0.00           
  5158.059      26.1  12.89100     0.814     -7.59      0.00      0.00           
  5158.061      25.0   5.39200    -2.320      0.00      0.00      0.00           
  5158.083      25.0   4.42900    -9.565     -7.74      0.00      0.00           
  5158.085      24.1   8.49000    -8.491     -7.72      0.00      0.00           
  5158.093      29.1  14.45400    -0.568     -7.57      0.00      0.00           
  5158.110      29.1  14.69600    -1.395     -7.64      0.00      0.00           
  5158.112      23.0   2.35700    -2.420      0.00      0.00      0.00           
  5158.112      23.0   2.35900    -1.964     -7.75      0.00      0.00           
  5158.114 106.00112   2.45100    -5.238      0.00      0.00      0.00           
  5158.150      66.0   1.56900    -2.160      0.00      0.00      0.00           
  5158.174      26.1  10.82900    -6.012     -7.63      0.00      0.00           
  5158.183 106.00112   2.45100    -2.900      0.00      0.00      0.00           
  5158.198      26.1  11.07600    -5.853     -7.64      0.00      0.00           
  5158.207 106.00113   1.63500    -9.505      0.00      0.00      0.00           
  5158.210      28.1  14.24300    -3.307     -7.27      0.00      0.00           
  5158.213       6.0   8.64300    -2.792     -6.75      0.00      0.00           
  5158.238 106.00113   1.63500   -12.436      0.00      0.00      0.00           
  5158.250 106.00112   2.45100    -2.917      0.00      0.00      0.00           
  5158.262 112.00124   0.18200    -2.347      0.00      0.00      0.00           
  5158.279 112.00124   0.18200    -0.421      0.00      0.00      0.00           
  5158.312 112.00125   0.18100    -0.421      0.00      0.00      0.00           
  5158.318 106.00112   2.45100    -5.620      0.00      0.00      0.00           
  5158.326 106.00113   2.44200    -2.917      0.00      0.00      0.00           
  5158.339      26.0   2.99000    -6.144     -7.75      0.00      0.00           
  5158.339      26.0   2.98800    -5.610      0.00      0.00      0.00           
  5158.341 112.00126   0.18100    -0.421      0.00      0.00      0.00           
  5158.343      21.0   4.49400    -3.060      0.00      0.00      0.00           
  5158.352      58.1   2.21300    -2.140      0.00      0.00      0.00           
  5158.394      69.1   4.75600    -1.690      0.00      0.00      0.00           
  5158.418      22.0   3.11100    -5.055     -7.43      0.00      0.00           
  5158.439      27.0   4.06100    -0.870      0.00      0.00      0.00           
  5158.445      27.0   4.06400    -0.738     -7.51      0.00      0.00           
  5158.486      64.0   0.89700    -0.663      0.00      0.00      0.00           
  5158.486      64.0   0.89600    -0.660      0.00      0.00      0.00           
  5158.496      27.1  11.24500    -1.134     -7.62      0.00      0.00           
  5158.500      26.1  11.28900    -1.591     -7.48      0.00      0.00           
  5158.510 106.00112   1.03400    -5.632      0.00      0.00      0.00           
  5158.551      26.1  13.47800    -2.379     -7.57      0.00      0.00           
  5158.557 106.00112   2.12000    -7.441      0.00      0.00      0.00           
  5158.572      28.1  14.24300    -3.382     -7.27      0.00      0.00           
  5158.589 114.00128   1.28100    -2.779      0.00      0.00      0.00           
  5158.596 112.00124   0.03000    -0.205      0.00      0.00      0.00           
  5158.601      26.1  11.67300    -6.301     -7.35      0.00      0.00           
  5158.604      90.0   0.35600    -1.474      0.00      0.00      0.00           
  5158.604      90.0   0.35500    -1.470      0.00      0.00      0.00           
  5158.642 112.00124   0.03000    -1.734      0.00      0.00      0.00           
  5158.645 112.00125   0.03000    -0.205      0.00      0.00      0.00           
  5158.658 114.00128   1.44600    -2.745      0.00      0.00      0.00           
  5158.670      40.0   1.58400    -1.100      0.00      0.00      0.00           
  5158.671      57.0   0.00000    -1.000      0.00      0.00      0.00           
  5158.671      57.0   0.00000    -1.000      0.00      0.00      0.00           
  5158.681      45.0   3.57500     0.410      0.00      0.00      0.00           
  5158.681      45.0   3.57800     0.410      0.00      0.00      0.00           
  5158.687      40.0   1.58200    -1.100      0.00      0.00      0.00           
  5158.689 112.00126   0.03000    -0.205      0.00      0.00      0.00           
  5158.714      20.0   4.74000    -1.450      0.00      0.00      0.00           
  5158.715      26.1  12.84600    -3.791     -7.56      0.00      0.00           
  5158.792      26.1   0.23200    -7.463     -7.94      0.00      0.00           
  5158.801 106.00113   2.36400    -9.410      0.00      0.00      0.00           
  5158.846 114.00128   1.28100    -2.779      0.00      0.00      0.00           
  5158.850      27.0   4.04900    -0.537     -7.51      0.00      0.00           
  5158.852      69.1   4.83600    -2.300      0.00      0.00      0.00           
  5158.852      27.0   4.04600    -0.620      0.00      0.00      0.00           
  5158.855      23.1   2.55500    -4.620      0.00      0.00      0.00           
  5158.865      23.1   2.55700    -4.762     -7.85      0.00      0.00           
  5158.875 106.00113   2.44200    -5.266      0.00      0.00      0.00           
  5158.911 112.00124   0.17900    -2.309      0.00      0.00      0.00           
  5158.921 112.00124   0.17900    -0.637      0.00      0.00      0.00           
  5158.955 112.00125   0.17900    -0.637      0.00      0.00      0.00           
  5158.956      28.1  14.08800    -0.441     -7.47      0.00      0.00           
  5158.964      23.0   3.28300    -2.715     -7.30      0.00      0.00           
  5158.984 112.00126   0.17900    -0.637      0.00      0.00      0.00           
  5159.017      23.0   1.21700    -4.720      0.00      0.00      0.00           
  5159.017      23.0   1.21800    -5.839     -7.74      0.00      0.00           
  5159.055 114.00128   1.44700    -2.745      0.00      0.00      0.00           
  5159.058      26.0   4.28000    -0.820      0.00      0.00      0.00           
  5159.058      26.0   4.28300    -0.820     -7.17      0.00      0.00           
  5159.062      28.1  14.24300    -2.658     -7.27      0.00      0.00           
  5159.097      29.1  14.58900    -1.598     -7.49      0.00      0.00           
  5159.097 106.00113   1.54100    -8.325      0.00      0.00      0.00           
  5159.097      27.0   1.70900    -3.780      0.00      0.00      0.00           
  5159.099 106.00113   2.28800    -3.767      0.00      0.00      0.00           
  5159.101      27.0   1.71000    -3.575     -7.79      0.00      0.00           
  5159.149 106.00113   1.54100   -13.106      0.00      0.00      0.00           
  5159.160      66.0   1.05600    -1.530      0.00      0.00      0.00           
  5159.161      23.1   1.40000   -10.851     -7.96      0.00      0.00           
  5159.161      23.0   2.67600    -1.770      0.00      0.00      0.00           
  5159.193      28.1  12.50300    -1.314     -7.59      0.00      0.00           
  5159.206      24.1   6.60500    -4.588     -7.86      0.00      0.00           
  5159.212      24.0   3.55100    -3.577     -7.64      0.00      0.00           
  5159.220 106.00112   1.54200    -8.445      0.00      0.00      0.00           
  5159.228      26.0   4.59300    -3.264     -7.74      0.00      0.00           
  5159.228      26.0   4.59000    -4.270      0.00      0.00      0.00           
  5159.233      27.1  10.89200    -3.683     -7.71      0.00      0.00           
  5159.237 106.00112   1.54200    -9.732      0.00      0.00      0.00           
  5159.240      14.1  13.49200    -7.185     -6.93      0.00      0.00           
  5159.243 112.00124   0.03000    -0.164      0.00      0.00      0.00           
  5159.262      26.1  12.87900     0.062     -7.59      0.00      0.00           
  5159.294 112.00125   0.03000    -0.164      0.00      0.00      0.00           
  5159.307      23.0   2.24700    -1.016     -7.56      0.00      0.00           
  5159.323      23.0   2.24600    -0.420      0.00      0.00      0.00           
  5159.341 106.00113   2.00100   -10.172      0.00      0.00      0.00           
  5159.341 112.00126   0.03000    -0.164      0.00      0.00      0.00           
  5159.347      26.1  13.47900    -2.580     -7.57      0.00      0.00           
  5159.348      27.1  11.25200    -2.634     -7.57      0.00      0.00           
  5159.353      39.1   8.66700    -4.446     -7.26      0.00      0.00           
  5159.355 106.00113   2.28900    -3.917      0.00      0.00      0.00           
  5159.376      69.1   4.85600    -2.290      0.00      0.00      0.00           
  5159.411      27.1  11.25200     0.053     -7.57      0.00      0.00           
  5159.471      26.1  12.90300    -2.995     -7.59      0.00      0.00           
  5159.585      26.0   3.88400    -3.853     -7.55      0.00      0.00           
  5159.585      26.0   3.88100    -3.480      0.00      0.00      0.00           
  5159.594 106.00112   1.84800    -3.811      0.00      0.00      0.00           
  5159.596      26.0   5.00600    -2.380      0.00      0.00      0.00           
  5159.596      26.0   5.01000    -3.102     -7.13      0.00      0.00           
  5159.606       6.0   8.77100    -4.444     -7.14      0.00      0.00           
  5159.633 114.00128   1.82800    -2.326      0.00      0.00      0.00           
  5159.645      70.1   7.37000    -1.230      0.00      0.00      0.00           
  5159.647 112.00124   0.17700    -1.028      0.00      0.00      0.00           
  5159.672      27.0   3.40700    -1.700      0.00      0.00      0.00           
  5159.677      27.0   3.40900    -1.995     -7.73      0.00      0.00           
  5159.680      58.0   0.88800     0.760      0.00      0.00      0.00           
  5159.680      58.0   0.88900     0.764      0.00      0.00      0.00           
  5159.681 112.00125   0.17700    -1.028      0.00      0.00      0.00           
  5159.686      58.0   0.65900     0.537      0.00      0.00      0.00           
  5159.686      58.0   0.65900     0.540      0.00      0.00      0.00           
  5159.688      58.0   0.30200     0.184      0.00      0.00      0.00           
  5159.688      58.0   0.30200     0.180      0.00      0.00      0.00           
  5159.710 112.00126   0.17700    -1.028      0.00      0.00      0.00           
  5159.735 114.00128   1.70900    -2.279      0.00      0.00      0.00           
  5159.751      39.1   7.96900    -3.841     -7.29      0.00      0.00           
  5159.752 112.00124   0.78000     0.236      0.00      0.00      0.00           
  5159.756 112.00124   0.19000     0.413      0.00      0.00      0.00           
  5159.769 114.00128   1.82500    -2.779      0.00      0.00      0.00           
  5159.781 106.00112   1.84800    -5.951      0.00      0.00      0.00           
  5159.787      16.0   7.87000    -8.318     -6.43      0.00      0.00           
  5159.789      21.1   8.24400    -3.809     -7.44      0.00      0.00           
  5159.789      21.1   8.24400    -4.303     -7.44      0.00      0.00           
  5159.804 112.00125   0.19000     0.413      0.00      0.00      0.00           
  5159.811      22.0   2.33400    -2.163     -7.74      0.00      0.00           
  5159.814 114.00128   1.82800    -2.326      0.00      0.00      0.00           
  5159.829      26.0   3.26700    -3.903     -7.81      0.00      0.00           
  5159.829      26.0   3.26500    -3.740      0.00      0.00      0.00           
  5159.849 112.00126   0.18900     0.413      0.00      0.00      0.00           
  5159.851 106.00112   1.84800    -3.825      0.00      0.00      0.00           
  5159.852 106.00112   2.22200   -10.149      0.00      0.00      0.00           
  5159.862 106.00113   2.28900    -5.515      0.00      0.00      0.00           
  5159.865 112.00124   0.19000    -3.035      0.00      0.00      0.00           
  5159.880 114.00128   1.82500    -2.779      0.00      0.00      0.00           
  5159.882      69.1   4.28800    -1.570      0.00      0.00      0.00           
  5159.889 114.00128   1.78200    -2.296      0.00      0.00      0.00           
  5159.896      28.1  14.24300    -3.852     -7.28      0.00      0.00           
  5159.909      26.1  10.41400    -0.920     -7.59      0.00      0.00           
  5159.909 114.00128   1.70900    -2.279      0.00      0.00      0.00           
  5159.919       6.0   8.63600    -2.150      0.00      0.00      0.00           
  5159.922       6.0   8.64300    -2.573     -6.75      0.00      0.00           
  5159.935      56.0   2.23900     0.200      0.00      0.00      0.00           
  5159.935      56.0   2.23700     0.200      0.00      0.00      0.00           
  5159.950      26.0   4.30100    -2.610     -7.16      0.00      0.00           
  5159.953      26.0   4.29800    -2.610      0.00      0.00      0.00           
  5159.973      25.1   4.12600   -10.588     -7.93      0.00      0.00           
  5159.973      25.1   4.12600   -11.102     -7.93      0.00      0.00           
  5159.990 106.00113   2.44100    -6.662      0.00      0.00      0.00           
  5159.994      44.0   1.13000    -1.810      0.00      0.00      0.00           
  5159.994      44.0   1.13100    -2.210      0.00      0.00      0.00           
  5159.995 112.00124   0.78000    -2.402      0.00      0.00      0.00           
  5160.032 112.00124   0.19000    -3.034      0.00      0.00      0.00           
  5160.046       9.0  14.68300    -1.590      0.00      0.00      0.00           
  5160.050      63.0   1.63900     0.070      0.00      0.00      0.00           
  5160.053 106.00112   2.29700    -5.482      0.00      0.00      0.00           
  5160.056 112.00124   0.60700    -2.032      0.00      0.00      0.00           
  5160.070      63.0   1.63800     0.190      0.00      0.00      0.00           
  5160.075      58.1   0.52900    -3.370      0.00      0.00      0.00           
  5160.081      26.1  13.02900    -5.590     -7.50      0.00      0.00           
  5160.093 114.00128   1.78200    -2.296      0.00      0.00      0.00           
  5160.099      64.1   1.58400    -1.530      0.00      0.00      0.00           
  5160.100      64.1   1.58300    -1.500      0.00      0.00      0.00           
  5160.114      21.0   5.32400    -2.960      0.00      0.00      0.00           
  5160.130 106.00112   2.45400    -6.622      0.00      0.00      0.00           
  5160.133      16.0   7.87000    -7.339     -6.43      0.00      0.00           
  5160.141 112.00124   0.19000     0.440      0.00      0.00      0.00           
  5160.147 106.00112   2.29700    -3.766      0.00      0.00      0.00           
  5160.148 106.00112   2.29700    -3.916      0.00      0.00      0.00           
  5160.155 106.00113   2.09400    -3.521      0.00      0.00      0.00           
  5160.157      26.1  12.70700    -4.058     -7.48      0.00      0.00           
  5160.160 112.00124   0.78100     0.252      0.00      0.00      0.00           
  5160.181      25.1  10.08300    -5.502     -7.50      0.00      0.00           
  5160.189 112.00125   0.19000     0.440      0.00      0.00      0.00           
  5160.208      26.1  12.85000    -0.357     -7.59      0.00      0.00           
  5160.220 106.00112   2.45400    -3.557      0.00      0.00      0.00           
  5160.221      21.0   3.05500    -2.430      0.00      0.00      0.00           
  5160.221      21.0   3.05700    -4.142     -7.66      0.00      0.00           
  5160.234 112.00126   0.19000     0.440      0.00      0.00      0.00           
  5160.263      21.0   3.05500    -3.110      0.00      0.00      0.00           
  5160.263      21.0   3.05700    -4.346     -7.66      0.00      0.00           
  5160.285      25.0   4.32000    -2.198     -7.77      0.00      0.00           
  5160.290      25.0   4.31700    -2.140      0.00      0.00      0.00           
  5160.316 106.00113   1.54200    -8.378      0.00      0.00      0.00           
  5160.316      92.1   0.71700    -1.640      0.00      0.00      0.00           
  5160.316      92.1   0.71800    -1.639      0.00      0.00      0.00           
  5160.317 106.00113   2.09400    -3.550      0.00      0.00      0.00           
  5160.335      41.0   0.04900    -1.200      0.00      0.00      0.00           
  5160.335      41.0   0.04900    -1.200      0.00      0.00      0.00           
  5160.350      24.0   3.44900    -2.312     -7.78      0.00      0.00           
  5160.350      24.0   3.44600    -2.470      0.00      0.00      0.00           
  5160.371      26.1  12.84700    -1.342     -7.60      0.00      0.00           
  5160.388      70.1   7.40900    -2.200      0.00      0.00      0.00           
  5160.389 106.00113   2.09400    -5.739      0.00      0.00      0.00           
  5160.402      27.1   9.06900    -6.978     -7.73      0.00      0.00           
  5160.422      26.1  13.02600     0.056     -7.61      0.00      0.00           
  5160.431 106.00112   2.45400    -3.578      0.00      0.00      0.00           
  5160.452      20.1   9.24000    -1.741     -7.39      0.00      0.00           
  5160.452      20.1   9.24000    -2.695     -7.39      0.00      0.00           
  5160.454      27.1  11.24500     0.132     -7.57      0.00      0.00           
  5160.465      24.0   0.98200    -4.960      0.00      0.00      0.00           
  5160.465      24.0   0.98300    -5.577     -7.79      0.00      0.00           
  5160.471      58.1   1.53300    -2.730      0.00      0.00      0.00           
  5160.489      28.1  14.24200    -4.095     -7.49      0.00      0.00           
  5160.521 106.00112   2.45400    -6.294      0.00      0.00      0.00           
  5160.532      25.1  10.18100    -1.634     -7.67      0.00      0.00           
  5160.538      69.0   1.08800    -2.046      0.00      0.00      0.00           
  5160.538      26.1  13.05400    -2.252     -7.30      0.00      0.00           
  5160.538      69.0   1.08700    -2.050      0.00      0.00      0.00           
  5160.553      24.1   5.87100    -2.843     -7.79      0.00      0.00           
  5160.554      24.1   5.86700    -3.420      0.00      0.00      0.00           
  5160.564      70.1   5.16800    -3.120      0.00      0.00      0.00           
  5160.568      26.0   0.05200   -12.250     -7.82      0.00      0.00           
  5160.568      26.0   0.05200   -10.173     -7.82      0.00      0.00           
  5160.569      26.1   7.94600    -5.309     -7.75      0.00      0.00           
  5160.636      21.0   3.08300    -5.579     -7.66      0.00      0.00           
  5160.643 106.00112   2.45400    -2.624      0.00      0.00      0.00           
  5160.647      69.1   4.72300    -1.730      0.00      0.00      0.00           
  5160.684      25.1   3.71000   -11.831     -7.93      0.00      0.00           
  5160.684      25.1   3.71000   -14.191     -7.93      0.00      0.00           
  5160.699      58.1   3.75000    -1.810      0.00      0.00      0.00           
  5160.731      90.0   0.90300    -1.019      0.00      0.00      0.00           
  5160.731      90.0   0.90200    -1.020      0.00      0.00      0.00           
  5160.740      28.1  14.23800    -4.564     -7.51      0.00      0.00           
  5160.772      26.1  10.45500    -1.363     -7.59      0.00      0.00           
  5160.789      26.1  12.84600    -2.170     -7.54      0.00      0.00           
  5160.790       6.0   8.64300    -2.040     -6.76      0.00      0.00           
  5160.801       6.0   8.63600    -3.030      0.00      0.00      0.00           
  5160.802      26.1  10.91800    -6.747     -7.61      0.00      0.00           
  5160.805      39.1   7.94500    -2.708     -7.29      0.00      0.00           
  5160.808      26.1  11.90200    -6.748     -7.68      0.00      0.00           
  5160.819 106.00112   2.45400    -2.706      0.00      0.00      0.00           
  5160.828      58.1   0.97700    -1.440      0.00      0.00      0.00           
  5160.828      26.1  10.39200    -3.289     -7.57      0.00      0.00           
  5160.829      26.1   6.72400    -5.520     -7.89      0.00      0.00           
  5160.839      26.1   5.56500    -2.640      0.00      0.00      0.00           
  5160.839      26.1   5.56900    -2.559     -7.89      0.00      0.00           
  5160.842      26.1  12.87900    -1.935     -7.59      0.00      0.00           
  5160.855      24.1  11.24900    -4.889     -7.42      0.00      0.00           
  5160.890      64.1   1.59700    -1.140      0.00      0.00      0.00           
  5160.893      64.1   1.59800    -1.160      0.00      0.00      0.00           
  5160.897      22.0   1.50300    -2.481     -7.67      0.00      0.00           
  5160.897      22.0   1.50100    -1.410      0.00      0.00      0.00           
  5160.909 106.00112   2.45400    -4.466      0.00      0.00      0.00           
  5160.945      42.0   3.39500    -2.073      0.00      0.00      0.00           
  5160.945      42.0   3.39300    -2.070      0.00      0.00      0.00           
  5160.964      25.1  10.08300    -4.234     -7.50      0.00      0.00           
  5160.981 112.00124   0.91700     0.406      0.00      0.00      0.00           
  5160.990      40.0   1.48200    -0.900      0.00      0.00      0.00           
  5160.993      70.1   7.81500    -1.830      0.00      0.00      0.00           
  5161.022      66.1   3.07100     0.280      0.00      0.00      0.00           
  5161.028      23.1   2.51000    -5.796     -7.85      0.00      0.00           
  5161.028      23.1   2.50800    -6.350      0.00      0.00      0.00           
  5161.037      28.0   4.53800    -4.532     -7.15      0.00      0.00           
  5161.057      40.0   1.48100    -0.900      0.00      0.00      0.00           
  5161.062      26.1  12.37700    -7.125     -7.30      0.00      0.00           
  5161.067      24.0   3.42200    -6.446     -7.65      0.00      0.00           
  5161.094      25.1  10.85900    -4.910     -7.67      0.00      0.00           
  5161.116      25.0   4.75100    -2.710      0.00      0.00      0.00           
  5161.116      25.0   4.75500    -8.329     -7.09      0.00      0.00           
  5161.132      28.1  12.73900    -1.756     -7.50      0.00      0.00           
  5161.175      26.1   2.85600    -4.573     -7.89      0.00      0.00           
  5161.182      26.1   9.68800    -6.014     -7.69      0.00      0.00           
  5161.184      26.1   2.85600    -4.470      0.00      0.00      0.00           
  5161.200 106.00113   1.10500    -3.399      0.00      0.00      0.00           
  5161.205      22.0   1.97900    -5.730      0.00      0.00      0.00           
  5161.211 106.00112   2.10000    -3.521      0.00      0.00      0.00           
  5161.250 106.00113   1.10500    -7.481      0.00      0.00      0.00           
  5161.254 106.00112   2.10000    -3.549      0.00      0.00      0.00           
  5161.271 112.00124   0.91700    -2.462      0.00      0.00      0.00           
  5161.291      26.0   4.28100    -2.710      0.00      0.00      0.00           
  5161.291      26.0   4.28400    -2.686     -7.52      0.00      0.00           
  5161.297 114.00128   1.70900    -2.671      0.00      0.00      0.00           
  5161.302      26.1  13.07000     0.498     -7.59      0.00      0.00           
  5161.346 106.00112   2.10000    -5.738      0.00      0.00      0.00           
  5161.387       6.0   8.63600    -3.120      0.00      0.00      0.00           
  5161.387 114.00128   1.40200    -3.080      0.00      0.00      0.00           
  5161.390       6.0   8.64300    -3.866     -6.76      0.00      0.00           
  5161.394 106.00112   2.45200    -2.900      0.00      0.00      0.00           
  5161.459 106.00112   2.45200    -5.266      0.00      0.00      0.00           
  5161.460      20.0   5.31700    -5.300      0.00      0.00      0.00           
  5161.463 112.00124   0.91700     0.419      0.00      0.00      0.00           
  5161.472 114.00128   1.70900    -2.671      0.00      0.00      0.00           
  5161.530 106.00112   2.45200    -5.595      0.00      0.00      0.00           
  5161.570 106.00113   1.10500    -3.340      0.00      0.00      0.00           
  5161.595 106.00112   2.45200    -2.917      0.00      0.00      0.00           
  5161.600      64.1   1.59700    -1.550      0.00      0.00      0.00           
  5161.604      64.1   1.59800    -1.650      0.00      0.00      0.00           
  5161.642   59.1141   0.48200    -4.085      0.00      0.00      0.00           
  5161.650   59.1141   0.48200    -3.917      0.00      0.00      0.00           
  5161.660   59.1141   0.48200    -3.989      0.00      0.00      0.00           
  5161.662 106.00113   2.40600    -3.206      0.00      0.00      0.00           
  5161.666   59.1141   0.48200    -2.670      0.00      0.00      0.00           
  5161.673   59.1141   0.48200    -4.307      0.00      0.00      0.00           
  5161.678   59.1141   0.48200    -2.475      0.00      0.00      0.00           
  5161.684   59.1141   0.48200    -1.761      0.00      0.00      0.00           
  5161.694   59.1141   0.48200    -2.423      0.00      0.00      0.00           
  5161.702   59.1141   0.48200    -1.679      0.00      0.00      0.00           
  5161.706      60.1   0.74200    -0.980      0.00      0.00      0.00           
  5161.706      60.1   0.74200    -0.980      0.00      0.00      0.00           
  5161.712   59.1141   0.48200    -2.468      0.00      0.00      0.00           
  5161.722   59.1141   0.48200    -1.595      0.00      0.00      0.00           
  5161.733   59.1141   0.48200    -2.663      0.00      0.00      0.00           
  5161.738      26.0   4.29400    -5.246     -7.51      0.00      0.00           
  5161.738      26.0   4.29100    -4.400      0.00      0.00      0.00           
  5161.744      59.1   0.48300    -1.000      0.00      0.00      0.00           
  5161.746   59.1141   0.48200    -1.512      0.00      0.00      0.00           
  5161.764      24.0   2.70800    -1.760      0.00      0.00      0.00           
  5161.764      24.0   2.71000    -1.567     -7.76      0.00      0.00           
  5161.772   59.1141   0.48200    -1.433      0.00      0.00      0.00           
  5161.792 112.00124   0.00400    -1.347      0.00      0.00      0.00           
  5161.801 106.00113   1.64100    -4.206      0.00      0.00      0.00           
  5161.801      26.0   4.83500    -4.174     -7.29      0.00      0.00           
  5161.802   59.1141   0.48200    -1.357      0.00      0.00      0.00           
  5161.811      73.0   1.23600    -1.630      0.00      0.00      0.00           
  5161.811      73.0   1.23700    -1.630      0.00      0.00      0.00           
  5161.827 106.00113   1.61300    -8.689      0.00      0.00      0.00           
  5161.851      58.1   1.33900    -1.950      0.00      0.00      0.00           
  5161.875 106.00113   2.40600    -5.881      0.00      0.00      0.00           
  5161.886 106.00113   2.40600    -6.182      0.00      0.00      0.00           
  5161.910      24.0   4.53200    -3.240      0.00      0.00      0.00           
  5161.936 106.00113   1.64100    -4.218      0.00      0.00      0.00           
  5161.992 114.00128   1.40200    -3.080      0.00      0.00      0.00           
  5162.003 106.00113   1.64100    -6.400      0.00      0.00      0.00           
  5162.057 106.00113   1.61300   -12.201      0.00      0.00      0.00           
  5162.057 114.00128   1.50300    -2.684      0.00      0.00      0.00           
  5162.065 114.00128   1.50300    -2.684      0.00      0.00      0.00           
  5162.087      22.0   3.29100    -4.120      0.00      0.00      0.00           
  5162.095 112.00124   0.37500    -1.646      0.00      0.00      0.00           
  5162.099 106.00113   2.40600    -3.240      0.00      0.00      0.00           
  5162.119 106.00113   1.61300    -8.964      0.00      0.00      0.00           
  5162.166      25.0   5.84900    -3.330      0.00      0.00      0.00           
  5162.169 114.00128   1.70500    -2.627      0.00      0.00      0.00           
  5162.174 114.00128   1.70500    -2.627      0.00      0.00      0.00           
  5162.182 106.00113   1.19300    -7.281      0.00      0.00      0.00           
  5162.248 106.00112   1.53900    -8.868      0.00      0.00      0.00           
  5162.266      15.0   6.98000    -0.960      0.00      0.00      0.00           
  5162.266      15.0   6.98500    -0.960     -7.14      0.00      0.00           
  5162.273      26.0   4.17800     0.020     -7.24      0.00      0.00           
  5162.273      26.0   4.17500     0.020      0.00      0.00      0.00           
  5162.303 106.00112   1.64800    -4.206      0.00      0.00      0.00           
  5162.342      27.0   3.18900    -4.540      0.00      0.00      0.00           
  5162.377      26.0   2.60900    -4.592     -7.71      0.00      0.00           
  5162.377      26.0   2.60700    -4.480      0.00      0.00      0.00           
  5162.428 106.00112   1.64700    -4.218      0.00      0.00      0.00           
  5162.527 106.00112   1.64800    -6.400      0.00      0.00      0.00           
  5162.539 112.00125   0.74300     0.224      0.00      0.00      0.00           
  5162.543 112.00124   0.74400     0.224      0.00      0.00      0.00           
  5162.562 112.00126   0.74200     0.224      0.00      0.00      0.00           
  5162.601       6.0   8.64000    -2.357     -6.76      0.00      0.00           
  5162.603       6.0   8.63400    -3.400      0.00      0.00      0.00           
  5162.609 112.00124   0.17900    -1.330      0.00      0.00      0.00           
  5162.609 112.00124   0.17900    -1.029      0.00      0.00      0.00           
  5162.647 112.00125   0.17900    -1.330      0.00      0.00      0.00           
  5162.672 112.00126   0.17900    -1.330      0.00      0.00      0.00           
  5162.675      23.0   2.57600    -3.550      0.00      0.00      0.00           
  5162.678 106.00113   1.55000    -8.365      0.00      0.00      0.00           
  5162.692 106.00112   2.29800    -3.767      0.00      0.00      0.00           
  5162.716 106.00112   2.29800    -5.514      0.00      0.00      0.00           
  5162.730 112.00124   0.16800     0.385      0.00      0.00      0.00           
  5162.742      21.0   4.18700    -1.980      0.00      0.00      0.00           
  5162.765 106.00113   1.55000   -12.166      0.00      0.00      0.00           
  5162.773 112.00125   0.16800     0.385      0.00      0.00      0.00           
  5162.811 106.00112   2.29800    -3.916      0.00      0.00      0.00           
  5162.814 112.00126   0.16800     0.385      0.00      0.00      0.00           
  5162.818 112.00124   0.74400    -2.384      0.00      0.00      0.00           
  5162.833 112.00124   0.16800    -3.007      0.00      0.00      0.00           
  5162.849      58.1   1.70900    -2.270      0.00      0.00      0.00           
  5162.857 114.00128   1.29900    -2.728      0.00      0.00      0.00           
  5162.880      62.1   1.06300    -1.680      0.00      0.00      0.00           
  5162.880      62.1   1.06400    -1.680      0.00      0.00      0.00           
  5162.901 112.00124   0.02100    -0.267      0.00      0.00      0.00           
  5162.913      28.0   3.83000    -1.930      0.00      0.00      0.00           
  5162.916      28.0   3.83300    -3.200     -7.75      0.00      0.00           
  5162.935 112.00124   1.06200    -3.711      0.00      0.00      0.00           
  5162.939 112.00124   0.02100    -1.679      0.00      0.00      0.00           
  5162.942 112.00125   0.02100    -0.267      0.00      0.00      0.00           
  5162.979      24.0   4.52800    -1.120      0.00      0.00      0.00           
  5162.980 112.00124   0.74400     0.241      0.00      0.00      0.00           
  5162.980 112.00126   0.02100    -0.267      0.00      0.00      0.00           
  5162.987 112.00125   0.74300     0.241      0.00      0.00      0.00           
  5162.995 112.00126   0.74200     0.241      0.00      0.00      0.00           
  5163.015      26.1  12.85000     0.491     -7.59      0.00      0.00           
  5163.020 112.00124   0.16800    -3.007      0.00      0.00      0.00           
  5163.095 114.00128   1.29900    -2.728      0.00      0.00      0.00           
  5163.123 112.00124   0.16800     0.414      0.00      0.00      0.00           
  5163.157 114.00128   1.21100    -3.304      0.00      0.00      0.00           
  5163.165 114.00128   1.21100    -3.304      0.00      0.00      0.00           
  5163.167 112.00125   0.16800     0.414      0.00      0.00      0.00           
  5163.180      42.0   3.95700    -0.049      0.00      0.00      0.00           
  5163.180      42.0   3.95400    -0.050      0.00      0.00      0.00           
  5163.208 112.00126   0.16800     0.414      0.00      0.00      0.00           
  5163.209      26.0   5.00600    -2.860      0.00      0.00      0.00           
  5163.209      26.0   5.01000    -3.813     -7.11      0.00      0.00           
  5163.242      26.0   4.98500    -4.280     -7.12      0.00      0.00           
  5163.242      26.0   4.98100    -2.750      0.00      0.00      0.00           
  5163.255       6.0   7.68500    -4.499     -7.34      0.00      0.00           
  5163.265 114.00128   1.22400    -3.594      0.00      0.00      0.00           
  5163.272       6.0   7.67900    -3.940      0.00      0.00      0.00           
  5163.275 114.00128   1.21700    -3.340      0.00      0.00      0.00           
  5163.293 114.00128   1.21700    -3.340      0.00      0.00      0.00           
  5163.301 112.00124   0.62300    -2.072      0.00      0.00      0.00           
  5163.314      58.1   1.40600    -0.810      0.00      0.00      0.00           
  5163.314      58.1   1.40500    -0.730      0.00      0.00      0.00           
  5163.325      26.0   3.54400    -6.160      0.00      0.00      0.00           
  5163.333      27.0   4.05800    -1.428     -7.51      0.00      0.00           
  5163.336      27.0   4.05500    -0.570      0.00      0.00      0.00           
  5163.372 106.00113   1.77000    -3.826      0.00      0.00      0.00           
  5163.383      26.0   3.92600    -4.480      0.00      0.00      0.00           
  5163.383      26.0   3.92900    -4.613     -7.55      0.00      0.00           
  5163.390 106.00112   1.66600   -12.802      0.00      0.00      0.00           
  5163.391      24.0   3.08500    -5.040      0.00      0.00      0.00           
  5163.459      90.0   0.45700    -1.924      0.00      0.00      0.00           
  5163.459      90.0   0.45700    -1.920      0.00      0.00      0.00           
  5163.465 114.00128   1.20700    -3.248      0.00      0.00      0.00           
  5163.467 114.00128   1.20700    -3.248      0.00      0.00      0.00           
  5163.467      23.0   2.11300    -4.960      0.00      0.00      0.00           
  5163.475 106.00113   1.77000    -3.839      0.00      0.00      0.00           
  5163.481 106.00112   1.66600    -9.502      0.00      0.00      0.00           
  5163.482 106.00113   1.55000    -8.394      0.00      0.00      0.00           
  5163.505 114.00128   1.73800    -2.226      0.00      0.00      0.00           
  5163.505 114.00128   1.73800    -2.226      0.00      0.00      0.00           
  5163.535 114.00128   1.22400    -3.594      0.00      0.00      0.00           
  5163.544 106.00113   1.77000    -5.975      0.00      0.00      0.00           
  5163.547      58.1   1.25000    -2.120      0.00      0.00      0.00           
  5163.547      58.1   1.25100    -2.120      0.00      0.00      0.00           
  5163.572      26.1  12.87400     0.903     -7.59      0.00      0.00           
  5163.610      57.1   0.24400    -1.810      0.00      0.00      0.00           
  5163.610 106.00112   1.66600   -12.276      0.00      0.00      0.00           
  5163.610      57.1   0.24400    -1.810      0.00      0.00      0.00           
  5163.614 112.00124   0.02100    -0.222      0.00      0.00      0.00           
  5163.635      73.0   0.69600    -2.110      0.00      0.00      0.00           
  5163.635      73.0   0.69700    -2.110      0.00      0.00      0.00           
  5163.639 106.00112   1.19700    -7.281      0.00      0.00      0.00           
  5163.659 112.00125   0.02100    -0.222      0.00      0.00      0.00           
  5163.699 112.00126   0.02100    -0.222      0.00      0.00      0.00           
  5163.701      64.0   0.86500    -0.696      0.00      0.00      0.00           
  5163.701      64.0   0.86400    -0.700      0.00      0.00      0.00           
  5163.831 114.00128   1.22500    -3.369      0.00      0.00      0.00           
  5163.835      24.1   5.66200    -3.651     -7.87      0.00      0.00           
  5163.835      24.1   5.65800    -3.760      0.00      0.00      0.00           
  5163.865 114.00128   1.22500    -3.369      0.00      0.00      0.00           
  5163.878      46.0   4.39500     0.590      0.00      0.00      0.00           
  5163.878      46.0   4.39200     0.590      0.00      0.00      0.00           
  5163.904 114.00128   1.21700    -3.561      0.00      0.00      0.00           
  5163.922 114.00128   1.21700    -3.561      0.00      0.00      0.00           
  5163.958      26.1   0.98600    -7.970     -7.94      0.00      0.00           
  5163.980      26.0   4.98400    -1.210      0.00      0.00      0.00           
  5163.980      26.0   4.98800    -2.450     -7.15      0.00      0.00           
  5164.027      21.0   2.14400    -0.740      0.00      0.00      0.00           
  5164.027      21.0   2.14600    -2.195     -7.73      0.00      0.00           
  5164.031      24.0   3.09200    -3.663     -7.79      0.00      0.00           
  5164.032      24.0   3.09000    -3.800      0.00      0.00      0.00           
  5164.079 106.00112   2.34900   -10.265      0.00      0.00      0.00           
  5164.113      26.0   4.18800    -2.180      0.00      0.00      0.00           
  5164.113      26.0   4.19100    -2.471     -7.52      0.00      0.00           
  5164.115      66.1   2.93700     0.150      0.00      0.00      0.00           
  5164.115      66.1   2.93900     0.154      0.00      0.00      0.00           
  5164.139      92.0   1.00600    -0.630      0.00      0.00      0.00           
  5164.157 106.00113   2.36600    -9.483      0.00      0.00      0.00           
  5164.163      26.0   3.41500    -4.745     -7.76      0.00      0.00           
  5164.164      26.0   3.41200    -4.700      0.00      0.00      0.00           
  5164.173 106.00113   1.24400    -2.856      0.00      0.00      0.00           
  5164.193 106.00113   2.09600    -3.522      0.00      0.00      0.00           
  5164.232      24.1   6.89200    -3.350      0.00      0.00      0.00           
  5164.232      24.1   6.89700    -3.020     -7.83      0.00      0.00           
  5164.238 106.00113   1.59300    -8.529      0.00      0.00      0.00           
  5164.253 106.00113   1.24400    -6.120      0.00      0.00      0.00           
  5164.288 106.00113   1.24400    -6.210      0.00      0.00      0.00           
  5164.315      23.0   2.57300    -2.700      0.00      0.00      0.00           
  5164.315      23.0   2.57500    -2.539     -7.68      0.00      0.00           
  5164.366      41.0   0.26700    -1.040      0.00      0.00      0.00           
  5164.366      41.0   0.26700    -1.040      0.00      0.00      0.00           
  5164.368 106.00113   1.24400    -2.795      0.00      0.00      0.00           
  5164.375      58.0   1.02100     0.321      0.00      0.00      0.00           
  5164.375      58.0   1.02000     0.320      0.00      0.00      0.00           
  5164.380 106.00113   2.09600    -5.700      0.00      0.00      0.00           
  5164.431 106.00113   1.59300   -12.043      0.00      0.00      0.00           
  5164.433 114.00128   1.22500    -3.344      0.00      0.00      0.00           
  5164.451      25.1   6.52300    -5.850      0.00      0.00      0.00           
  5164.465 106.00113   2.09600    -3.550      0.00      0.00      0.00           
  5164.467 114.00128   1.22500    -3.344      0.00      0.00      0.00           
  5164.510      27.0   4.47100    -3.670      0.00      0.00      0.00           
  5164.533      64.1   1.42400    -1.080      0.00      0.00      0.00           
  5164.533      64.1   1.42500    -1.080      0.00      0.00      0.00           
  5164.551      26.0   4.43500    -1.260     -7.09      0.00      0.00           
  5164.552      26.0   4.43100    -1.360      0.00      0.00      0.00           
  5164.600 114.00128   1.47600    -2.720      0.00      0.00      0.00           
  5164.601 106.00113   1.59300    -8.691      0.00      0.00      0.00           
  5164.606      21.0   3.17000    -2.860      0.00      0.00      0.00           
  5164.619      62.0   1.47200    -0.220      0.00      0.00      0.00           
  5164.619      62.0   1.47300    -0.218      0.00      0.00      0.00           
  5164.631      24.0   3.11900    -4.320      0.00      0.00      0.00           
  5164.631      24.0   3.12200    -4.317     -7.79      0.00      0.00           
  5164.681 106.00113   1.56200    -8.387      0.00      0.00      0.00           
  5164.691      26.0   2.58800    -4.177     -7.71      0.00      0.00           
  5164.691      26.0   2.58600    -4.070      0.00      0.00      0.00           
  5164.699      26.1   5.57100    -4.391     -7.89      0.00      0.00           
  5164.790      23.0   2.13000    -2.547     -7.77      0.00      0.00           
  5164.790      23.0   2.12900    -2.850      0.00      0.00      0.00           
  5164.803 106.00113   1.56200   -11.944      0.00      0.00      0.00           
  5164.827 114.00128   1.23400    -3.395      0.00      0.00      0.00           
  5164.835 112.00124   0.18200    -1.228      0.00      0.00      0.00           
  5164.852 112.00124   0.18200    -0.963      0.00      0.00      0.00           
  5164.880 112.00125   0.18100    -0.963      0.00      0.00      0.00           
  5164.881      23.0   2.26400    -0.194     -7.56      0.00      0.00           
  5164.881      23.0   2.26200    -1.680      0.00      0.00      0.00           
  5164.883 114.00128   1.23400    -3.395      0.00      0.00      0.00           
  5164.898 106.00113   1.19400    -7.227      0.00      0.00      0.00           
  5164.900 112.00126   0.18100    -0.963      0.00      0.00      0.00           
  5164.912      26.0   4.14000    -1.980      0.00      0.00      0.00           
  5164.912      26.0   4.14300    -2.145     -7.79      0.00      0.00           
  5164.930      26.1  13.40700     0.562     -7.59      0.00      0.00           
  5164.974      90.0   1.76000    -0.320      0.00      0.00      0.00           
  5164.999      20.0   5.04100    -4.110      0.00      0.00      0.00           
  5165.001 114.00128   1.47600    -2.720      0.00      0.00      0.00           
  5165.051      23.0   3.86900    -4.080      0.00      0.00      0.00           
  5165.065      37.0   0.00000    -5.690      0.00      0.00      0.00           
  5165.065      37.0   0.00000    -5.690      0.00      0.00      0.00           
  5165.087      58.1   1.93000    -1.850      0.00      0.00      0.00           
  5165.129      60.1   0.68000    -0.740      0.00      0.00      0.00           
  5165.129      60.1   0.68000    -0.740      0.00      0.00      0.00           
  5165.129      60.1   0.68000    -0.740      0.00      0.00      0.00           
  5165.129      60.1   0.68000    -0.740      0.00      0.00      0.00           
  5165.129      60.1   0.68000    -0.740      0.00      0.00      0.00           
  5165.130      60.1   0.68000    -0.740      0.00      0.00      0.00           
  5165.142      27.0   1.70900    -2.880      0.00      0.00      0.00           
  5165.149      60.1   0.68000    -0.740      0.00      0.00      0.00           
  5165.151      27.0   1.71000    -2.880     -7.66      0.00      0.00           
  5165.176      60.1   0.68000    -0.740      0.00      0.00      0.00           
  5165.182      37.0   0.00000    -5.860      0.00      0.00      0.00           
  5165.193 106.00113   1.57600    -8.436      0.00      0.00      0.00           
  5165.197 112.00124   0.70800     0.212      0.00      0.00      0.00           
  5165.224 112.00125   0.70700     0.212      0.00      0.00      0.00           
  5165.243 114.00128   1.43700    -3.023      0.00      0.00      0.00           
  5165.244 112.00126   0.70600     0.212      0.00      0.00      0.00           
  5165.260 106.00112   2.10200    -3.522      0.00      0.00      0.00           
  5165.272 106.00113   1.56200    -8.441      0.00      0.00      0.00           
  5165.330 112.00124   0.87200     0.397      0.00      0.00      0.00           
  5165.332      66.0   2.27200     0.430      0.00      0.00      0.00           
  5165.332      66.0   2.27400     0.432      0.00      0.00      0.00           
  5165.347 114.00128   1.43700    -3.023      0.00      0.00      0.00           
  5165.350 106.00113   1.57600   -11.950      0.00      0.00      0.00           
  5165.359      24.0   3.10400    -3.593     -7.80      0.00      0.00           
  5165.360      24.0   3.10200    -3.640      0.00      0.00      0.00           
  5165.377      24.1   5.86900    -4.330      0.00      0.00      0.00           
  5165.377      24.1   5.87400    -3.704     -7.78      0.00      0.00           
  5165.396 106.00112   2.10200    -5.700      0.00      0.00      0.00           
  5165.410      26.0   4.21700    -0.030      0.00      0.00      0.00           
  5165.410      26.0   4.22000    -0.003     -7.51      0.00      0.00           
  5165.427 114.00128   1.23400    -3.194      0.00      0.00      0.00           
  5165.431      20.0   5.29500    -4.750      0.00      0.00      0.00           
  5165.433      23.0   3.89000    -4.260      0.00      0.00      0.00           
  5165.455 112.00124   0.18600    -1.175      0.00      0.00      0.00           
  5165.466 112.00125   0.18600    -1.175      0.00      0.00      0.00           
  5165.467 106.00112   2.10200    -3.550      0.00      0.00      0.00           
  5165.477 112.00126   0.18500    -1.175      0.00      0.00      0.00           
  5165.483 114.00128   1.23400    -3.194      0.00      0.00      0.00           
  5165.489 112.00124   0.70800    -2.365      0.00      0.00      0.00           
  5165.528 112.00124   0.14700     0.356      0.00      0.00      0.00           
  5165.567 112.00125   0.14700     0.356      0.00      0.00      0.00           
  5165.593      26.0   4.60400    -3.350      0.00      0.00      0.00           
  5165.593      26.0   4.60800    -3.088     -7.34      0.00      0.00           
  5165.601      23.0   2.11300    -6.530      0.00      0.00      0.00           
  5165.603 112.00126   0.14700     0.356      0.00      0.00      0.00           
  5165.625 112.00124   0.14700    -2.979      0.00      0.00      0.00           
  5165.626      24.0   5.61900    -3.440      0.00      0.00      0.00           
  5165.631 112.00124   0.87200    -2.447      0.00      0.00      0.00           
  5165.641      27.0   3.92700    -3.350      0.00      0.00      0.00           
  5165.642      26.1  13.47800     0.595     -7.59      0.00      0.00           
  5165.648 112.00124   0.70800     0.229      0.00      0.00      0.00           
  5165.650 106.00113   1.57600    -8.533      0.00      0.00      0.00           
  5165.677      26.0   4.73300    -3.737     -7.32      0.00      0.00           
  5165.678 112.00125   0.70700     0.229      0.00      0.00      0.00           
  5165.684 112.00126   0.70600     0.229      0.00      0.00      0.00           
  5165.701 106.00113   2.27300    -7.873      0.00      0.00      0.00           
  5165.727      24.0   3.07700    -5.580      0.00      0.00      0.00           
  5165.733      26.1  12.77100     0.452     -7.57      0.00      0.00           
  5165.795      20.0   4.62100    -1.300      0.00      0.00      0.00           
  5165.799      23.0   3.28600    -1.699     -7.30      0.00      0.00           
  5165.815 106.00112   1.91600    -6.271      0.00      0.00      0.00           
  5165.821 112.00124   0.87300     0.410      0.00      0.00      0.00           
  5165.834 112.00124   0.14700    -2.978      0.00      0.00      0.00           
  5165.888      20.0   5.29600    -4.370      0.00      0.00      0.00           
  5165.915 114.00128   1.82700    -2.788      0.00      0.00      0.00           
  5165.931 112.00124   0.14700     0.386      0.00      0.00      0.00           
  5165.946      40.0   1.52900    -0.790      0.00      0.00      0.00           
  5165.960      40.0   1.53000    -0.790      0.00      0.00      0.00           
  5165.971 112.00125   0.14700     0.386      0.00      0.00      0.00           
  5166.008 112.00126   0.14700     0.386      0.00      0.00      0.00           
  5166.009 114.00128   1.82700    -2.788      0.00      0.00      0.00           
  5166.029      15.0   6.93000    -2.000      0.00      0.00      0.00           
  5166.029      15.0   6.93600    -2.000      0.00      0.00      0.00           
  5166.040      62.1   1.37600    -0.800      0.00      0.00      0.00           
  5166.040      62.1   1.37400    -0.800      0.00      0.00      0.00           
  5166.057      27.0   4.25900    -0.461     -7.56      0.00      0.00           
  5166.060      27.0   4.25600    -0.500      0.00      0.00      0.00           
  5166.092      23.0   2.57300    -3.810      0.00      0.00      0.00           
  5166.101      24.0   3.43500    -2.150     -7.77      0.00      0.00           
  5166.101      24.0   3.43200    -1.750      0.00      0.00      0.00           
  5166.156      23.0   3.29900    -1.161     -7.30      0.00      0.00           
  5166.197      26.1  13.40700     0.933     -7.59      0.00      0.00           
  5166.216      24.0   3.43500    -0.402     -7.75      0.00      0.00           
  5166.217      24.0   3.43200    -0.520      0.00      0.00      0.00           
  5166.255 106.00113   1.64300    -4.206      0.00      0.00      0.00           
  5166.267 114.00128   1.24500    -3.421      0.00      0.00      0.00           
  5166.281 106.00113   1.91000    -6.271      0.00      0.00      0.00           
  5166.282      26.0   0.00000    -4.120      0.00      0.00      0.00           
  5166.282      26.0   0.00000    -4.192     -7.83      0.00      0.00           
  5166.324 112.00124   0.64100    -2.111      0.00      0.00      0.00           
  5166.331 112.00124   1.07700    -3.379      0.00      0.00      0.00           
  5166.349 114.00128   1.24500    -3.421      0.00      0.00      0.00           
  5166.357      14.0   4.93000    -4.062     -7.32      0.00      0.00           
  5166.410      23.0   1.86800    -5.500      0.00      0.00      0.00           
  5166.410      23.0   1.87000    -3.698     -7.80      0.00      0.00           
  5166.420 106.00112   1.19900    -7.226      0.00      0.00      0.00           
  5166.457 106.00113   1.64300    -6.361      0.00      0.00      0.00           
  5166.459 106.00112   2.44100    -7.775      0.00      0.00      0.00           
  5166.551      26.1  10.45500    -0.045     -7.59      0.00      0.00           
  5166.595 106.00113   1.64300    -4.219      0.00      0.00      0.00           
  5166.619      15.0   6.98000    -1.630      0.00      0.00      0.00           
  5166.619      15.0   6.98500    -1.630     -7.14      0.00      0.00           
  5166.622 106.00112   1.10800    -3.398      0.00      0.00      0.00           
  5166.637 106.00113   1.54100    -9.284      0.00      0.00      0.00           
  5166.671 106.00112   1.10800    -7.480      0.00      0.00      0.00           
  5166.693      63.0   1.61700     0.050      0.00      0.00      0.00           
  5166.758 112.00124   0.38400    -1.713      0.00      0.00      0.00           
  5166.762      24.0   3.08700    -3.925     -7.80      0.00      0.00           
  5166.762      24.0   3.08500    -4.170      0.00      0.00      0.00           
  5166.781      23.0   1.89300    -1.503     -7.65      0.00      0.00           
  5166.782      23.0   1.89200    -1.500      0.00      0.00      0.00           
  5166.795      73.0   1.59400    -1.920      0.00      0.00      0.00           
  5166.828 106.00112   1.54200    -8.355      0.00      0.00      0.00           
  5166.878 114.00128   1.24500    -3.078      0.00      0.00      0.00           
  5166.933      23.0   1.94200    -2.665     -7.76      0.00      0.00           
  5166.933      23.0   1.94100    -2.750      0.00      0.00      0.00           
  5166.961 114.00128   1.24500    -3.078      0.00      0.00      0.00           
  5166.963      21.0   5.22200    -2.360      0.00      0.00      0.00           
  5166.995 106.00112   1.10800    -3.339      0.00      0.00      0.00           
  5166.999 106.00112   1.65000    -4.206      0.00      0.00      0.00           
  5167.019 112.00124   0.01400    -0.340      0.00      0.00      0.00           
  5167.050      26.0   3.04500    -8.140      0.00      0.00      0.00           
  5167.050 112.00124   0.01400    -1.618      0.00      0.00      0.00           
  5167.050      26.0   3.04700    -6.187     -7.76      0.00      0.00           
  5167.053 112.00125   0.01400    -0.340      0.00      0.00      0.00           
  5167.084 112.00126   0.01400    -0.340      0.00      0.00      0.00           
  5167.123      26.1  12.88500    -0.162     -7.59      0.00      0.00           
  5167.147 112.00124   0.18600    -1.362      0.00      0.00      0.00           
  5167.166      23.0   3.26500    -4.260      0.00      0.00      0.00           
  5167.166      23.0   3.26700    -1.321     -7.39      0.00      0.00           
  5167.170 112.00124   0.18600    -0.754      0.00      0.00      0.00           
  5167.191 112.00125   0.18600    -0.754      0.00      0.00      0.00           
  5167.208 112.00126   0.18500    -0.754      0.00      0.00      0.00           
  5167.224 106.00112   1.65000    -6.361      0.00      0.00      0.00           
  5167.235 106.00113   1.37600    -6.764      0.00      0.00      0.00           
  5167.301      26.1   3.42500    -7.341     -7.88      0.00      0.00           
  5167.306 106.00112   1.65000    -4.219      0.00      0.00      0.00           
  5167.312      26.1   3.42200    -9.010      0.00      0.00      0.00           
  5167.321      12.0   2.70700    -1.030      0.00      0.00      0.00           
  5167.322      12.0   2.70900    -0.931     -7.27      0.00      0.00           
  5167.344      58.1   1.67600    -1.810      0.00      0.00      0.00           
  5167.379      72.0   3.07100    -0.080      0.00      0.00      0.00           
  5167.454      58.1   2.65000    -1.740      0.00      0.00      0.00           
  5167.488      26.0   1.48500    -1.118     -7.69      0.00      0.00           
  5167.489      26.0   1.48400    -1.120      0.00      0.00      0.00           
  5167.494 106.00112   2.45800    -3.558      0.00      0.00      0.00           
  5167.514      26.1  13.47800     0.207     -7.59      0.00      0.00           
  5167.525      26.1  10.48000    -0.766     -7.59      0.00      0.00           
  5167.569 114.00128   1.31900    -2.683      0.00      0.00      0.00           
  5167.617 106.00112   2.45800    -6.661      0.00      0.00      0.00           
  5167.655 112.00124   0.67300     0.198      0.00      0.00      0.00           
  5167.714 112.00125   0.67200     0.198      0.00      0.00      0.00           
  5167.718      26.0   3.41200    -3.420      0.00      0.00      0.00           
  5167.718      26.0   3.41500    -2.832     -7.77      0.00      0.00           
  5167.730 112.00126   0.67100     0.198      0.00      0.00      0.00           
  5167.732      28.0   4.26300    -2.200      0.00      0.00      0.00           
  5167.741      28.0   4.26600    -2.843     -7.32      0.00      0.00           
  5167.746      42.0   2.67800    -1.050      0.00      0.00      0.00           
  5167.746      42.0   2.68000    -1.054      0.00      0.00      0.00           
  5167.783 114.00128   1.31900    -2.683      0.00      0.00      0.00           
  5167.791      57.0   0.51100    -1.060      0.00      0.00      0.00           
  5167.791      57.0   0.51100    -1.060      0.00      0.00      0.00           
  5167.793 106.00112   2.45800    -6.258      0.00      0.00      0.00           
  5167.809 106.00112   1.91600    -6.223      0.00      0.00      0.00           
  5167.812      28.1  14.40300    -0.865     -7.55      0.00      0.00           
  5167.827 112.00124   0.01400    -0.290      0.00      0.00      0.00           
  5167.828      26.1  13.05500    -0.423     -7.54      0.00      0.00           
  5167.830      24.0   4.43600    -2.570      0.00      0.00      0.00           
  5167.847      25.0   4.66000    -7.328     -7.08      0.00      0.00           
  5167.866 112.00125   0.01400    -0.290      0.00      0.00      0.00           
  5167.897 106.00112   2.45800    -2.625      0.00      0.00      0.00           
  5167.900 112.00126   0.01400    -0.290      0.00      0.00      0.00           
  5167.906      26.1  11.67300    -6.629     -7.42      0.00      0.00           
  5167.914      23.0   3.82400    -3.770      0.00      0.00      0.00           
  5167.914      23.0   3.82700    -4.372     -7.27      0.00      0.00           
  5167.917 106.00112   2.45800    -3.579      0.00      0.00      0.00           
  5167.919      24.1   8.35600    -5.479     -7.73      0.00      0.00           
  5167.920      60.1   0.55900    -1.180      0.00      0.00      0.00           
  5167.920      60.1   0.55900    -1.180      0.00      0.00      0.00           
  5167.940      26.1  11.67300    -4.623     -7.42      0.00      0.00           
  5167.950      24.0   3.43500    -1.604     -7.75      0.00      0.00           
  5167.951      24.0   3.43200    -1.600      0.00      0.00      0.00           
  5167.965 112.00124   0.67300    -2.345      0.00      0.00      0.00           
  5167.967      24.1  12.11700    -4.281     -7.31      0.00      0.00           
  5168.007      24.1  10.49000    -5.228     -7.73      0.00      0.00           
  5168.026      23.0   2.12200    -3.092     -7.77      0.00      0.00           
  5168.026      23.0   2.12100    -3.300      0.00      0.00      0.00           
  5168.029      26.1  13.07400    -1.337     -7.51      0.00      0.00           
  5168.039      24.0   4.44300    -1.330      0.00      0.00      0.00           
  5168.053      58.1   3.84700    -2.740      0.00      0.00      0.00           
  5168.085      28.1  12.50300    -1.591     -7.59      0.00      0.00           
  5168.113      26.1  10.41400    -2.708     -7.56      0.00      0.00           
  5168.117 112.00124   0.19100    -0.849      0.00      0.00      0.00           
  5168.120 112.00124   0.67300     0.216      0.00      0.00      0.00           
  5168.125 112.00125   0.19100    -0.849      0.00      0.00      0.00           
  5168.126       6.0   7.68500    -5.150     -7.34      0.00      0.00           
  5168.131      27.1   8.92800    -4.583     -7.73      0.00      0.00           
  5168.134 112.00126   0.19100    -0.849      0.00      0.00      0.00           
  5168.146 112.00124   0.12800     0.324      0.00      0.00      0.00           
  5168.147      39.1   7.94500    -2.427     -7.29      0.00      0.00           
  5168.154 114.00128   1.25800    -3.447      0.00      0.00      0.00           
  5168.164 106.00112   2.45800    -4.410      0.00      0.00      0.00           
  5168.165      26.0   3.94300    -5.131     -7.54      0.00      0.00           
  5168.172 112.00125   0.67200     0.216      0.00      0.00      0.00           
  5168.176 112.00126   0.67200     0.216      0.00      0.00      0.00           
  5168.179 106.00113   1.91100    -6.223      0.00      0.00      0.00           
  5168.181 112.00125   0.12800     0.324      0.00      0.00      0.00           
  5168.182      26.0   3.94000    -3.980      0.00      0.00      0.00           
  5168.182      26.0   3.94300    -4.223     -7.54      0.00      0.00           
  5168.189      24.1  10.16400    -5.142     -7.66      0.00      0.00           
  5168.200      69.0   2.69500    -1.830      0.00      0.00      0.00           
  5168.201 106.00113   1.77200    -3.827      0.00      0.00      0.00           
  5168.214 112.00126   0.12700     0.324      0.00      0.00      0.00           
  5168.238 112.00124   0.12800    -2.948      0.00      0.00      0.00           
  5168.244 106.00113   1.60600    -6.456      0.00      0.00      0.00           
  5168.245      23.1   7.77200    -6.867     -7.65      0.00      0.00           
  5168.253      26.1  12.90800    -1.398     -7.64      0.00      0.00           
  5168.255       6.0   8.63600    -4.750      0.00      0.00      0.00           
  5168.258       6.0   8.64300    -2.980     -6.76      0.00      0.00           
  5168.268 114.00128   1.25800    -3.447      0.00      0.00      0.00           
  5168.287      22.0   3.28500    -4.422     -7.54      0.00      0.00           
  5168.288 106.00112   2.45800    -2.707      0.00      0.00      0.00           
  5168.290      22.0   3.28200    -3.680      0.00      0.00      0.00           
  5168.315      26.1  12.85500    -2.167     -7.59      0.00      0.00           
  5168.323      59.0   0.00000    -0.810      0.00      0.00      0.00           
  5168.323      59.0   0.00000    -0.813      0.00      0.00      0.00           
  5168.355      62.0   1.91000     0.570      0.00      0.00      0.00           
  5168.355      62.0   1.91200     0.572      0.00      0.00      0.00           
  5168.373 106.00113   1.77200    -5.938      0.00      0.00      0.00           
  5168.453      24.1   8.10700    -2.788     -7.66      0.00      0.00           
  5168.453      23.0   3.81200    -4.170      0.00      0.00      0.00           
  5168.453      23.0   3.81500    -5.347     -7.18      0.00      0.00           
  5168.461 106.00113   1.77200    -3.839      0.00      0.00      0.00           
  5168.471 112.00124   0.12800    -2.947      0.00      0.00      0.00           
  5168.493      58.1   1.31900    -3.120      0.00      0.00      0.00           
  5168.508 112.00124   0.00100    -1.226      0.00      0.00      0.00           
  5168.525 112.00124   0.18200    -1.332      0.00      0.00      0.00           
  5168.563 112.00124   0.12800     0.357      0.00      0.00      0.00           
  5168.571      26.0   4.31300    -6.974     -7.34      0.00      0.00           
  5168.578 114.00128   1.83100    -2.352      0.00      0.00      0.00           
  5168.599 112.00125   0.12800     0.357      0.00      0.00      0.00           
  5168.612      22.0   3.56700    -5.255     -7.33      0.00      0.00           
  5168.624      24.0   1.02900    -4.330      0.00      0.00      0.00           
  5168.625      24.0   1.03000    -4.389     -7.79      0.00      0.00           
  5168.632 112.00126   0.12800     0.357      0.00      0.00      0.00           
  5168.640      14.0   5.61500    -2.160      0.00      0.00      0.00           
  5168.643      28.1  12.73900    -3.298     -7.50      0.00      0.00           
  5168.656      28.0   3.69900    -0.430     -7.51      0.00      0.00           
  5168.659      28.0   3.69600    -0.430      0.00      0.00      0.00           
  5168.663      58.1   1.76700    -1.180      0.00      0.00      0.00           
  5168.678      20.0   5.29500    -4.650      0.00      0.00      0.00           
  5168.711      26.1  10.45500    -1.960     -7.59      0.00      0.00           
  5168.718      24.1   4.98800   -11.267     -7.93      0.00      0.00           
  5168.768 106.00112   1.64100   -12.434      0.00      0.00      0.00           
  5168.785      27.1   5.20400    -2.840      0.00      0.00      0.00           
  5168.786 114.00128   1.25800    -2.985      0.00      0.00      0.00           
  5168.833      28.1  14.25100    -3.850     -7.78      0.00      0.00           
  5168.834      26.1  10.93000    -2.936     -7.44      0.00      0.00           
  5168.843      26.0   2.98800    -5.480      0.00      0.00      0.00           
  5168.843      26.0   2.99000    -5.392     -7.82      0.00      0.00           
  5168.849 106.00112   1.64100    -8.960      0.00      0.00      0.00           
  5168.865      26.0   3.29800    -4.680      0.00      0.00      0.00           
  5168.865      26.0   3.30100    -4.982     -7.81      0.00      0.00           
  5168.874      27.1  11.48600    -2.149     -7.57      0.00      0.00           
  5168.898      26.0   0.05200    -4.000      0.00      0.00      0.00           
  5168.898      26.0   0.05200    -3.971     -7.82      0.00      0.00           
  5168.900 114.00128   1.25800    -2.985      0.00      0.00      0.00           
  5168.950      24.1   8.37000    -9.201     -7.73      0.00      0.00           
  5168.953      76.0   4.77200     0.110      0.00      0.00      0.00           
  5168.953      76.0   4.76800     0.110      0.00      0.00      0.00           
  5168.955      26.1  12.87900     0.130     -7.59      0.00      0.00           
  5168.971      39.1   7.25700    -1.639     -7.38      0.00      0.00           
  5168.975 114.00128   1.83100    -2.352      0.00      0.00      0.00           
  5169.028      26.1   2.89100    -1.000     -7.89      0.00      0.00           
  5169.033      26.1   2.89100    -1.000      0.00      0.00      0.00           
  5169.033      28.1  14.42100    -0.591     -7.63      0.00      0.00           
  5169.034      27.1  11.24200    -1.237     -7.60      0.00      0.00           
  5169.034 106.00112   1.64100    -9.504      0.00      0.00      0.00           
  5169.040      27.1  11.78300    -7.202     -7.66      0.00      0.00           
  5169.065      23.0   3.31500    -0.819     -7.30      0.00      0.00           
  5169.081      23.0   2.58100    -5.290     -7.73      0.00      0.00           
  5169.081      23.0   2.57900    -4.010      0.00      0.00      0.00           
  5169.105      23.1   8.79000    -5.531     -7.57      0.00      0.00           
  5169.123 112.00124   0.65900    -2.148      0.00      0.00      0.00           
  5169.130      24.1  12.60900    -9.975     -7.18      0.00      0.00           
  5169.137      20.0   5.29600    -5.840      0.00      0.00      0.00           
  5169.172 106.00112   2.00900   -10.170      0.00      0.00      0.00           
  5169.191      69.1   3.94700    -1.010      0.00      0.00      0.00           
  5169.212      21.0   2.29400    -3.760      0.00      0.00      0.00           
  5169.212      21.0   2.29600    -2.384     -7.53      0.00      0.00           
  5169.213      24.0   5.23000    -1.860      0.00      0.00      0.00           
  5169.214 114.00128   1.23600    -3.472      0.00      0.00      0.00           
  5169.220      25.1   3.71400   -15.436     -7.93      0.00      0.00           
  5169.229      58.0   0.51700    -0.770      0.00      0.00      0.00           
  5169.229      58.0   0.51700    -0.774      0.00      0.00      0.00           
  5169.241      22.0   3.40900    -3.861     -7.56      0.00      0.00           
  5169.241      22.0   3.40700    -2.370      0.00      0.00      0.00           
  5169.299      26.0   4.07300    -0.320      0.00      0.00      0.00           
  5169.299      26.0   4.07600    -3.362     -7.72      0.00      0.00           
  5169.333      26.0   4.91300    -3.464     -7.44      0.00      0.00           
  5169.333      26.0   4.90900    -3.110      0.00      0.00      0.00           
  5169.382 112.00124   0.19100    -1.471      0.00      0.00      0.00           
  5169.404 106.00113   2.27500    -7.935      0.00      0.00      0.00           
  5169.413 112.00124   0.19100    -0.612      0.00      0.00      0.00           
  5169.421      24.1   8.07800    -4.167     -7.66      0.00      0.00           
  5169.429 112.00125   0.19100    -0.612      0.00      0.00      0.00           
  5169.442 112.00126   0.19100    -0.612      0.00      0.00      0.00           
  5169.458      24.0   4.43700    -3.940      0.00      0.00      0.00           
  5169.459      26.1  13.02600    -1.800     -7.57      0.00      0.00           
  5169.472      26.0   4.29400    -3.017     -7.69      0.00      0.00           
  5169.472      26.0   4.29100    -2.580      0.00      0.00      0.00           
  5169.493 114.00128   1.23600    -3.472      0.00      0.00      0.00           
  5169.504 112.00124   0.82900     0.387      0.00      0.00      0.00           
  5169.512      58.1   1.01400    -2.660      0.00      0.00      0.00           
  5169.527      26.1  11.65900    -4.107     -7.34      0.00      0.00           
  5169.552      26.0   4.96200    -3.790      0.00      0.00      0.00           
  5169.552      26.0   4.96600    -4.871     -7.26      0.00      0.00           
  5169.562      28.1  12.34400    -0.186     -7.59      0.00      0.00           
  5169.569      27.1  11.36500    -0.969     -7.69      0.00      0.00           
  5169.577      26.1  11.67800    -5.928     -7.35      0.00      0.00           
  5169.586      24.0   4.38500    -4.070      0.00      0.00      0.00           
  5169.596 106.00113   1.37700    -6.715      0.00      0.00      0.00           
  5169.624      26.1  13.02600    -0.329     -7.43      0.00      0.00           
  5169.629      28.1  12.28000    -3.254     -7.66      0.00      0.00           
  5169.648      37.0   1.55800    -2.670      0.00      0.00      0.00           
  5169.648      37.0   1.56000    -2.674      0.00      0.00      0.00           
  5169.688      24.1  12.08800    -9.521     -7.32      0.00      0.00           
  5169.690      66.1   0.10300    -1.950      0.00      0.00      0.00           
  5169.690      66.1   0.10000    -1.950      0.00      0.00      0.00           
  5169.694      23.0   3.06600    -3.640     -7.53      0.00      0.00           
  5169.695       6.0   8.64700    -3.797     -6.76      0.00      0.00           
  5169.701      22.0   3.10400    -0.913     -7.43      0.00      0.00           
  5169.701      22.0   3.10200    -0.930      0.00      0.00      0.00           
  5169.707       6.0   8.64100    -3.490      0.00      0.00      0.00           
  5169.716      26.0   4.98400    -2.220      0.00      0.00      0.00           
  5169.716      26.0   4.98800    -2.933     -7.12      0.00      0.00           
  5169.719      26.1  13.05400    -4.695     -7.59      0.00      0.00           
  5169.722      58.0   0.02800    -0.992      0.00      0.00      0.00           
  5169.722      58.0   0.02800    -0.990      0.00      0.00      0.00           
  5169.725      26.0   3.24900    -4.740      0.00      0.00      0.00           
  5169.725      26.0   3.25200    -4.871     -7.84      0.00      0.00           
  5169.730 106.00112   1.38100    -6.764      0.00      0.00      0.00           
  5169.747      23.0   2.37400    -1.796     -7.75      0.00      0.00           
  5169.747      23.0   2.37200    -2.240      0.00      0.00      0.00           
  5169.758 114.00128   1.66200    -2.569      0.00      0.00      0.00           
  5169.766      26.1  13.02700    -2.526     -7.40      0.00      0.00           
  5169.774      69.1   3.50600    -1.730      0.00      0.00      0.00           
  5169.794      22.1   5.64700    -5.292     -7.72      0.00      0.00           
  5169.801      26.1  10.50000    -1.198     -7.59      0.00      0.00           
  5169.813 112.00124   0.82900    -2.432      0.00      0.00      0.00           
  5169.825 114.00128   1.66200    -2.569      0.00      0.00      0.00           
  5169.836      24.0   3.55100    -2.515     -7.63      0.00      0.00           
  5169.836      24.0   3.54800    -1.930      0.00      0.00      0.00           
  5169.846 106.00113   2.44900    -2.705      0.00      0.00      0.00           
  5169.846 106.00113   2.44900    -4.464      0.00      0.00      0.00           
  5169.849      26.1  12.84600    -5.516     -7.46      0.00      0.00           
  5169.850      25.0   4.43500    -9.770     -7.74      0.00      0.00           
  5169.857      28.1  12.73900    -2.106     -7.55      0.00      0.00           
  5169.862      28.1   6.57100    -3.790      0.00      0.00      0.00           
  5169.862      28.1   6.57600    -3.794     -7.91      0.00      0.00           
  5169.863      27.1  11.44200    -0.140     -7.57      0.00      0.00           
  5169.896      26.1  12.99500    -4.067     -7.51      0.00      0.00           
  5169.898 106.00112   1.61100    -6.456      0.00      0.00      0.00           
  5169.899      26.1  12.88500    -2.111     -7.59      0.00      0.00           
  5169.906      22.0   3.58300    -1.855     -7.29      0.00      0.00           
  5169.906      22.0   3.58000    -1.880      0.00      0.00      0.00           
  5169.913      23.0   2.24200    -1.174     -7.56      0.00      0.00           
  5169.913      23.0   2.24100    -0.880      0.00      0.00      0.00           
  5169.942      28.1  14.41500    -3.383     -7.27      0.00      0.00           
  5169.960      26.1  13.45700    -0.678     -7.58      0.00      0.00           
  5169.983      58.1   1.67700    -2.460      0.00      0.00      0.00           
  5170.001 112.00124   0.82900     0.401      0.00      0.00      0.00           
  5170.006 112.00125   0.63800     0.192      0.00      0.00      0.00           
  5170.012      27.0   4.05500    -2.400      0.00      0.00      0.00           
  5170.012      27.0   4.05800    -1.542     -7.51      0.00      0.00           
  5170.018 112.00126   0.63800     0.192      0.00      0.00      0.00           
  5170.042 106.00112   1.54700   -13.105      0.00      0.00      0.00           
  5170.050      24.0   4.44400    -2.120      0.00      0.00      0.00           
  5170.052      23.0   2.57800    -3.009     -7.68      0.00      0.00           
  5170.052      23.0   2.57600    -3.280      0.00      0.00      0.00           
  5170.059 106.00112   1.54700    -8.323      0.00      0.00      0.00           
  5170.066      26.0   4.59300    -3.379     -7.78      0.00      0.00           
  5170.066      26.0   4.59000    -3.040      0.00      0.00      0.00           
  5170.068      24.1   3.88700   -10.342     -7.94      0.00      0.00           
  5170.068      24.1   3.88700   -13.056     -7.94      0.00      0.00           
  5170.087      26.1  12.87400    -1.324     -7.60      0.00      0.00           
  5170.092 106.00113   2.44900    -3.577      0.00      0.00      0.00           
  5170.093 106.00113   2.44900    -6.293      0.00      0.00      0.00           
  5170.094 106.00113   1.60700    -6.410      0.00      0.00      0.00           
  5170.105      26.1  13.02600     0.734     -7.59      0.00      0.00           
  5170.108 112.00124   0.63900     0.192      0.00      0.00      0.00           
  5170.126      26.1  11.74000    -5.017     -7.42      0.00      0.00           
  5170.151      69.1   4.17400    -2.310      0.00      0.00      0.00           
  5170.158      26.1  12.88500    -0.062     -7.56      0.00      0.00           
  5170.167      72.0   2.45200    -0.540      0.00      0.00      0.00           
  5170.167      72.0   2.45400    -0.540      0.00      0.00      0.00           
  5170.177      26.1  13.02700    -1.434     -7.43      0.00      0.00           
  5170.207      69.1   4.78400    -1.680      0.00      0.00      0.00           
  5170.223      90.1   1.37800    -1.882      0.00      0.00      0.00           
  5170.223      90.1   1.37700    -1.880      0.00      0.00      0.00           
  5170.237      26.0   3.69500    -4.889     -7.80      0.00      0.00           
  5170.237      26.0   3.69200    -4.790      0.00      0.00      0.00           
  5170.238      26.1  11.07600    -6.746     -7.64      0.00      0.00           
  5170.261      58.1   1.29600    -2.890      0.00      0.00      0.00           
  5170.273 106.00112   1.24800    -2.855      0.00      0.00      0.00           
  5170.296       6.0   8.64700    -3.132     -6.76      0.00      0.00           
  5170.327      27.0   4.14300    -3.930      0.00      0.00      0.00           
  5170.331      27.0   4.14600    -3.359     -7.51      0.00      0.00           
  5170.349      26.1  10.50300    -4.477     -7.59      0.00      0.00           
  5170.350 106.00112   1.24800    -6.119      0.00      0.00      0.00           
  5170.361      26.1  13.05800    -1.230     -7.52      0.00      0.00           
  5170.381 112.00124   0.63900    -2.193      0.00      0.00      0.00           
  5170.384 106.00112   1.24800    -6.209      0.00      0.00      0.00           
  5170.425      26.1  12.75000    -7.109     -7.48      0.00      0.00           
  5170.445      26.0   4.73000    -3.090      0.00      0.00      0.00           
  5170.445      26.0   4.73300    -2.467     -7.32      0.00      0.00           
  5170.445      24.1  12.08800    -7.760     -7.32      0.00      0.00           
  5170.458 106.00113   1.05300    -5.704      0.00      0.00      0.00           
  5170.461 106.00112   1.24800    -2.794      0.00      0.00      0.00           
  5170.463      28.1  14.25800    -2.934     -7.37      0.00      0.00           
  5170.468 112.00125   0.63900     0.214      0.00      0.00      0.00           
  5170.470 112.00126   0.63800     0.214      0.00      0.00      0.00           
  5170.470 112.00124   0.19800    -0.666      0.00      0.00      0.00           
  5170.475 112.00125   0.19800    -0.666      0.00      0.00      0.00           
  5170.481 112.00126   0.19800    -0.666      0.00      0.00      0.00           
  5170.500 114.00128   1.27200    -3.473      0.00      0.00      0.00           
  5170.503      26.1  13.48700     0.153     -7.59      0.00      0.00           
  5170.506      24.1   7.89900    -7.322     -7.66      0.00      0.00           
  5170.512      23.0   0.28700   -13.258     -7.82      0.00      0.00           
  5170.512      23.0   0.28700   -14.930     -7.82      0.00      0.00           
  5170.518      27.1  10.78400    -3.200     -7.73      0.00      0.00           
  5170.522      23.0   3.90800    -3.650      0.00      0.00      0.00           
  5170.522      22.0   2.26600    -1.380      0.00      0.00      0.00           
  5170.522      23.0   3.91100    -3.308     -7.49      0.00      0.00           
  5170.522      22.0   2.26700    -1.380     -7.69      0.00      0.00           
  5170.533 112.00124   0.63900     0.214      0.00      0.00      0.00           
  5170.536      22.1   5.69200    -4.284     -7.72      0.00      0.00           
  5170.547      24.0   5.26700    -3.190      0.00      0.00      0.00           
  5170.547      22.1   5.68800    -4.280      0.00      0.00      0.00           
  5170.556      58.1   1.25400    -3.740      0.00      0.00      0.00           
  5170.585 112.00124   0.11000     0.289      0.00      0.00      0.00           
  5170.598      26.1  12.76800    -4.433     -7.48      0.00      0.00           
  5170.615 112.00125   0.11000     0.289      0.00      0.00      0.00           
  5170.640      24.1  11.23400    -6.534     -7.69      0.00      0.00           
  5170.644 112.00126   0.10900     0.289      0.00      0.00      0.00           
  5170.650 114.00128   1.27200    -3.473      0.00      0.00      0.00           
  5170.670 112.00124   0.11000    -2.915      0.00      0.00      0.00           
  5170.682      22.0   3.56700    -3.670     -7.33      0.00      0.00           
  5170.683      27.1  11.36300     0.828     -7.57      0.00      0.00           
  5170.685      28.1  11.96900    -6.231     -7.82      0.00      0.00           
  5170.692      42.0   2.62300    -2.149      0.00      0.00      0.00           
  5170.692      42.0   2.62100    -2.150      0.00      0.00      0.00           
  5170.728      23.0   2.68200    -2.190      0.00      0.00      0.00           
  5170.744      26.1  13.07400    -1.724     -7.51      0.00      0.00           
  5170.776      26.1  10.45500    -0.330     -7.59      0.00      0.00           
  5170.810      39.1   7.88200    -2.530     -7.32      0.00      0.00           
  5170.846      26.0   0.08700   -11.230     -7.82      0.00      0.00           
  5170.861      26.1  12.88700    -3.500     -7.51      0.00      0.00           
  5170.889      26.1  13.41300    -0.124     -7.58      0.00      0.00           
  5170.925      22.0   3.13900    -1.851     -7.66      0.00      0.00           
  5170.932 112.00124   0.11000    -2.914      0.00      0.00      0.00           
  5170.934 112.00124   0.00900    -0.426      0.00      0.00      0.00           
  5170.937      60.1   0.55000    -1.650      0.00      0.00      0.00           
  5170.937      24.1   8.36300    -6.004     -7.73      0.00      0.00           
  5170.937      60.1   0.55000    -1.650      0.00      0.00      0.00           
  5170.950      28.1  14.24300    -7.890     -7.51      0.00      0.00           
  5170.958 114.00128   1.53600    -2.663      0.00      0.00      0.00           
  5170.959 112.00124   0.00900    -1.552      0.00      0.00      0.00           
  5170.962 112.00125   0.00900    -0.426      0.00      0.00      0.00           
  5170.967      58.1   1.45600    -2.590      0.00      0.00      0.00           
  5170.969 114.00128   1.53600    -2.663      0.00      0.00      0.00           
  5170.986 112.00126   0.00800    -0.426      0.00      0.00      0.00           
  5171.017 112.00124   0.11000     0.325      0.00      0.00      0.00           
  5171.020      44.0   0.92700    -0.470      0.00      0.00      0.00           
  5171.020      44.0   0.92800    -0.770      0.00      0.00      0.00           
  5171.028      58.1   2.87700    -2.050      0.00      0.00      0.00           
  5171.036      25.1  11.01500    -6.843     -7.67      0.00      0.00           
  5171.050 112.00125   0.11000     0.325      0.00      0.00      0.00           
  5171.064      42.0   3.17600    -0.286      0.00      0.00      0.00           
  5171.064      42.0   3.17300    -0.290      0.00      0.00      0.00           
  5171.073      23.0   3.28300    -0.646     -7.40      0.00      0.00           
  5171.073      23.0   3.28100    -3.400      0.00      0.00      0.00           
  5171.079 112.00126   0.10900     0.325      0.00      0.00      0.00           
  5171.123      26.1  12.88700    -4.035     -7.51      0.00      0.00           
  5171.135      23.1   2.51400    -4.824     -7.85      0.00      0.00           
  5171.135      23.1   2.51300    -4.440      0.00      0.00      0.00           
  5171.143      21.0   2.61400    -3.640     -7.57      0.00      0.00           
  5171.159 114.00128   1.27200    -2.907      0.00      0.00      0.00           
  5171.160      26.1  13.03400    -2.102     -7.51      0.00      0.00           
  5171.168      26.0   2.58600    -6.570      0.00      0.00      0.00           
  5171.168      26.0   2.58800    -7.130     -7.82      0.00      0.00           
  5171.188      26.1  10.56000    -3.561     -7.74      0.00      0.00           
  5171.236      58.1   1.85500    -1.960      0.00      0.00      0.00           
  5171.240      42.0   2.49600    -1.456      0.00      0.00      0.00           
  5171.240      42.0   2.49400    -1.460      0.00      0.00      0.00           
  5171.242 112.00124   0.39500    -1.773      0.00      0.00      0.00           
  5171.278 106.00113   1.95300   -10.246      0.00      0.00      0.00           
  5171.299 106.00112   1.54700    -8.376      0.00      0.00      0.00           
  5171.302      26.1  13.05500     0.409     -7.55      0.00      0.00           
  5171.309 114.00128   1.27200    -2.907      0.00      0.00      0.00           
  5171.317      26.0   4.95600    -2.392     -7.32      0.00      0.00           
  5171.317      26.0   4.95200    -4.120      0.00      0.00      0.00           
  5171.332      22.0   3.10400    -2.555     -7.43      0.00      0.00           
  5171.463      26.0   4.98500    -4.187     -7.13      0.00      0.00           
  5171.463      26.0   4.98100    -3.150      0.00      0.00      0.00           
  5171.484 112.00124   0.19800    -1.563      0.00      0.00      0.00           
  5171.521 112.00124   0.19800    -0.505      0.00      0.00      0.00           
  5171.532 112.00125   0.19800    -0.505      0.00      0.00      0.00           
  5171.541 112.00126   0.19800    -0.505      0.00      0.00      0.00           
  5171.596      26.0   1.48400    -1.720      0.00      0.00      0.00           
  5171.596      26.0   1.48500    -1.721     -7.69      0.00      0.00           
  5171.608      22.0   3.56900    -1.856     -7.29      0.00      0.00           
  5171.608      22.0   3.56700    -1.950      0.00      0.00      0.00           
  5171.630      73.0   1.32400    -2.070      0.00      0.00      0.00           
  5171.630      73.0   1.32500    -2.070      0.00      0.00      0.00           
  5171.631      26.1   2.80700    -4.805     -7.89      0.00      0.00           
  5171.640      26.1   2.80700    -4.540      0.00      0.00      0.00           
  5171.672      26.0   3.64200    -2.270     -7.80      0.00      0.00           
  5171.673      26.0   3.64200    -2.270      0.00      0.00      0.00           
  5171.694 112.00124   0.67900    -2.182      0.00      0.00      0.00           
  5171.698      64.0   0.00000    -1.774      0.00      0.00      0.00           
  5171.698      64.0   0.00000    -1.770      0.00      0.00      0.00           
  5171.760 106.00112   1.61200    -6.410      0.00      0.00      0.00           
  5171.764 114.00128   1.50700    -2.697      0.00      0.00      0.00           
  5171.775      22.0   2.26600    -2.350      0.00      0.00      0.00           
  5171.775      22.0   2.26700    -2.595     -7.68      0.00      0.00           
  5171.833      23.0   2.57600    -5.710      0.00      0.00      0.00           
  5171.833      23.0   2.57800    -2.960     -7.73      0.00      0.00           
  5171.885 112.00124   0.00900    -0.373      0.00      0.00      0.00           
  5171.911 106.00112   1.38200    -6.714      0.00      0.00      0.00           
  5171.918 112.00125   0.00900    -0.373      0.00      0.00      0.00           
  5171.918 106.00112   2.44300    -7.849      0.00      0.00      0.00           
  5171.947 112.00126   0.00900    -0.373      0.00      0.00      0.00           
  5171.948      23.1   6.32900    -3.370      0.00      0.00      0.00           
  5171.979 106.00113   1.19400    -6.495      0.00      0.00      0.00           
  5172.074      23.0   2.25300    -0.381     -7.56      0.00      0.00           
  5172.082       6.0   7.67900    -4.570      0.00      0.00      0.00           
  5172.088      23.0   2.25200    -1.020      0.00      0.00      0.00           
  5172.097 112.00124   0.60700     0.169      0.00      0.00      0.00           
  5172.098 112.00125   0.60600     0.169      0.00      0.00      0.00           
  5172.107 112.00126   0.60500     0.169      0.00      0.00      0.00           
  5172.157 114.00128   1.50700    -2.697      0.00      0.00      0.00           
  5172.202      26.0   2.55900    -4.180     -7.71      0.00      0.00           
  5172.202      26.0   2.55700    -4.080      0.00      0.00      0.00           
  5172.217 106.00113   2.03100    -3.549      0.00      0.00      0.00           
  5172.285      27.0   3.94900    -1.630      0.00      0.00      0.00           
  5172.289      27.0   3.95200    -0.868     -7.51      0.00      0.00           
  5172.301 114.00128   1.21100    -3.669      0.00      0.00      0.00           
  5172.308 114.00128   1.21100    -3.669      0.00      0.00      0.00           
  5172.358 106.00113   2.03100    -3.573      0.00      0.00      0.00           
  5172.409      20.0   5.01400    -3.830      0.00      0.00      0.00           
  5172.410 112.00124   0.60700    -2.305      0.00      0.00      0.00           
  5172.437 106.00113   2.03100    -5.729      0.00      0.00      0.00           
  5172.559 112.00124   0.60700     0.189      0.00      0.00      0.00           
  5172.564 112.00125   0.60600     0.189      0.00      0.00      0.00           
  5172.565 112.00126   0.60500     0.189      0.00      0.00      0.00           
  5172.568 112.00124   0.20600    -0.540      0.00      0.00      0.00           
  5172.571 112.00125   0.20600    -0.540      0.00      0.00      0.00           
  5172.575 112.00126   0.20600    -0.540      0.00      0.00      0.00           
  5172.684      12.0   2.71000    -0.400      0.00      0.00      0.00           
  5172.684      12.0   2.71200    -0.450     -7.27      0.00      0.00           
  5172.694 106.00112   1.61800   -12.199      0.00      0.00      0.00           
  5172.695 106.00113   2.15200    -7.162      0.00      0.00      0.00           
  5172.735      62.0   0.28200    -0.420      0.00      0.00      0.00           
  5172.735      62.0   0.28200    -0.418      0.00      0.00      0.00           
  5172.746      21.0   4.50100    -3.740      0.00      0.00      0.00           
  5172.746      21.0   4.50100    -2.080      0.00      0.00      0.00           
  5172.765 106.00112   1.61800    -8.687      0.00      0.00      0.00           
  5172.776      68.0   0.00000    -1.461      0.00      0.00      0.00           
  5172.776      68.0   0.00000    -1.460      0.00      0.00      0.00           
  5172.784 114.00128   1.34000    -2.642      0.00      0.00      0.00           
  5172.795      26.0   3.98400    -4.532     -7.53      0.00      0.00           
  5172.795      26.0   3.98100    -4.470      0.00      0.00      0.00           
  5172.832      58.1   1.79600    -1.800      0.00      0.00      0.00           
  5172.834 106.00113   1.50100    -2.624      0.00      0.00      0.00           
  5172.840 112.00124   0.09300     0.252      0.00      0.00      0.00           
  5172.860      20.0   5.04500    -3.830      0.00      0.00      0.00           
  5172.866 112.00125   0.09300     0.252      0.00      0.00      0.00           
  5172.868      28.0   3.69900    -0.990     -7.51      0.00      0.00           
  5172.869      28.0   3.69600    -1.150      0.00      0.00      0.00           
  5172.874 106.00112   1.78000    -3.825      0.00      0.00      0.00           
  5172.885 106.00112   1.38100    -3.004      0.00      0.00      0.00           
  5172.891 112.00126   0.09300     0.252      0.00      0.00      0.00           
  5172.914      57.1   2.34300    -1.050      0.00      0.00      0.00           
  5172.914      57.1   2.34100    -1.050      0.00      0.00      0.00           
  5172.919 112.00124   0.09300    -2.880      0.00      0.00      0.00           
  5172.940      42.0   3.17300    -0.080      0.00      0.00      0.00           
  5172.940      42.0   3.17600    -0.084      0.00      0.00      0.00           
  5172.945 106.00113   1.50100    -6.678      0.00      0.00      0.00           
  5172.947 106.00112   1.78000    -3.838      0.00      0.00      0.00           
  5172.971 114.00128   1.34000    -2.642      0.00      0.00      0.00           
  5172.989      26.1   5.91100    -2.851     -7.79      0.00      0.00           
  5172.990      26.1   5.90600    -2.460      0.00      0.00      0.00           
  5173.002      26.0   4.98100    -2.660      0.00      0.00      0.00           
  5173.017 106.00112   1.61800    -8.962      0.00      0.00      0.00           
  5173.017 114.00128   1.44000    -3.054      0.00      0.00      0.00           
  5173.029 106.00113   1.50100    -2.395      0.00      0.00      0.00           
  5173.042      26.0   4.63500    -3.290      0.00      0.00      0.00           
  5173.042      26.0   4.63800    -2.403     -7.33      0.00      0.00           
  5173.048 106.00112   1.38100    -7.106      0.00      0.00      0.00           
  5173.052 106.00112   1.78000    -5.974      0.00      0.00      0.00           
  5173.124      26.0   2.94700    -5.850      0.00      0.00      0.00           
  5173.124      26.0   2.94900    -5.634     -7.82      0.00      0.00           
  5173.129      26.1  13.02600     0.462     -7.43      0.00      0.00           
  5173.149 106.00112   1.38100    -2.981      0.00      0.00      0.00           
  5173.187 112.00124   0.78600     0.164      0.00      0.00      0.00           
  5173.212 112.00124   0.09300    -2.878      0.00      0.00      0.00           
  5173.287 106.00112   2.03700    -3.549      0.00      0.00      0.00           
  5173.291 112.00124   0.09300     0.290      0.00      0.00      0.00           
  5173.296      26.0   5.00600    -2.530      0.00      0.00      0.00           
  5173.321 112.00125   0.09300     0.290      0.00      0.00      0.00           
  5173.323 106.00112   2.03700    -3.573      0.00      0.00      0.00           
  5173.324 114.00128   1.28800    -3.499      0.00      0.00      0.00           
  5173.347 112.00126   0.09300     0.290      0.00      0.00      0.00           
  5173.419 112.00124   0.20600    -1.640      0.00      0.00      0.00           
  5173.421 106.00112   2.03700    -5.729      0.00      0.00      0.00           
  5173.463 112.00124   0.20600    -0.419      0.00      0.00      0.00           
  5173.471 112.00125   0.20600    -0.419      0.00      0.00      0.00           
  5173.477 112.00126   0.20600    -0.419      0.00      0.00      0.00           
  5173.482      27.0   4.14300    -1.560      0.00      0.00      0.00           
  5173.484      27.0   4.14600    -1.633     -7.54      0.00      0.00           
  5173.502      26.0   2.98800    -3.910      0.00      0.00      0.00           
  5173.502      26.0   2.99000    -3.793     -7.82      0.00      0.00           
  5173.511 114.00128   1.28800    -3.499      0.00      0.00      0.00           
  5173.614 114.00128   1.44100    -3.054      0.00      0.00      0.00           
  5173.643 106.00112   1.55500   -12.164      0.00      0.00      0.00           
  5173.671 106.00112   1.55500    -8.364      0.00      0.00      0.00           
  5173.696      58.1   1.67400    -1.320      0.00      0.00      0.00           
  5173.708      58.1   0.55300    -1.880      0.00      0.00      0.00           
  5173.715      24.0   4.44600    -2.640      0.00      0.00      0.00           
  5173.723 112.00124   0.18600    -1.351      0.00      0.00      0.00           
  5173.743      22.0   0.00000    -1.060     -7.73      0.00      0.00           
  5173.743      22.0   0.00000    -1.060      0.00      0.00      0.00           
  5173.790      57.1   3.99200     0.900      0.00      0.00      0.00           
  5173.790      57.1   3.98900     0.900      0.00      0.00      0.00           
  5173.798      59.1   0.96800    -3.879      0.00      0.00      0.00           
  5173.802   59.1141   0.96700    -3.901      0.00      0.00      0.00           
  5173.816      59.1   0.96800    -3.580      0.00      0.00      0.00           
  5173.819   59.1141   0.96700    -3.604      0.00      0.00      0.00           
  5173.832      59.1   0.96800    -3.532      0.00      0.00      0.00           
  5173.835   59.1141   0.96700    -3.558      0.00      0.00      0.00           
  5173.844   59.1141   0.96700    -1.933      0.00      0.00      0.00           
  5173.848      59.1   0.96800    -1.493      0.00      0.00      0.00           
  5173.850   59.1141   0.96700    -3.760      0.00      0.00      0.00           
  5173.857   59.1141   0.96700    -1.733      0.00      0.00      0.00           
  5173.866      59.1   0.96800    -1.659      0.00      0.00      0.00           
  5173.869   59.1141   0.96700    -1.684      0.00      0.00      0.00           
  5173.880   59.1141   0.96700    -1.735      0.00      0.00      0.00           
  5173.888      59.1   0.96800    -0.002      0.00      0.00      0.00           
  5173.890   59.1141   0.96700    -1.935      0.00      0.00      0.00           
  5173.890   59.1141   0.96700    -0.318      0.00      0.00      0.00           
  5173.900   59.1141   0.96700    -0.367      0.00      0.00      0.00           
  5173.904      59.1   0.96800    -0.393      0.00      0.00      0.00           
  5173.908   59.1141   0.96700    -0.418      0.00      0.00      0.00           
  5173.914   59.1141   0.96700    -0.469      0.00      0.00      0.00           
  5173.917      59.1   0.96800    -0.016      0.00      0.00      0.00           
  5173.920   59.1141   0.96700    -0.520      0.00      0.00      0.00           
  5173.924   59.1141   0.96700    -0.570      0.00      0.00      0.00           
  5173.979 112.00124   0.57500     0.153      0.00      0.00      0.00           
  5173.988 112.00125   0.57400     0.153      0.00      0.00      0.00           
  5173.994 112.00126   0.57300     0.153      0.00      0.00      0.00           
  5174.013 114.00128   1.28800    -2.841      0.00      0.00      0.00           
  5174.035      26.0   4.60300    -2.790      0.00      0.00      0.00           
  5174.035      26.0   4.60700    -1.857     -7.33      0.00      0.00           
  5174.037 112.00124   0.70000    -2.166      0.00      0.00      0.00           
  5174.039 112.00124   0.78600    -2.380      0.00      0.00      0.00           
  5174.134 106.00113   2.32700    -6.178      0.00      0.00      0.00           
  5174.135 106.00113   2.32700    -3.239      0.00      0.00      0.00           
  5174.158 114.00128   1.73800    -2.455      0.00      0.00      0.00           
  5174.158 114.00128   1.73800    -2.455      0.00      0.00      0.00           
  5174.180      42.0   3.17600    -0.154      0.00      0.00      0.00           
  5174.180      42.0   3.17300    -0.150      0.00      0.00      0.00           
  5174.200 114.00128   1.28800    -2.841      0.00      0.00      0.00           
  5174.226 112.00124   0.78600     0.256      0.00      0.00      0.00           
  5174.302 112.00124   0.57500    -2.284      0.00      0.00      0.00           
  5174.345 106.00113   2.32700    -3.267      0.00      0.00      0.00           
  5174.346 106.00113   2.32700    -5.910      0.00      0.00      0.00           
  5174.380      42.0   3.49900    -1.730      0.00      0.00      0.00           
  5174.415      22.0   3.10600    -3.110      0.00      0.00      0.00           
  5174.415      22.0   3.10800    -2.870     -7.43      0.00      0.00           
  5174.439 112.00124   0.21600    -0.444      0.00      0.00      0.00           
  5174.439 112.00125   0.21600    -0.444      0.00      0.00      0.00           
  5174.440 112.00126   0.21500    -0.444      0.00      0.00      0.00           
  5174.446 112.00124   0.57500     0.173      0.00      0.00      0.00           
  5174.457 112.00126   0.57300     0.173      0.00      0.00      0.00           
  5174.458 112.00125   0.57400     0.173      0.00      0.00      0.00           
  5174.475      26.0   5.07000    -3.947     -7.42      0.00      0.00           
  5174.475      26.0   5.06600    -4.080      0.00      0.00      0.00           
  5174.483 106.00112   1.55600    -8.392      0.00      0.00      0.00           
  5174.505      23.0   2.28600    -0.202     -7.56      0.00      0.00           
  5174.515      23.0   2.28400    -1.270      0.00      0.00      0.00           
  5174.534      27.0   4.06900    -3.650      0.00      0.00      0.00           
  5174.621 112.00124   0.00400    -0.532      0.00      0.00      0.00           
  5174.624      28.0   4.53800    -3.433     -7.49      0.00      0.00           
  5174.638 112.00124   0.00400    -1.487      0.00      0.00      0.00           
  5174.641 112.00125   0.00400    -0.532      0.00      0.00      0.00           
  5174.659 112.00126   0.00400    -0.532      0.00      0.00      0.00           
  5174.660      26.0   3.11100    -4.965     -7.81      0.00      0.00           
  5174.660      26.0   3.10900    -4.920      0.00      0.00      0.00           
  5174.702 114.00128   1.77300    -2.438      0.00      0.00      0.00           
  5174.703 106.00113   2.15300    -7.207      0.00      0.00      0.00           
  5174.711 114.00128   1.77300    -2.438      0.00      0.00      0.00           
  5174.850      24.1   6.86900    -2.425     -7.83      0.00      0.00           
  5174.850      24.1   6.86300    -2.210      0.00      0.00      0.00           
  5174.874      58.1   0.93300    -2.490      0.00      0.00      0.00           
  5174.908 112.00124   0.07800     0.210      0.00      0.00      0.00           
  5174.920      24.0   3.09000    -6.820      0.00      0.00      0.00           
  5174.932 112.00125   0.07800     0.210      0.00      0.00      0.00           
  5174.950 112.00124   0.00000    -1.066      0.00      0.00      0.00           
  5174.953 112.00126   0.07700     0.210      0.00      0.00      0.00           
  5174.980 112.00124   0.07800    -2.843      0.00      0.00      0.00           
  5175.001      26.1  10.45500    -1.181     -7.59      0.00      0.00           
  5175.051      24.0   4.20000    -3.120      0.00      0.00      0.00           
  5175.060      20.0   5.31700    -5.170      0.00      0.00      0.00           
  5175.156 106.00112   1.59800   -12.041      0.00      0.00      0.00           
  5175.177 112.00124   0.21600    -1.707      0.00      0.00      0.00           
  5175.216 106.00112   1.59800    -8.527      0.00      0.00      0.00           
  5175.227 112.00124   0.21600    -0.348      0.00      0.00      0.00           
  5175.231 112.00125   0.21600    -0.348      0.00      0.00      0.00           
  5175.235 112.00126   0.21500    -0.348      0.00      0.00      0.00           
  5175.268      59.1   0.21600    -1.280      0.00      0.00      0.00           
  5175.271      59.1   0.21600    -1.279      0.00      0.00      0.00           
  5175.314 112.00124   0.07800    -2.840      0.00      0.00      0.00           
  5175.386 112.00124   0.07800     0.252      0.00      0.00      0.00           
  5175.397      26.1   7.72700    -2.354     -7.76      0.00      0.00           
  5175.412 112.00125   0.07800     0.252      0.00      0.00      0.00           
  5175.416      62.0   0.49800     0.290      0.00      0.00      0.00           
  5175.416      62.0   0.49900     0.288      0.00      0.00      0.00           
  5175.419      58.1   2.37300    -1.540      0.00      0.00      0.00           
  5175.422      26.0   4.60800    -4.150     -7.33      0.00      0.00           
  5175.431 114.00128   1.24900    -3.372      0.00      0.00      0.00           
  5175.432      23.0   2.67600    -1.640      0.00      0.00      0.00           
  5175.435 112.00126   0.07700     0.252      0.00      0.00      0.00           
  5175.509 114.00128   1.21700    -3.514      0.00      0.00      0.00           
  5175.527 114.00128   1.21700    -3.514      0.00      0.00      0.00           
  5175.536 112.00124   0.40600    -1.827      0.00      0.00      0.00           
  5175.550 106.00112   1.59800    -8.689      0.00      0.00      0.00           
  5175.648 106.00112   1.56700   -11.942      0.00      0.00      0.00           
  5175.661 106.00113   2.45200    -4.409      0.00      0.00      0.00           
  5175.666 112.00124   0.54400     0.136      0.00      0.00      0.00           
  5175.676 112.00125   0.54300     0.136      0.00      0.00      0.00           
  5175.679 112.00126   0.54300     0.136      0.00      0.00      0.00           
  5175.687 106.00112   1.56700    -8.386      0.00      0.00      0.00           
  5175.691 106.00112   2.27900    -7.872      0.00      0.00      0.00           
  5175.711 114.00128   1.25000    -3.372      0.00      0.00      0.00           
  5175.714      26.0   0.08700    -6.920      0.00      0.00      0.00           
  5175.714      26.0   0.08700    -6.636     -7.82      0.00      0.00           
  5175.765      28.0   3.84400    -3.300      0.00      0.00      0.00           
  5175.773      28.0   3.84700    -3.259     -7.59      0.00      0.00           
  5175.797 112.00124   0.00400    -0.477      0.00      0.00      0.00           
  5175.798      22.0   3.55900    -1.930     -7.29      0.00      0.00           
  5175.798      22.0   3.55600    -2.060      0.00      0.00      0.00           
  5175.824 112.00125   0.00400    -0.477      0.00      0.00      0.00           
  5175.838 106.00112   2.16000    -7.162      0.00      0.00      0.00           
  5175.839      59.1   0.42200    -1.326      0.00      0.00      0.00           
  5175.844      59.1   0.42200    -1.330      0.00      0.00      0.00           
  5175.848 112.00126   0.00400    -0.477      0.00      0.00      0.00           
  5175.906 106.00112   1.05600    -5.703      0.00      0.00      0.00           
  5175.908 106.00113   2.45200    -6.257      0.00      0.00      0.00           
  5175.914      58.1   1.41200    -1.860      0.00      0.00      0.00           
  5175.947 106.00113   2.45200    -2.706      0.00      0.00      0.00           
  5175.962      45.0   3.53900     0.530      0.00      0.00      0.00           
  5175.962      45.0   3.53600     0.530      0.00      0.00      0.00           
  5175.977   27.0059   2.07900    -3.136      0.00      0.00      0.00           
  5175.986   27.0059   2.07900    -3.391      0.00      0.00      0.00           
  5175.986      27.0   2.08000    -2.620     -7.75      0.00      0.00           
  5175.988   27.0059   2.07900    -2.937      0.00      0.00      0.00           
  5175.999 112.00124   0.54400    -2.262      0.00      0.00      0.00           
  5176.002   27.0059   2.07900    -5.041      0.00      0.00      0.00           
  5176.008   27.0059   2.07900    -2.873      0.00      0.00      0.00           
  5176.010   27.0059   2.07900    -3.136      0.00      0.00      0.00           
  5176.010      27.0   2.08000    -2.662     -7.75      0.00      0.00           
  5176.017 106.00113   2.03300    -3.550      0.00      0.00      0.00           
  5176.022      27.0   4.07200    -2.038     -7.51      0.00      0.00           
  5176.024      27.0   4.06900    -1.000      0.00      0.00      0.00           
  5176.025   27.0059   2.07900    -3.801      0.00      0.00      0.00           
  5176.026      27.0   2.08000    -3.782     -7.75      0.00      0.00           
  5176.035   27.0059   2.07900    -2.904      0.00      0.00      0.00           
  5176.038   27.0059   2.07900    -2.937      0.00      0.00      0.00           
  5176.038      27.0   2.08000    -2.600     -7.75      0.00      0.00           
  5176.039 106.00113   1.13500    -3.340      0.00      0.00      0.00           
  5176.057   27.0059   2.07900    -3.084      0.00      0.00      0.00           
  5176.058      27.0   2.08000    -3.065     -7.75      0.00      0.00           
  5176.071   27.0059   2.07900    -3.085      0.00      0.00      0.00           
  5176.074      27.0   2.08000    -2.646     -7.75      0.00      0.00           
  5176.075   27.0059   2.07900    -2.873      0.00      0.00      0.00           
  5176.088 112.00126   0.22600    -0.367      0.00      0.00      0.00           
  5176.089 112.00125   0.22700    -0.367      0.00      0.00      0.00           
  5176.091 112.00124   0.22700    -0.367      0.00      0.00      0.00           
  5176.096 106.00113   1.13500    -7.415      0.00      0.00      0.00           
  5176.097   27.0059   2.07900    -2.678      0.00      0.00      0.00           
  5176.098      27.0   2.08000    -2.658     -7.75      0.00      0.00           
  5176.119   27.0059   2.07900    -2.904      0.00      0.00      0.00           
  5176.120      27.0   2.08000    -2.884     -7.75      0.00      0.00           
  5176.139 112.00124   0.54400     0.157      0.00      0.00      0.00           
  5176.145 106.00112   1.58100   -11.948      0.00      0.00      0.00           
  5176.146      27.0   2.08000    -2.367     -7.75      0.00      0.00           
  5176.146   27.0059   2.07900    -2.386      0.00      0.00      0.00           
  5176.146 112.00126   0.54300     0.157      0.00      0.00      0.00           
  5176.149 112.00125   0.54300     0.157      0.00      0.00      0.00           
  5176.172   27.0059   2.07900    -3.085      0.00      0.00      0.00           
  5176.172 112.00124   0.72200    -2.243      0.00      0.00      0.00           
  5176.173      27.0   2.08000    -3.066     -7.75      0.00      0.00           
  5176.194 106.00113   2.45200    -3.578      0.00      0.00      0.00           
  5176.194 106.00112   1.58100    -8.434      0.00      0.00      0.00           
  5176.196 106.00113   2.03300    -5.692      0.00      0.00      0.00           
  5176.203      24.1   4.00900    -3.950      0.00      0.00      0.00           
  5176.203      24.1   4.01200    -3.938     -7.78      0.00      0.00           
  5176.270 106.00113   2.03300    -3.573      0.00      0.00      0.00           
  5176.273 106.00112   1.56700    -8.439      0.00      0.00      0.00           
  5176.285      58.1   1.69600    -2.120      0.00      0.00      0.00           
  5176.285 114.00128   1.70900    -2.671      0.00      0.00      0.00           
  5176.288      64.1   1.06000    -0.740      0.00      0.00      0.00           
  5176.290      64.1   1.05900    -0.710      0.00      0.00      0.00           
  5176.340      27.0   4.06100    -3.200      0.00      0.00      0.00           
  5176.343      27.0   4.06400    -2.360     -7.51      0.00      0.00           
  5176.361      26.0   4.98100    -2.730      0.00      0.00      0.00           
  5176.381 106.00113   1.13500    -3.282      0.00      0.00      0.00           
  5176.419 114.00128   1.66500    -2.586      0.00      0.00      0.00           
  5176.439 114.00128   1.74200    -2.252      0.00      0.00      0.00           
  5176.461 114.00128   1.70900    -2.671      0.00      0.00      0.00           
  5176.477      23.0   2.26700    -1.040      0.00      0.00      0.00           
  5176.479      23.0   2.26900    -0.187     -7.56      0.00      0.00           
  5176.509      23.0   3.11300    -2.300      0.00      0.00      0.00           
  5176.509      23.0   3.11600    -0.863     -7.45      0.00      0.00           
  5176.535 114.00128   1.74200    -2.252      0.00      0.00      0.00           
  5176.537 112.00124   1.01900    -3.693      0.00      0.00      0.00           
  5176.559      28.0   3.89500    -0.440      0.00      0.00      0.00           
  5176.560      28.0   3.89800    -0.300     -7.23      0.00      0.00           
  5176.607      26.0   3.92600    -4.470      0.00      0.00      0.00           
  5176.634 106.00112   1.58100    -8.531      0.00      0.00      0.00           
  5176.649 114.00128   1.30600    -3.526      0.00      0.00      0.00           
  5176.690      58.1   1.49500    -2.720      0.00      0.00      0.00           
  5176.711      26.1  12.85800     0.347     -7.59      0.00      0.00           
  5176.739 114.00128   1.66500    -2.586      0.00      0.00      0.00           
  5176.747 112.00124   0.22700    -1.766      0.00      0.00      0.00           
  5176.766      23.0   2.63800     0.118     -7.74      0.00      0.00           
  5176.766      23.0   2.63600    -0.020      0.00      0.00      0.00           
  5176.780      60.1   1.12000    -0.840      0.00      0.00      0.00           
  5176.780      60.1   1.12100    -0.840      0.00      0.00      0.00           
  5176.789 112.00124   0.06400     0.164      0.00      0.00      0.00           
  5176.803 112.00124   0.22700    -0.288      0.00      0.00      0.00           
  5176.805 112.00125   0.22700    -0.288      0.00      0.00      0.00           
  5176.806 112.00126   0.22600    -0.288      0.00      0.00      0.00           
  5176.809 112.00125   0.06300     0.164      0.00      0.00      0.00           
  5176.828 112.00126   0.06300     0.164      0.00      0.00      0.00           
  5176.849 106.00112   1.78200    -3.825      0.00      0.00      0.00           
  5176.853      58.1   1.40400    -2.170      0.00      0.00      0.00           
  5176.855 112.00124   0.06400    -2.802      0.00      0.00      0.00           
  5176.876 114.00128   1.30600    -3.526      0.00      0.00      0.00           
  5176.961      90.0   1.38700    -0.690      0.00      0.00      0.00           
  5176.993      26.0   4.63800    -2.521     -7.31      0.00      0.00           
  5176.993      26.0   4.63500    -2.480      0.00      0.00      0.00           
  5177.019      26.1  10.37900    -0.197     -7.59      0.00      0.00           
  5177.029 106.00112   1.78200    -5.937      0.00      0.00      0.00           
  5177.089      42.0   2.64400    -2.140      0.00      0.00      0.00           
  5177.090 106.00112   1.78200    -3.838      0.00      0.00      0.00           
  5177.102 106.00112   2.03900    -3.550      0.00      0.00      0.00           
  5177.118       6.0   8.77100    -2.753     -7.13      0.00      0.00           
  5177.139      25.0   5.40100    -2.380      0.00      0.00      0.00           
  5177.150 112.00124   0.51500     0.118      0.00      0.00      0.00           
  5177.159 112.00125   0.51400     0.118      0.00      0.00      0.00           
  5177.160 112.00126   0.51300     0.118      0.00      0.00      0.00           
  5177.187       6.0   8.64100    -4.900      0.00      0.00      0.00           
  5177.188       6.0   8.64700    -4.295     -6.76      0.00      0.00           
  5177.233      26.0   3.69500    -2.320     -7.57      0.00      0.00           
  5177.233 112.00124   0.06400    -2.799      0.00      0.00      0.00           
  5177.233      26.0   3.69200    -2.420      0.00      0.00      0.00           
  5177.236 106.00112   2.03900    -5.692      0.00      0.00      0.00           
  5177.249      45.0   3.97000     0.120      0.00      0.00      0.00           
  5177.298 106.00112   2.03900    -3.573      0.00      0.00      0.00           
  5177.299 112.00124   0.06400     0.211      0.00      0.00      0.00           
  5177.303 112.00124   0.74400     0.366      0.00      0.00      0.00           
  5177.308      57.0   0.43300    -0.280      0.00      0.00      0.00           
  5177.308      57.0   0.43300    -0.280      0.00      0.00      0.00           
  5177.322 112.00125   0.06400     0.211      0.00      0.00      0.00           
  5177.324      23.0   3.27800    -1.531     -7.30      0.00      0.00           
  5177.342 112.00126   0.06300     0.211      0.00      0.00      0.00           
  5177.364      27.0   4.14600    -3.250      0.00      0.00      0.00           
  5177.367      59.0   0.35300    -0.260      0.00      0.00      0.00           
  5177.367      59.0   0.35300    -0.260      0.00      0.00      0.00           
  5177.371      26.1  10.93400    -1.854     -7.44      0.00      0.00           
  5177.372 114.00128   1.30600    -2.783      0.00      0.00      0.00           
  5177.376      27.0   4.11000    -0.950     -7.45      0.00      0.00           
  5177.377      27.0   4.10700    -1.010      0.00      0.00      0.00           
  5177.389      26.1  12.85000     1.164     -7.59      0.00      0.00           
  5177.402      24.0   3.42600    -0.530      0.00      0.00      0.00           
  5177.402      24.0   3.42800    -0.530     -7.25      0.00      0.00           
  5177.478      22.0   0.89900    -6.230      0.00      0.00      0.00           
  5177.491 112.00124   0.51500    -2.240      0.00      0.00      0.00           
  5177.523 112.00126   0.23900    -0.303      0.00      0.00      0.00           
  5177.524      26.1  12.85800    -0.351     -7.59      0.00      0.00           
  5177.525 112.00125   0.23900    -0.303      0.00      0.00      0.00           
  5177.529 112.00124   0.23900    -0.303      0.00      0.00      0.00           
  5177.565      58.1   0.97700    -2.240      0.00      0.00      0.00           
  5177.597      27.0   4.14600    -0.420      0.00      0.00      0.00           
  5177.598 114.00128   1.30600    -2.783      0.00      0.00      0.00           
  5177.603 106.00112   2.36700    -6.647      0.00      0.00      0.00           
  5177.604      27.0   4.14900    -0.750     -7.51      0.00      0.00           
  5177.622 112.00124   0.74400    -2.400      0.00      0.00      0.00           
  5177.627 112.00124   0.51500     0.141      0.00      0.00      0.00           
  5177.631 106.00112   1.54700    -9.282      0.00      0.00      0.00           
  5177.632 112.00126   0.51300     0.141      0.00      0.00      0.00           
  5177.635 112.00125   0.51400     0.141      0.00      0.00      0.00           
  5177.647      26.1  13.41300     0.448     -7.57      0.00      0.00           
  5177.648      25.1   6.00500    -1.750     -7.87      0.00      0.00           
  5177.648      25.1   6.00100    -1.770      0.00      0.00      0.00           
  5177.691 106.00112   2.36700    -3.580      0.00      0.00      0.00           
  5177.728      58.0   0.39800    -0.893      0.00      0.00      0.00           
  5177.728      58.0   0.39800    -0.890      0.00      0.00      0.00           
  5177.729 106.00112   1.19900    -6.494      0.00      0.00      0.00           
  5177.750 112.00124   0.74500    -1.973      0.00      0.00      0.00           
  5177.766      26.1  12.85000    -0.954     -7.59      0.00      0.00           
  5177.777      58.1   1.52000    -1.710      0.00      0.00      0.00           
  5177.786 106.00113   1.55000    -9.708      0.00      0.00      0.00           
  5177.794      26.1  13.41300     0.654     -7.59      0.00      0.00           
  5177.806 112.00124   0.74400     0.381      0.00      0.00      0.00           
  5177.813      24.0   3.42200    -2.518     -7.78      0.00      0.00           
  5177.813      24.0   3.41900    -2.740      0.00      0.00      0.00           
  5177.849 106.00112   2.16100    -7.206      0.00      0.00      0.00           
  5177.853      27.1  11.83500    -5.437     -7.63      0.00      0.00           
  5177.873      28.1  14.42100    -5.557     -7.28      0.00      0.00           
  5177.883 112.00125   0.74300     0.381      0.00      0.00      0.00           
  5177.898      28.1  14.49300    -3.846     -7.48      0.00      0.00           
  5177.899 106.00112   2.36700    -3.598      0.00      0.00      0.00           
  5177.904      24.0   3.88800    -4.413     -7.68      0.00      0.00           
  5177.914      26.1  12.88800    -3.648     -7.51      0.00      0.00           
  5177.941 112.00126   0.74200     0.381      0.00      0.00      0.00           
  5177.946      28.1  14.25100    -6.922     -7.28      0.00      0.00           
  5177.954      77.0   1.99700    -2.240      0.00      0.00      0.00           
  5177.954      77.0   1.99500    -2.240      0.00      0.00      0.00           
  5177.957      26.0   4.98800    -2.345     -7.13      0.00      0.00           
  5177.958      26.0   4.98400    -1.270      0.00      0.00      0.00           
  5177.967      25.0   4.82400    -2.170      0.00      0.00      0.00           
  5177.970      25.1  10.19100    -1.952     -7.67      0.00      0.00           
  5177.987 106.00112   2.36700    -6.286      0.00      0.00      0.00           
  5177.994      62.1   0.88500    -1.681      0.00      0.00      0.00           
  5177.994      62.1   0.88400    -1.680      0.00      0.00      0.00           
  5177.997      26.1   8.12800    -5.205     -7.55      0.00      0.00           
  5178.013      24.1  10.75400    -2.225     -7.61      0.00      0.00           
  5178.015      26.0   4.98500    -6.381     -7.13      0.00      0.00           
  5178.015      26.0   4.98100    -2.480      0.00      0.00      0.00           
  5178.015 112.00124   0.00100    -0.666      0.00      0.00      0.00           
  5178.026 112.00124   0.00100    -1.463      0.00      0.00      0.00           
  5178.029 112.00125   0.00100    -0.666      0.00      0.00      0.00           
  5178.030      58.1   0.52100    -2.940      0.00      0.00      0.00           
  5178.033      24.0   4.43700    -1.000      0.00      0.00      0.00           
  5178.037      23.1   7.70900    -2.685     -7.65      0.00      0.00           
  5178.040 112.00126   0.00100    -0.666      0.00      0.00      0.00           
  5178.059      28.1  14.57700    -5.407     -7.21      0.00      0.00           
  5178.061      24.1   9.00700    -9.075     -7.63      0.00      0.00           
  5178.076      24.0   4.44700    -3.980      0.00      0.00      0.00           
  5178.083      26.1  13.03400    -1.069     -7.47      0.00      0.00           
  5178.097      64.1   1.65900    -1.180      0.00      0.00      0.00           
  5178.100      64.1   1.65700    -1.140      0.00      0.00      0.00           
  5178.107      26.1  11.78400    -7.097     -7.36      0.00      0.00           
  5178.123 112.00124   0.23900    -1.819      0.00      0.00      0.00           
  5178.147      24.1   2.54400   -12.881     -7.95      0.00      0.00           
  5178.147      24.1   2.54400   -11.085     -7.95      0.00      0.00           
  5178.161      39.1   8.70700    -2.988     -7.10      0.00      0.00           
  5178.185 112.00126   0.23900    -0.235      0.00      0.00      0.00           
  5178.185 112.00125   0.23900    -0.235      0.00      0.00      0.00           
  5178.186 112.00124   0.23900    -0.235      0.00      0.00      0.00           
  5178.211      26.1  11.67800    -9.624     -7.42      0.00      0.00           
  5178.254      27.0   4.50400    -5.084     -7.52      0.00      0.00           
  5178.262      23.0   2.58100    -3.099     -7.73      0.00      0.00           
  5178.262      23.0   2.57900    -3.960      0.00      0.00      0.00           
  5178.267      26.1  11.67800    -4.628     -7.42      0.00      0.00           
  5178.273      58.1   1.61300    -1.870      0.00      0.00      0.00           
  5178.276      22.0   3.57000    -4.403     -7.33      0.00      0.00           
  5178.276      26.1  11.67800    -6.539     -7.42      0.00      0.00           
  5178.287      28.1  12.45900    -3.977     -7.69      0.00      0.00           
  5178.305      25.1  10.85900    -5.476     -7.67      0.00      0.00           
  5178.348      24.1  12.58600    -3.964     -7.25      0.00      0.00           
  5178.364      28.1  14.42100    -1.619     -7.28      0.00      0.00           
  5178.374      26.1  10.43100    -0.334     -7.59      0.00      0.00           
  5178.378      24.1  11.23400    -6.622     -7.69      0.00      0.00           
  5178.394      27.1  11.44600    -1.359     -7.57      0.00      0.00           
  5178.412 106.00112   1.50700    -3.007      0.00      0.00      0.00           
  5178.424      22.1   5.66300    -5.891     -7.72      0.00      0.00           
  5178.427 112.00124   0.48600     0.099      0.00      0.00      0.00           
  5178.435 112.00126   0.48500     0.099      0.00      0.00      0.00           
  5178.436 112.00125   0.48500     0.099      0.00      0.00      0.00           
  5178.448      27.0   4.14600    -3.660      0.00      0.00      0.00           
  5178.454      27.0   4.14900    -3.419     -7.51      0.00      0.00           
  5178.474      25.1   6.57300    -4.131     -7.88      0.00      0.00           
  5178.474      25.1   6.56800    -4.240      0.00      0.00      0.00           
  5178.478 112.00124   0.05100     0.111      0.00      0.00      0.00           
  5178.495 112.00125   0.05100     0.111      0.00      0.00      0.00           
  5178.509      23.0   2.25600    -0.324     -7.56      0.00      0.00           
  5178.511 112.00126   0.05100     0.111      0.00      0.00      0.00           
  5178.517      69.1   3.09100    -2.050      0.00      0.00      0.00           
  5178.523      23.0   2.25500    -1.020      0.00      0.00      0.00           
  5178.526 106.00112   1.50700    -7.165      0.00      0.00      0.00           
  5178.531      26.1  12.85500     0.000     -7.56      0.00      0.00           
  5178.537 112.00124   0.05100    -2.758      0.00      0.00      0.00           
  5178.549      24.1   2.54400   -10.882     -7.95      0.00      0.00           
  5178.549      24.1   2.54400   -13.421     -7.95      0.00      0.00           
  5178.574 114.00128   1.36300    -2.604      0.00      0.00      0.00           
  5178.598      28.1  14.08800    -1.702     -7.51      0.00      0.00           
  5178.615      27.1   2.72900   -15.130     -7.90      0.00      0.00           
  5178.615      27.1   2.72900   -13.520     -7.90      0.00      0.00           
  5178.620      22.0   3.19900    -1.440     -7.54      0.00      0.00           
  5178.625 114.00128   1.47800    -3.000      0.00      0.00      0.00           
  5178.628 106.00112   1.50800    -2.911      0.00      0.00      0.00           
  5178.652      22.0   1.06600    -2.670      0.00      0.00      0.00           
  5178.652      22.0   1.06700    -2.670     -7.77      0.00      0.00           
  5178.663      20.0   5.31700    -5.520      0.00      0.00      0.00           
  5178.676      58.0   0.54800    -0.577      0.00      0.00      0.00           
  5178.676      58.0   0.54700    -0.580      0.00      0.00      0.00           
  5178.681      69.1   4.44300    -1.830      0.00      0.00      0.00           
  5178.684      70.1   7.13300    -1.880      0.00      0.00      0.00           
  5178.692      23.0   3.93300    -2.865     -7.30      0.00      0.00           
  5178.692      23.0   3.93000    -3.280      0.00      0.00      0.00           
  5178.699      26.1   2.82800    -6.477     -7.90      0.00      0.00           
  5178.707      26.1   2.82600    -6.890      0.00      0.00      0.00           
  5178.711      26.0   4.60700    -3.782     -7.29      0.00      0.00           
  5178.726      24.1   8.35500    -6.328     -7.73      0.00      0.00           
  5178.730 114.00128   1.36300    -2.604      0.00      0.00      0.00           
  5178.741 114.00128   1.47800    -3.000      0.00      0.00      0.00           
  5178.743      60.0   0.14000    -1.060      0.00      0.00      0.00           
  5178.743      60.0   0.14000    -1.060      0.00      0.00      0.00           
  5178.747 112.00126   0.25200    -0.247      0.00      0.00      0.00           
  5178.751 112.00125   0.25200    -0.247      0.00      0.00      0.00           
  5178.757 112.00124   0.25300    -0.247      0.00      0.00      0.00           
  5178.766      27.1   9.00800    -4.552     -7.73      0.00      0.00           
  5178.777 112.00124   0.48600    -2.217      0.00      0.00      0.00           
  5178.785      21.1   8.25300    -4.244     -7.44      0.00      0.00           
  5178.785      21.1   8.25300    -3.911     -7.44      0.00      0.00           
  5178.796      42.0   3.15400    -2.040      0.00      0.00      0.00           
  5178.796      42.0   3.15600    -2.040      0.00      0.00      0.00           
  5178.801      26.0   4.38700    -1.740     -7.12      0.00      0.00           
  5178.801      26.0   4.38300    -1.840      0.00      0.00      0.00           
  5178.827      26.0   3.87900    -3.950      0.00      0.00      0.00           
  5178.827      26.0   3.88200    -3.983     -7.54      0.00      0.00           
  5178.828      24.0   3.98000    -3.344     -7.79      0.00      0.00           
  5178.841      26.0   5.00800    -3.260      0.00      0.00      0.00           
  5178.841      64.1   2.47100    -0.130      0.00      0.00      0.00           
  5178.841      64.1   2.47300    -0.134      0.00      0.00      0.00           
  5178.841      26.0   5.01200    -4.450     -7.12      0.00      0.00           
  5178.858      25.1   6.57300    -4.180     -7.88      0.00      0.00           
  5178.858      25.1   6.56800    -4.210      0.00      0.00      0.00           
  5178.869      25.0   4.82400    -3.630      0.00      0.00      0.00           
  5178.885      26.1  13.41300    -0.207     -7.59      0.00      0.00           
  5178.901      75.0   2.06100    -2.400      0.00      0.00      0.00           
  5178.901      75.0   2.05900    -2.400      0.00      0.00      0.00           
  5178.905      26.1  10.39800    -5.400     -7.69      0.00      0.00           
  5178.908 112.00124   0.48600     0.122      0.00      0.00      0.00           
  5178.912 112.00126   0.48500     0.122      0.00      0.00      0.00           
  5178.916 112.00125   0.48600     0.122      0.00      0.00      0.00           
  5178.922      26.1  11.67800    -5.950     -7.42      0.00      0.00           
  5178.941      69.1   5.00400    -3.180      0.00      0.00      0.00           
  5178.948      39.1   7.96900    -2.075     -7.28      0.00      0.00           
  5178.949      26.1   2.85600    -5.409     -7.90      0.00      0.00           
  5178.956      26.1  11.67800    -7.658     -7.42      0.00      0.00           
  5178.959      26.1   2.85300    -5.380      0.00      0.00      0.00           
  5178.971 112.00124   0.05100    -2.753      0.00      0.00      0.00           
  5178.990      40.0   0.51900    -2.490      0.00      0.00      0.00           
  5179.004 112.00124   0.19100    -1.432      0.00      0.00      0.00           
  5179.014      40.0   0.51900    -2.490      0.00      0.00      0.00           
  5179.030 112.00124   0.05100     0.164      0.00      0.00      0.00           
  5179.042      27.1  11.36500    -0.818     -7.57      0.00      0.00           
  5179.050 112.00125   0.05100     0.164      0.00      0.00      0.00           
  5179.059      23.0   2.24500    -1.460      0.00      0.00      0.00           
  5179.059      23.0   2.24700    -0.695     -7.56      0.00      0.00           
  5179.068 112.00126   0.05100     0.164      0.00      0.00      0.00           
  5179.078      24.1  11.26400    -7.325     -7.42      0.00      0.00           
  5179.094      57.0   1.04700    -1.060      0.00      0.00      0.00           
  5179.094      57.0   1.04600    -1.060      0.00      0.00      0.00           
  5179.119      28.0   3.89500    -1.470      0.00      0.00      0.00           
  5179.122      28.0   3.89800    -1.470     -7.25      0.00      0.00           
  5179.130 114.00128   1.22500    -3.450      0.00      0.00      0.00           
  5179.131      27.1  11.36000    -1.191     -7.57      0.00      0.00           
  5179.143      26.1  13.46200     0.481     -7.59      0.00      0.00           
  5179.164 114.00128   1.22500    -3.450      0.00      0.00      0.00           
  5179.165      26.1  10.50000    -5.238     -7.59      0.00      0.00           
  5179.250      26.1   8.23000    -4.047     -7.55      0.00      0.00           
  5179.284      24.0   3.88700    -5.744     -7.67      0.00      0.00           
  5179.303 112.00124   0.25300    -1.867      0.00      0.00      0.00           
  5179.311      28.1  14.37700    -2.747     -7.21      0.00      0.00           
  5179.318      27.0   4.50400    -3.910     -7.53      0.00      0.00           
  5179.368 112.00126   0.25200    -0.188      0.00      0.00      0.00           
  5179.369 112.00125   0.25200    -0.188      0.00      0.00      0.00           
  5179.372 112.00124   0.25300    -0.188      0.00      0.00      0.00           
  5179.399      42.0   2.93400    -2.141      0.00      0.00      0.00           
  5179.399      42.0   2.93200    -2.140      0.00      0.00      0.00           
  5179.411      21.0   3.59800    -7.581     -7.60      0.00      0.00           
  5179.411 106.00113   2.43600    -7.773      0.00      0.00      0.00           
  5179.424      28.1  14.40600    -3.186     -7.56      0.00      0.00           
  5179.456 112.00124   1.03800    -3.360      0.00      0.00      0.00           
  5179.473 106.00112   2.28100    -7.933      0.00      0.00      0.00           
  5179.484      58.1   1.00800    -1.650      0.00      0.00      0.00           
  5179.486      21.0   2.60800    -4.203     -7.56      0.00      0.00           
  5179.491      68.1   3.32100     0.480      0.00      0.00      0.00           
  5179.491      68.1   3.32300     0.483      0.00      0.00      0.00           
  5179.505      28.1  11.85000    -4.716     -7.78      0.00      0.00           
  5179.505 112.00126   0.45800     0.093      0.00      0.00      0.00           
  5179.507 112.00125   0.45800     0.093      0.00      0.00      0.00           
  5179.510 112.00124   0.45900     0.093      0.00      0.00      0.00           
  5179.511 112.00124   0.76900    -2.308      0.00      0.00      0.00           
  5179.517      26.0   5.07000    -9.277     -7.18      0.00      0.00           
  5179.535      26.1  12.85800     0.549     -7.59      0.00      0.00           
  5179.582 112.00124   0.00100    -0.622      0.00      0.00      0.00           
  5179.586      26.1  13.41300     0.285     -7.58      0.00      0.00           
  5179.589      26.1  11.11200    -6.850     -7.73      0.00      0.00           
  5179.604 112.00125   0.00100    -0.622      0.00      0.00      0.00           
  5179.622      26.0   5.06700    -3.768     -7.39      0.00      0.00           
  5179.625 112.00126   0.00100    -0.622      0.00      0.00      0.00           
  5179.626 112.00124   0.42000    -1.877      0.00      0.00      0.00           
  5179.637      26.1  11.68100    -5.289     -7.42      0.00      0.00           
  5179.650      23.1   3.75000    -3.110      0.00      0.00      0.00           
  5179.650      23.1   3.75300    -3.042     -7.86      0.00      0.00           
  5179.661      24.0   4.09600    -7.035     -6.66      0.00      0.00           
  5179.661      24.0   4.09600    -8.059     -6.63      0.00      0.00           
  5179.663      69.1   3.95800    -1.650      0.00      0.00      0.00           
  5179.669      26.1  12.88800    -3.405     -7.51      0.00      0.00           
  5179.674      25.1  10.77100    -7.505     -7.74      0.00      0.00           
  5179.676      27.0   4.14600    -0.420      0.00      0.00      0.00           
  5179.685      27.0   4.14900    -0.445     -7.54      0.00      0.00           
  5179.714      28.1  12.47400    -5.555     -7.51      0.00      0.00           
  5179.722      24.1  10.86500    -5.125     -7.49      0.00      0.00           
  5179.741      24.1   8.75100    -4.929     -7.70      0.00      0.00           
  5179.754      22.0   3.10600    -2.730      0.00      0.00      0.00           
  5179.754      22.0   3.10800    -1.888     -7.43      0.00      0.00           
  5179.762 112.00126   0.26700    -0.198      0.00      0.00      0.00           
  5179.768 112.00125   0.26700    -0.198      0.00      0.00      0.00           
  5179.774 112.00124   0.26700    -0.198      0.00      0.00      0.00           
  5179.776      60.1   0.74200    -1.350      0.00      0.00      0.00           
  5179.776      60.1   0.74200    -1.350      0.00      0.00      0.00           
  5179.789      26.1  13.03800    -0.344     -7.58      0.00      0.00           
  5179.794      23.0   2.35900    -1.431     -7.75      0.00      0.00           
  5179.794      23.0   2.35700    -2.000      0.00      0.00      0.00           
  5179.823 114.00128   1.83100    -1.913      0.00      0.00      0.00           
  5179.829      23.0   3.82700    -3.800     -7.25      0.00      0.00           
  5179.829      23.0   3.82400    -3.220      0.00      0.00      0.00           
  5179.866 112.00124   0.45900    -2.106      0.00      0.00      0.00           
  5179.917      64.1   1.37200    -1.300      0.00      0.00      0.00           
  5179.920      64.1   1.37100    -1.220      0.00      0.00      0.00           
  5179.926      58.1   1.34200    -2.830      0.00      0.00      0.00           
  5179.965      42.0   3.30000    -1.550      0.00      0.00      0.00           
  5179.965      42.0   3.30300    -1.554      0.00      0.00      0.00           
  5179.973 112.00124   0.04000     0.051      0.00      0.00      0.00           
  5179.978      22.0   3.19900    -1.781     -7.54      0.00      0.00           
  5179.978      22.0   3.19600    -2.640      0.00      0.00      0.00           
  5179.986 112.00126   0.45800     0.118      0.00      0.00      0.00           
  5179.988 112.00125   0.04000     0.051      0.00      0.00      0.00           
  5179.991      58.1   1.54600    -3.930      0.00      0.00      0.00           
  5179.991 112.00125   0.45800     0.118      0.00      0.00      0.00           
  5179.992 112.00124   0.45900     0.118      0.00      0.00      0.00           
  5180.001      25.1  10.77100    -7.520     -7.74      0.00      0.00           
  5180.001 112.00126   0.04000     0.051      0.00      0.00      0.00           
  5180.009      58.1   1.32500    -1.830      0.00      0.00      0.00           
  5180.020      28.1  14.47600    -2.480     -7.18      0.00      0.00           
  5180.021      26.1   9.10000    -2.681     -7.87      0.00      0.00           
  5180.025 112.00124   0.04000    -2.710      0.00      0.00      0.00           
  5180.037 106.00113   1.59600    -3.825      0.00      0.00      0.00           
  5180.049      28.1  14.26800    -3.078     -7.56      0.00      0.00           
  5180.054      24.0   3.88500    -4.290      0.00      0.00      0.00           
  5180.055      24.0   3.88800    -4.088     -7.67      0.00      0.00           
  5180.056      26.0   4.47000    -1.260      0.00      0.00      0.00           
  5180.056      26.0   4.47300    -1.160     -7.08      0.00      0.00           
  5180.060      24.1   4.41000   -13.588     -7.93      0.00      0.00           
  5180.060      24.1   4.41000    -9.891     -7.93      0.00      0.00           
  5180.101      26.0   4.60800    -7.068     -7.29      0.00      0.00           
  5180.116 106.00113   1.59600     0.235      0.00      0.00      0.00           
  5180.130      21.1   8.23100    -3.102     -7.44      0.00      0.00           
  5180.170      26.0   4.99100    -4.047     -7.14      0.00      0.00           
  5180.170      26.0   4.98700    -1.230      0.00      0.00      0.00           
  5180.176      27.0   3.94900    -0.510      0.00      0.00      0.00           
  5180.185      27.0   3.95200    -0.745     -7.51      0.00      0.00           
  5180.207      42.0   3.26500    -1.268      0.00      0.00      0.00           
  5180.207      42.0   3.26300    -1.270      0.00      0.00      0.00           
  5180.222 114.00128   1.83100    -1.913      0.00      0.00      0.00           
  5180.228 106.00113   2.33600    -3.639      0.00      0.00      0.00           
  5180.232      28.1  14.40000    -1.611     -7.57      0.00      0.00           
  5180.247 106.00113   1.86700    -6.248      0.00      0.00      0.00           
  5180.270      28.1  14.58800    -6.710     -7.47      0.00      0.00           
  5180.271      25.0   4.19400    -1.817     -7.77      0.00      0.00           
  5180.283      25.1  10.77100    -6.389     -7.74      0.00      0.00           
  5180.283 112.00124   0.26700    -1.910      0.00      0.00      0.00           
  5180.295      26.1  10.85300    -5.624     -7.86      0.00      0.00           
  5180.297      58.1   1.52000    -2.020      0.00      0.00      0.00           
  5180.299      41.0   0.08600    -1.280      0.00      0.00      0.00           
  5180.299      41.0   0.08600    -1.280      0.00      0.00      0.00           
  5180.302      24.1  10.16400    -6.644     -7.66      0.00      0.00           
  5180.304      25.0   4.19100    -1.800      0.00      0.00      0.00           
  5180.312      26.1  10.39200    -0.088     -7.59      0.00      0.00           
  5180.326 114.00128   1.54000    -2.675      0.00      0.00      0.00           
  5180.351 112.00126   0.26700    -0.147      0.00      0.00      0.00           
  5180.354 112.00125   0.26700    -0.147      0.00      0.00      0.00           
  5180.355      70.1   4.59700    -1.740      0.00      0.00      0.00           
  5180.358 112.00124   0.26800    -0.147      0.00      0.00      0.00           
  5180.363      24.1  10.76200    -5.828     -7.50      0.00      0.00           
  5180.367 112.00126   0.43200     0.056      0.00      0.00      0.00           
  5180.371 112.00125   0.43200     0.056      0.00      0.00      0.00           
  5180.373 112.00124   0.43300     0.056      0.00      0.00      0.00           
  5180.412 106.00113   2.33700    -3.767      0.00      0.00      0.00           
  5180.417      26.0   4.37100    -3.253     -7.50      0.00      0.00           
  5180.417      26.0   4.36800    -2.210      0.00      0.00      0.00           
  5180.429 106.00112   1.87200    -6.248      0.00      0.00      0.00           
  5180.431      24.1   8.35600    -5.327     -7.73      0.00      0.00           
  5180.471      22.0   3.55100    -2.044     -7.29      0.00      0.00           
  5180.471      22.0   3.54800    -2.180      0.00      0.00      0.00           
  5180.490      22.0   2.23800    -6.290      0.00      0.00      0.00           
  5180.490      22.0   2.23900    -4.737     -7.71      0.00      0.00           
  5180.492      26.1  11.74000    -5.093     -7.42      0.00      0.00           
  5180.498      26.1  11.74000    -4.275     -7.42      0.00      0.00           
  5180.502      24.0   4.20000    -3.460      0.00      0.00      0.00           
  5180.502      24.0   4.20300    -4.978     -7.53      0.00      0.00           
  5180.508      28.1  14.58800    -1.767     -7.36      0.00      0.00           
  5180.514 114.00128   1.32500    -3.552      0.00      0.00      0.00           
  5180.520      26.1   2.84400    -5.340     -7.90      0.00      0.00           
  5180.527 112.00124   0.04000    -2.703      0.00      0.00      0.00           
  5180.529      26.1   2.84200    -5.430      0.00      0.00      0.00           
  5180.545      39.1   8.11700    -2.431     -7.27      0.00      0.00           
  5180.561      26.1   8.03800    -6.792     -7.75      0.00      0.00           
  5180.568 112.00126   0.28300    -0.155      0.00      0.00      0.00           
  5180.575 112.00125   0.28300    -0.155      0.00      0.00      0.00           
  5180.579 112.00124   0.04000     0.112      0.00      0.00      0.00           
  5180.583 112.00124   0.28400    -0.155      0.00      0.00      0.00           
  5180.597      22.0   1.96700    -6.780      0.00      0.00      0.00           
  5180.597 112.00125   0.04000     0.112      0.00      0.00      0.00           
  5180.597      22.0   1.96900    -5.723     -7.78      0.00      0.00           
  5180.609      26.1  10.93000    -4.477     -7.56      0.00      0.00           
  5180.613 112.00126   0.04000     0.112      0.00      0.00      0.00           
  5180.621      26.1  12.85500    -1.227     -7.54      0.00      0.00           
  5180.647      27.0   4.47500    -3.904     -7.44      0.00      0.00           
  5180.669      26.0   5.07000    -9.790     -7.18      0.00      0.00           
  5180.669      26.0   5.07000    -9.865     -7.18      0.00      0.00           
  5180.697 114.00128   1.54000    -2.675      0.00      0.00      0.00           
  5180.704      23.0   2.24600    -1.520      0.00      0.00      0.00           
  5180.704      23.0   2.24700    -0.512     -7.56      0.00      0.00           
  5180.739 112.00124   0.43300    -2.168      0.00      0.00      0.00           
  5180.761      27.0   4.14600    -2.770      0.00      0.00      0.00           
  5180.766      27.0   4.14900    -3.902     -7.54      0.00      0.00           
  5180.767      26.0   5.01200    -4.410     -7.12      0.00      0.00           
  5180.768      26.0   5.00800    -3.760      0.00      0.00      0.00           
  5180.771      69.1   4.35500    -2.860      0.00      0.00      0.00           
  5180.771      26.1  11.20700    -5.752     -7.62      0.00      0.00           
  5180.779 114.00128   1.32500    -3.552      0.00      0.00      0.00           
  5180.791      26.0   0.85900   -10.187     -7.86      0.00      0.00           
  5180.810      27.1  10.67900    -5.663     -7.68      0.00      0.00           
  5180.824      26.1  12.89100    -0.754     -7.59      0.00      0.00           
  5180.828      58.1   1.40600    -3.080      0.00      0.00      0.00           
  5180.849      23.0   2.13600    -4.440      0.00      0.00      0.00           
  5180.849      23.0   2.13800    -3.697     -7.77      0.00      0.00           
  5180.853 112.00126   0.43200     0.083      0.00      0.00      0.00           
  5180.859 112.00125   0.43200     0.083      0.00      0.00      0.00           
  5180.860 112.00124   0.43300     0.083      0.00      0.00      0.00           
  5180.882      22.0   3.10900    -3.900      0.00      0.00      0.00           
  5180.882      22.0   3.11100    -3.745     -7.43      0.00      0.00           
  5180.884      58.0   0.00000    -0.691      0.00      0.00      0.00           
  5180.884      58.0   0.00000    -0.690      0.00      0.00      0.00           
  5180.884 112.00124   0.79400    -2.338      0.00      0.00      0.00           
  5180.890      26.1  11.68100    -6.132     -7.42      0.00      0.00           
  5180.906      27.0   4.17500    -1.097     -7.45      0.00      0.00           
  5180.907      27.1  11.36300    -1.015     -7.57      0.00      0.00           
  5180.910 112.00124   0.70300     0.355      0.00      0.00      0.00           
  5180.914      27.0   4.17200    -3.560      0.00      0.00      0.00           
  5180.916      27.1  10.96200    -4.600     -7.70      0.00      0.00           
  5180.927      73.0   2.71000    -0.740      0.00      0.00      0.00           
  5180.927      73.0   2.70800    -0.740      0.00      0.00      0.00           
  5180.933      23.0   3.31300    -1.210      0.00      0.00      0.00           
  5180.933      23.0   3.31500    -1.937     -7.27      0.00      0.00           
  5180.942 106.00113   2.33700    -5.428      0.00      0.00      0.00           
  5180.951      24.1  10.86500    -5.648     -7.50      0.00      0.00           
  5180.952      26.0   4.79600    -4.192     -7.33      0.00      0.00           
  5180.959      26.1  13.48700    -0.634     -7.59      0.00      0.00           
  5180.991      58.1   1.12300    -2.600      0.00      0.00      0.00           
  5180.998      26.1  11.68100    -4.361     -7.42      0.00      0.00           
  5181.005      69.1   4.36800    -1.200      0.00      0.00      0.00           
  5181.021 112.00126   0.40700     0.033      0.00      0.00      0.00           
  5181.024      26.0   5.01200    -6.191     -7.18      0.00      0.00           
  5181.027 112.00125   0.40700     0.033      0.00      0.00      0.00           
  5181.030 112.00124   0.40800     0.033      0.00      0.00      0.00           
  5181.051      24.1   6.81700    -1.980      0.00      0.00      0.00           
  5181.051      24.1   6.82200    -3.422     -7.83      0.00      0.00           
  5181.060 112.00124   0.28400    -1.950      0.00      0.00      0.00           
  5181.086      28.1  14.47600    -3.600     -7.17      0.00      0.00           
  5181.087      26.1  12.89100    -0.574     -7.59      0.00      0.00           
  5181.098      25.0   4.66600    -7.066     -7.08      0.00      0.00           
  5181.112      24.0   0.98300   -11.748     -7.79      0.00      0.00           
  5181.112      24.0   0.98300   -11.835     -7.79      0.00      0.00           
  5181.123      28.1  14.26900    -1.004     -7.56      0.00      0.00           
  5181.129      26.1  10.84500    -6.680     -7.64      0.00      0.00           
  5181.132 112.00126   0.28300    -0.109      0.00      0.00      0.00           
  5181.137 112.00125   0.28300    -0.109      0.00      0.00      0.00           
  5181.142 112.00124   0.28400    -0.109      0.00      0.00      0.00           
  5181.142      26.0   5.01200    -5.452     -7.18      0.00      0.00           
  5181.144      26.0   5.01200    -6.974     -7.18      0.00      0.00           
  5181.153      26.1  12.77300    -7.388     -7.48      0.00      0.00           
  5181.160      28.0   4.26300    -1.680      0.00      0.00      0.00           
  5181.166      69.1   4.70600    -1.820      0.00      0.00      0.00           
  5181.166 112.00126   0.30100    -0.117      0.00      0.00      0.00           
  5181.167      28.0   4.26600    -2.232     -7.32      0.00      0.00           
  5181.169      60.1   0.85900    -0.600      0.00      0.00      0.00           
  5181.169      60.1   0.85900    -0.600      0.00      0.00      0.00           
  5181.173 112.00125   0.30100    -0.117      0.00      0.00      0.00           
  5181.181 112.00124   0.30100    -0.117      0.00      0.00      0.00           
  5181.195      42.0   3.27300    -1.750      0.00      0.00      0.00           
  5181.195      42.0   3.27500    -1.749      0.00      0.00      0.00           
  5181.228      24.1  10.25300    -5.866     -7.66      0.00      0.00           
  5181.232 112.00124   0.70300    -2.384      0.00      0.00      0.00           
  5181.259      22.0   3.31700    -3.600      0.00      0.00      0.00           
  5181.263      24.1   5.87100    -2.822     -7.78      0.00      0.00           
  5181.263      24.1   5.86700    -2.560      0.00      0.00      0.00           
  5181.268 112.00124   0.03000    -0.019      0.00      0.00      0.00           
  5181.272 114.00128   1.32500    -2.731      0.00      0.00      0.00           
  5181.280 112.00125   0.03000    -0.019      0.00      0.00      0.00           
  5181.291 112.00126   0.03000    -0.019      0.00      0.00      0.00           
  5181.314 106.00112   1.96100   -10.244      0.00      0.00      0.00           
  5181.314 112.00124   0.03000    -2.658      0.00      0.00      0.00           
  5181.406 112.00124   0.40800    -2.141      0.00      0.00      0.00           
  5181.414 112.00124   0.70300     0.370      0.00      0.00      0.00           
  5181.425 114.00128   1.57100    -2.642      0.00      0.00      0.00           
  5181.447 114.00128   1.57100    -2.642      0.00      0.00      0.00           
  5181.454      24.1   6.89200    -2.640      0.00      0.00      0.00           
  5181.460      24.0   4.43600    -1.290      0.00      0.00      0.00           
  5181.468 112.00126   0.38300     0.007      0.00      0.00      0.00           
  5181.473      22.0   1.99700    -5.230     -7.79      0.00      0.00           
  5181.473      22.0   1.99500    -5.470      0.00      0.00      0.00           
  5181.474 112.00125   0.38300     0.007      0.00      0.00      0.00           
  5181.477 112.00125   0.70200     0.370      0.00      0.00      0.00           
  5181.479 112.00124   0.38400     0.007      0.00      0.00      0.00           
  5181.505      23.1   2.21900    -4.460      0.00      0.00      0.00           
  5181.505      23.1   2.22100    -4.529     -7.86      0.00      0.00           
  5181.514 112.00126   0.40700     0.061      0.00      0.00      0.00           
  5181.520 112.00125   0.40700     0.061      0.00      0.00      0.00           
  5181.522 112.00124   0.40800     0.061      0.00      0.00      0.00           
  5181.525 112.00126   0.70200     0.370      0.00      0.00      0.00           
  5181.537 114.00128   1.32500    -2.731      0.00      0.00      0.00           
  5181.555 112.00126   0.31900    -0.081      0.00      0.00      0.00           
  5181.562 112.00125   0.32000    -0.081      0.00      0.00      0.00           
  5181.570 112.00124   0.32000    -0.081      0.00      0.00      0.00           
  5181.589 106.00112   1.13900    -3.339      0.00      0.00      0.00           
  5181.634 112.00124   0.30100    -1.988      0.00      0.00      0.00           
  5181.644 106.00112   1.13900    -7.414      0.00      0.00      0.00           
  5181.706 112.00126   0.36100    -0.020      0.00      0.00      0.00           
  5181.710 112.00126   0.30100    -0.074      0.00      0.00      0.00           
  5181.712 112.00125   0.36100    -0.020      0.00      0.00      0.00           
  5181.716 112.00125   0.30100    -0.074      0.00      0.00      0.00           
  5181.718 112.00124   0.36100    -0.020      0.00      0.00      0.00           
  5181.721 112.00124   0.30100    -0.074      0.00      0.00      0.00           
  5181.734 112.00126   0.33900    -0.049      0.00      0.00      0.00           
  5181.742 112.00125   0.34000    -0.049      0.00      0.00      0.00           
  5181.746      75.0   2.74500    -2.170      0.00      0.00      0.00           
  5181.747      58.0   0.39800    -0.810      0.00      0.00      0.00           
  5181.747      58.0   0.39800    -0.811      0.00      0.00      0.00           
  5181.749 112.00124   0.34000    -0.049      0.00      0.00      0.00           
  5181.752 106.00113   1.90800   -10.345      0.00      0.00      0.00           
  5181.867 112.00124   0.38400    -2.114      0.00      0.00      0.00           
  5181.870      72.0   0.00000    -1.890      0.00      0.00      0.00           
  5181.870      72.0   0.00000    -1.890      0.00      0.00      0.00           
  5181.902 112.00124   0.03000    -2.647      0.00      0.00      0.00           
  5181.927      58.0   0.29400    -0.620      0.00      0.00      0.00           
  5181.927      58.0   0.29400    -0.623      0.00      0.00      0.00           
  5181.935 106.00112   1.13900    -3.281      0.00      0.00      0.00           
  5181.947 114.00128   1.26400    -3.288      0.00      0.00      0.00           
  5181.948 112.00124   0.03000     0.052      0.00      0.00      0.00           
  5181.952 106.00113   1.86800    -6.203      0.00      0.00      0.00           
  5181.959      24.0   3.55600    -3.178     -7.63      0.00      0.00           
  5181.960      24.0   3.55300    -3.380      0.00      0.00      0.00           
  5181.964      26.1   0.38700    -8.407     -7.94      0.00      0.00           
  5181.964 112.00125   0.03000     0.052      0.00      0.00      0.00           
  5181.967 112.00126   0.38300     0.038      0.00      0.00      0.00           
  5181.973 112.00125   0.38300     0.038      0.00      0.00      0.00           
  5181.977 112.00124   0.38400     0.038      0.00      0.00      0.00           
  5181.977      26.1   3.19500    -5.730      0.00      0.00      0.00           
  5181.978 112.00126   0.03000     0.052      0.00      0.00      0.00           
  5181.980      26.0   5.03300    -3.267     -7.10      0.00      0.00           
  5181.980      26.0   5.02900    -2.170      0.00      0.00      0.00           
  5181.981      30.0   5.79100    -1.610      0.00      0.00      0.00           
  5181.981      30.0   5.79600    -1.611      0.00      0.00      0.00           
  5181.992 112.00124   0.82100    -2.366      0.00      0.00      0.00           
  5182.001      23.1   6.33400    -4.280      0.00      0.00      0.00           
  5182.002 112.00124   0.32000    -2.022      0.00      0.00      0.00           
  5182.034      67.0   1.03900    -0.378      0.00      0.00      0.00           
  5182.034      67.0   1.03800    -0.380      0.00      0.00      0.00           
  5182.084 112.00126   0.31900    -0.043      0.00      0.00      0.00           
  5182.090 112.00125   0.32000    -0.043      0.00      0.00      0.00           
  5182.096 112.00124   0.32000    -0.043      0.00      0.00      0.00           
  5182.119 112.00124   0.36100    -2.085      0.00      0.00      0.00           
  5182.120      21.0   3.18700    -3.950      0.00      0.00      0.00           
  5182.164 112.00124   0.34000    -2.055      0.00      0.00      0.00           
  5182.213 112.00126   0.36100     0.013      0.00      0.00      0.00           
  5182.218 106.00112   1.87300    -6.203      0.00      0.00      0.00           
  5182.219 112.00125   0.36100     0.013      0.00      0.00      0.00           
  5182.220      26.0   4.98800    -2.722     -7.31      0.00      0.00           
  5182.220      26.0   4.98400    -2.630      0.00      0.00      0.00           
  5182.220 114.00128   1.26500    -3.288      0.00      0.00      0.00           
  5182.224 112.00124   0.36100     0.013      0.00      0.00      0.00           
  5182.251 112.00126   0.33900    -0.014      0.00      0.00      0.00           
  5182.258 112.00125   0.34000    -0.014      0.00      0.00      0.00           
  5182.264 112.00124   0.34000    -0.014      0.00      0.00      0.00           
  5182.357 112.00124   0.02100    -0.105      0.00      0.00      0.00           
  5182.367 112.00125   0.02100    -0.105      0.00      0.00      0.00           
  5182.375 112.00126   0.02100    -0.105      0.00      0.00      0.00           
  5182.396 112.00124   0.02100    -2.602      0.00      0.00      0.00           
  5182.500      24.0   3.88900    -3.729     -7.67      0.00      0.00           
  5182.500      24.0   3.88600    -4.380      0.00      0.00      0.00           
  5182.527      90.1   2.33300    -0.778      0.00      0.00      0.00           
  5182.527      90.1   2.33100    -0.780      0.00      0.00      0.00           
  5182.570      58.1   0.87600    -2.560      0.00      0.00      0.00           
  5182.576      25.1   6.56800    -9.120      0.00      0.00      0.00           
  5182.590      60.1   0.74500    -0.910      0.00      0.00      0.00           
  5182.590      60.1   0.74400    -0.910      0.00      0.00      0.00           
  5182.654      26.0   3.30100    -4.720     -7.81      0.00      0.00           
  5182.654      26.0   3.29800    -4.320      0.00      0.00      0.00           
  5182.678      69.0   2.70100    -0.130      0.00      0.00      0.00           
  5182.741      28.0   4.08600    -1.380      0.00      0.00      0.00           
  5182.746      28.0   4.08900    -1.862     -7.32      0.00      0.00           
  5182.797      23.0   2.24200    -0.736     -7.56      0.00      0.00           
  5182.797 106.00113   1.70700    -3.839      0.00      0.00      0.00           
  5182.797      23.0   2.24100    -1.560      0.00      0.00      0.00           
  5182.816 106.00113   1.57000    -4.219      0.00      0.00      0.00           
  5182.833 112.00124   0.84800    -2.394      0.00      0.00      0.00           
  5182.848      21.0   5.40100    -3.130      0.00      0.00      0.00           
  5182.867      26.0   4.98400    -3.830      0.00      0.00      0.00           
  5182.883 106.00113   1.70700    -3.851      0.00      0.00      0.00           
  5182.896 106.00113   2.33100    -3.240      0.00      0.00      0.00           
  5182.936 106.00113   1.57000    -4.232      0.00      0.00      0.00           
  5182.953      26.0   3.88100    -3.810      0.00      0.00      0.00           
  5182.953      26.0   3.88400    -4.046     -7.54      0.00      0.00           
  5182.962 106.00113   1.70700    -5.958      0.00      0.00      0.00           
  5183.012 106.00113   1.57000    -6.389      0.00      0.00      0.00           
  5183.018 106.00113   2.33800    -3.640      0.00      0.00      0.00           
  5183.033      59.1   1.33000    -2.020      0.00      0.00      0.00           
  5183.049      27.0   4.06100    -1.120      0.00      0.00      0.00           
  5183.056      27.0   4.06400    -0.996     -7.51      0.00      0.00           
  5183.097      24.0   4.43700    -1.960      0.00      0.00      0.00           
  5183.100 112.00124   0.02100    -2.585      0.00      0.00      0.00           
  5183.108 106.00113   2.33100    -5.877      0.00      0.00      0.00           
  5183.108 106.00113   2.33100    -6.213      0.00      0.00      0.00           
  5183.139 112.00124   0.02100    -0.017      0.00      0.00      0.00           
  5183.153 112.00125   0.02100    -0.017      0.00      0.00      0.00           
  5183.166 112.00126   0.02100    -0.017      0.00      0.00      0.00           
  5183.175 114.00128   1.23400    -3.419      0.00      0.00      0.00           
  5183.178      22.0   2.73800    -1.161     -7.54      0.00      0.00           
  5183.179      22.0   2.73600    -1.040      0.00      0.00      0.00           
  5183.198      58.0   0.69100    -0.340      0.00      0.00      0.00           
  5183.198      58.0   0.69000    -0.340      0.00      0.00      0.00           
  5183.203      58.0   0.30200    -0.724      0.00      0.00      0.00           
  5183.203      58.0   0.30200    -0.720      0.00      0.00      0.00           
  5183.224      21.0   5.05500    -1.640      0.00      0.00      0.00           
  5183.224      21.0   5.05500    -3.400      0.00      0.00      0.00           
  5183.226 112.00124   0.01400    -0.213      0.00      0.00      0.00           
  5183.231 114.00128   1.23400    -3.419      0.00      0.00      0.00           
  5183.234 112.00125   0.01400    -0.213      0.00      0.00      0.00           
  5183.240 112.00126   0.01400    -0.213      0.00      0.00      0.00           
  5183.258 112.00124   0.01400    -2.545      0.00      0.00      0.00           
  5183.270      26.0   4.83500    -4.019     -7.34      0.00      0.00           
  5183.291   57.1139   0.40300    -2.172      0.00      0.00      0.00           
  5183.293   57.1139   0.40300    -2.649      0.00      0.00      0.00           
  5183.297 112.00124   0.00000    -0.871      0.00      0.00      0.00           
  5183.303   57.1139   0.40300    -1.950      0.00      0.00      0.00           
  5183.305   57.1139   0.40300   -20.600      0.00      0.00      0.00           
  5183.307   57.1139   0.40300    -2.172      0.00      0.00      0.00           
  5183.314 112.00125   0.00000    -0.871      0.00      0.00      0.00           
  5183.319 106.00113   2.33100    -3.267      0.00      0.00      0.00           
  5183.324   57.1139   0.40300    -1.851      0.00      0.00      0.00           
  5183.325 106.00113   2.33800    -3.767      0.00      0.00      0.00           
  5183.327   57.1139   0.40300    -2.795      0.00      0.00      0.00           
  5183.329   57.1139   0.40300    -1.950      0.00      0.00      0.00           
  5183.331 112.00126   0.00000    -0.871      0.00      0.00      0.00           
  5183.353   57.1139   0.40300    -1.825      0.00      0.00      0.00           
  5183.357   57.1139   0.40300    -2.165      0.00      0.00      0.00           
  5183.360   57.1139   0.40300    -1.851      0.00      0.00      0.00           
  5183.391   57.1139   0.40300    -1.878      0.00      0.00      0.00           
  5183.396   57.1139   0.40300    -1.779      0.00      0.00      0.00           
  5183.399      24.0   1.00300    -4.180      0.00      0.00      0.00           
  5183.399      24.0   1.00400    -5.269     -7.79      0.00      0.00           
  5183.400   57.1139   0.40300    -1.825      0.00      0.00      0.00           
  5183.410      57.1   0.40300    -0.600      0.00      0.00      0.00           
  5183.428 112.00124   0.87600    -2.421      0.00      0.00      0.00           
  5183.436      24.1   6.27700    -4.010      0.00      0.00      0.00           
  5183.436      24.1   6.28200    -3.172     -7.84      0.00      0.00           
  5183.438   57.1139   0.40300    -2.073      0.00      0.00      0.00           
  5183.443   57.1139   0.40300    -1.493      0.00      0.00      0.00           
  5183.448   57.1139   0.40300    -1.878      0.00      0.00      0.00           
  5183.465      26.0   3.10900    -4.680      0.00      0.00      0.00           
  5183.465      26.0   3.11100    -4.930     -7.81      0.00      0.00           
  5183.466      27.0   4.11000    -1.190      0.00      0.00      0.00           
  5183.469      27.0   4.11300    -0.989     -7.45      0.00      0.00           
  5183.500   57.1139   0.40300    -1.265      0.00      0.00      0.00           
  5183.506   57.1139   0.40300    -2.073      0.00      0.00      0.00           
  5183.509 112.00124   0.43400    -1.922      0.00      0.00      0.00           
  5183.528      68.1   2.54400    -1.150      0.00      0.00      0.00           
  5183.528      68.1   2.54200    -1.150      0.00      0.00      0.00           
  5183.544      26.0   5.06400    -3.756     -7.11      0.00      0.00           
  5183.544      26.0   5.06000    -2.400      0.00      0.00      0.00           
  5183.550      58.1   1.70600    -2.270      0.00      0.00      0.00           
  5183.588 106.00113   1.28600    -2.797      0.00      0.00      0.00           
  5183.598      23.1   6.89600    -3.570      0.00      0.00      0.00           
  5183.604      12.0   2.71700    -0.239     -7.27      0.00      0.00           
  5183.604      12.0   2.71500    -0.180      0.00      0.00      0.00           
  5183.675 106.00113   1.28600    -6.132      0.00      0.00      0.00           
  5183.677 106.00113   1.28600    -6.229      0.00      0.00      0.00           
  5183.685 106.00112   1.57600    -4.219      0.00      0.00      0.00           
  5183.695      26.0   3.29900    -4.440      0.00      0.00      0.00           
  5183.700      40.0   0.63300    -1.620      0.00      0.00      0.00           
  5183.706 112.00124   0.93500    -2.474      0.00      0.00      0.00           
  5183.708      40.0   0.63200    -1.620      0.00      0.00      0.00           
  5183.711      22.1   1.89200    -2.760     -7.82      0.00      0.00           
  5183.711      22.1   1.89000    -2.760      0.00      0.00      0.00           
  5183.716      26.1  12.86400     0.215     -7.59      0.00      0.00           
  5183.748      58.1   1.48200    -1.560      0.00      0.00      0.00           
  5183.764 106.00113   1.28600    -2.743      0.00      0.00      0.00           
  5183.779 112.00124   0.90500    -2.120      0.00      0.00      0.00           
  5183.796 106.00112   1.57600    -4.231      0.00      0.00      0.00           
  5183.803      24.0   5.27300    -3.520      0.00      0.00      0.00           
  5183.810      22.0   1.06600    -2.850      0.00      0.00      0.00           
  5183.810      22.0   1.06700    -2.482     -7.77      0.00      0.00           
  5183.850      59.1   0.63300    -1.060      0.00      0.00      0.00           
  5183.851 112.00124   0.00900    -0.364      0.00      0.00      0.00           
  5183.853      59.1   0.63300    -1.119      0.00      0.00      0.00           
  5183.856 106.00113   2.33800    -5.462      0.00      0.00      0.00           
  5183.857 112.00125   0.00900    -0.364      0.00      0.00      0.00           
  5183.861 112.00126   0.00800    -0.364      0.00      0.00      0.00           
  5183.876 112.00124   0.00900    -2.500      0.00      0.00      0.00           
  5183.900 106.00112   1.57600    -6.389      0.00      0.00      0.00           
  5183.907      57.0   0.13000    -1.380      0.00      0.00      0.00           
  5183.907      57.0   0.13100    -1.380      0.00      0.00      0.00           
  5183.928 106.00112   2.34600    -5.427      0.00      0.00      0.00           
  5183.963      74.0   2.35300    -1.260      0.00      0.00      0.00           
  5183.963      74.0   2.35100    -1.260      0.00      0.00      0.00           
  5183.990      90.1   1.54800    -1.553      0.00      0.00      0.00           
  5183.990      90.1   1.54700    -1.550      0.00      0.00      0.00           
  5184.014 106.00112   2.34600    -3.639      0.00      0.00      0.00           
  5184.034 106.00112   2.34600    -3.766      0.00      0.00      0.00           
  5184.125 112.00124   0.01400    -2.514      0.00      0.00      0.00           
  5184.145      26.0   5.03300    -2.624     -7.12      0.00      0.00           
  5184.146      26.0   5.02900    -1.530      0.00      0.00      0.00           
  5184.149      21.0   2.30100    -3.760      0.00      0.00      0.00           
  5184.157 112.00124   0.01400    -0.101      0.00      0.00      0.00           
  5184.162      70.1   4.17300    -1.040      0.00      0.00      0.00           
  5184.162      70.1   4.16900    -0.770      0.00      0.00      0.00           
  5184.170 112.00125   0.01400    -0.101      0.00      0.00      0.00           
  5184.173 112.00124   0.00400    -0.617      0.00      0.00      0.00           
  5184.177      26.0   4.30900    -1.950      0.00      0.00      0.00           
  5184.177 112.00125   0.00400    -0.617      0.00      0.00      0.00           
  5184.177      26.0   4.31300    -2.203     -7.51      0.00      0.00           
  5184.179 112.00126   0.00400    -0.617      0.00      0.00      0.00           
  5184.182 112.00126   0.01400    -0.101      0.00      0.00      0.00           
  5184.191 112.00124   0.00400    -2.529      0.00      0.00      0.00           
  5184.194      45.0   0.96600    -2.280      0.00      0.00      0.00           
  5184.194      45.0   0.96500    -2.280      0.00      0.00      0.00           
  5184.211 112.00124   0.19800    -1.515      0.00      0.00      0.00           
  5184.254      26.0   4.99100    -1.828     -7.12      0.00      0.00           
  5184.254      26.0   4.98700    -1.150      0.00      0.00      0.00           
  5184.266      25.0   4.19400    -2.647     -7.77      0.00      0.00           
  5184.266      26.0   4.28300    -0.900     -7.18      0.00      0.00           
  5184.266      26.0   4.28000    -1.000      0.00      0.00      0.00           
  5184.296      25.0   4.19100    -2.620      0.00      0.00      0.00           
  5184.319 112.00124   0.66300     0.343      0.00      0.00      0.00           
  5184.400      26.0   5.06600    -2.940      0.00      0.00      0.00           
  5184.400      26.0   5.07000    -3.497     -7.08      0.00      0.00           
  5184.486      22.0   3.28200    -2.980      0.00      0.00      0.00           
  5184.526      26.0   4.98800    -2.795     -7.13      0.00      0.00           
  5184.526      26.0   4.98400    -1.440      0.00      0.00      0.00           
  5184.541      23.0   3.28600    -1.354     -7.30      0.00      0.00           
  5184.546      14.0   7.48100    -4.050      0.00      0.00      0.00           
  5184.555      58.1   1.81300    -1.830      0.00      0.00      0.00           
  5184.556      24.0   3.40700    -0.390      0.00      0.00      0.00           
  5184.556      24.0   3.41000    -0.390     -7.55      0.00      0.00           
  5184.557      28.0   3.70300    -0.830      0.00      0.00      0.00           
  5184.559      28.0   3.70600    -0.709     -7.51      0.00      0.00           
  5184.571      92.1   0.67000    -1.120      0.00      0.00      0.00           
  5184.571      92.1   0.67000    -1.120      0.00      0.00      0.00           
  5184.593      39.0   1.85300    -2.111     -7.58      0.00      0.00           
  5184.595 106.00113   2.33300    -7.280      0.00      0.00      0.00           
  5184.643      41.0   0.01900    -1.690      0.00      0.00      0.00           
  5184.643      41.0   0.01900    -1.690      0.00      0.00      0.00           
  5184.646 112.00124   0.66300    -2.367      0.00      0.00      0.00           
  5184.720      24.0   3.43500    -2.270     -7.77      0.00      0.00           
  5184.720      24.0   3.43200    -2.510      0.00      0.00      0.00           
  5184.781 106.00112   2.37100    -3.581      0.00      0.00      0.00           
  5184.805      26.1   0.30100    -9.054     -7.94      0.00      0.00           
  5184.824 106.00113   1.97000    -3.573      0.00      0.00      0.00           
  5184.826 112.00124   0.66300     0.359      0.00      0.00      0.00           
  5184.831      27.0   2.86800    -5.190      0.00      0.00      0.00           
  5184.864      26.0   4.95200    -1.100      0.00      0.00      0.00           
  5184.864      26.0   4.95600    -2.253     -7.12      0.00      0.00           
  5184.875 112.00125   0.66200     0.359      0.00      0.00      0.00           
  5184.906 106.00112   2.37100    -6.685      0.00      0.00      0.00           
  5184.914 112.00126   0.66200     0.359      0.00      0.00      0.00           
  5184.924      24.0   3.42200    -3.950     -7.67      0.00      0.00           
  5184.945 106.00113   1.97000    -3.593      0.00      0.00      0.00           
  5184.988 112.00124   0.00900    -2.436      0.00      0.00      0.00           
  5185.013 112.00124   0.00900    -0.207      0.00      0.00      0.00           
  5185.020 114.00128   1.38800    -2.569      0.00      0.00      0.00           
  5185.021      24.0   3.55100    -2.893     -7.62      0.00      0.00           
  5185.021      24.0   3.54800    -2.540      0.00      0.00      0.00           
  5185.025      45.0   1.57700    -2.440      0.00      0.00      0.00           
  5185.025      45.0   1.57600    -2.440      0.00      0.00      0.00           
  5185.026 112.00125   0.00900    -0.207      0.00      0.00      0.00           
  5185.031 106.00113   1.97000    -5.717      0.00      0.00      0.00           
  5185.037 112.00126   0.00900    -0.207      0.00      0.00      0.00           
  5185.058      56.1   5.24700    -1.550      0.00      0.00      0.00           
  5185.076 106.00112   2.37100    -6.251      0.00      0.00      0.00           
  5185.076 106.00113   2.43800    -7.847      0.00      0.00      0.00           
  5185.108      26.0   4.90900    -3.660      0.00      0.00      0.00           
  5185.108      26.0   4.91300    -3.854     -7.27      0.00      0.00           
  5185.145 114.00128   1.38800    -2.569      0.00      0.00      0.00           
  5185.177 106.00113   2.36100    -6.646      0.00      0.00      0.00           
  5185.183 106.00113   2.36100    -3.579      0.00      0.00      0.00           
  5185.200 106.00112   2.37100    -3.598      0.00      0.00      0.00           
  5185.244      69.0   1.08700    -1.400      0.00      0.00      0.00           
  5185.294      66.0   1.48800    -0.140      0.00      0.00      0.00           
  5185.423 106.00113   2.36100    -3.596      0.00      0.00      0.00           
  5185.428 106.00113   2.36100    -6.285      0.00      0.00      0.00           
  5185.442      26.1  13.08400     0.397     -7.59      0.00      0.00           
  5185.480      23.0   2.12900    -3.840      0.00      0.00      0.00           
  5185.488      27.0   4.06900    -2.690      0.00      0.00      0.00           
  5185.520      14.1  12.83900    -0.295     -7.13      0.00      0.00           
  5185.555      14.1  12.83900    -0.408     -7.13      0.00      0.00           
  5185.563      27.0   3.29500    -5.580      0.00      0.00      0.00           
  5185.679      22.0   3.42700    -3.660      0.00      0.00      0.00           
  5185.715 112.00124   0.00400    -2.354      0.00      0.00      0.00           
  5185.725      26.0   3.57300    -2.219     -7.82      0.00      0.00           
  5185.725      26.0   3.57100    -4.050      0.00      0.00      0.00           
  5185.732 112.00124   0.00400    -0.348      0.00      0.00      0.00           
  5185.744 112.00125   0.00400    -0.348      0.00      0.00      0.00           
  5185.756 112.00126   0.00400    -0.348      0.00      0.00      0.00           
  5185.759 114.00128   1.34600    -2.685      0.00      0.00      0.00           
  5185.879      26.0   4.44200    -4.210      0.00      0.00      0.00           
  5185.897      26.1  12.89100     0.060     -7.59      0.00      0.00           
  5185.902      22.1   1.89300    -1.410     -7.82      0.00      0.00           
  5185.902      22.1   1.89100    -1.410      0.00      0.00      0.00           
  5185.923      25.0   4.19100    -3.740      0.00      0.00      0.00           
  5185.987 106.00112   1.97600    -3.572      0.00      0.00      0.00           
  5186.015 106.00112   1.97600    -3.593      0.00      0.00      0.00           
  5186.017      26.1  10.50300    -1.730     -7.59      0.00      0.00           
  5186.028      23.0   2.61600    -2.874     -7.73      0.00      0.00           
  5186.028      23.0   2.61400    -3.760      0.00      0.00      0.00           
  5186.062 114.00128   1.34600    -2.685      0.00      0.00      0.00           
  5186.090      27.0   4.14600    -2.088     -7.52      0.00      0.00           
  5186.090      27.0   4.14300    -2.160      0.00      0.00      0.00           
  5186.119 106.00112   1.97600    -5.716      0.00      0.00      0.00           
  5186.125      24.1   5.87400    -2.482     -7.78      0.00      0.00           
  5186.125      24.1   5.86900    -3.330      0.00      0.00      0.00           
  5186.136      21.0   2.29400    -2.589     -7.53      0.00      0.00           
  5186.136      21.0   2.29200    -4.250      0.00      0.00      0.00           
  5186.176 114.00128   1.48100    -3.030      0.00      0.00      0.00           
  5186.222      27.1   5.46200    -5.560      0.00      0.00      0.00           
  5186.293      26.0   4.29100    -2.860      0.00      0.00      0.00           
  5186.293      26.0   4.29400    -3.538     -7.51      0.00      0.00           
  5186.325      22.0   2.11500    -1.050      0.00      0.00      0.00           
  5186.330      22.0   2.11700    -0.770     -7.55      0.00      0.00           
  5186.361 112.00124   0.00100    -2.307      0.00      0.00      0.00           
  5186.372 112.00124   0.00100    -0.563      0.00      0.00      0.00           
  5186.385 112.00125   0.00100    -0.563      0.00      0.00      0.00           
  5186.388      26.1  12.89100     0.104     -7.59      0.00      0.00           
  5186.397 112.00126   0.00100    -0.563      0.00      0.00      0.00           
  5186.451      26.0   5.01600    -2.850      0.00      0.00      0.00           
  5186.481      26.0   4.98700    -2.260      0.00      0.00      0.00           
  5186.481      26.0   4.99100    -4.065     -7.17      0.00      0.00           
  5186.513      39.0   1.89000    -2.212     -7.76      0.00      0.00           
  5186.540      26.0   4.73300    -3.917     -7.31      0.00      0.00           
  5186.540      26.0   4.73000    -4.390      0.00      0.00      0.00           
  5186.553      28.0   3.89800    -1.124     -7.51      0.00      0.00           
  5186.553      28.0   3.89500    -1.530      0.00      0.00      0.00           
  5186.674      23.1   3.75900    -3.494     -7.86      0.00      0.00           
  5186.674      23.1   3.75600    -3.440      0.00      0.00      0.00           
  5186.708      26.1  12.86400    -0.147     -7.59      0.00      0.00           
  5186.751      26.1  12.89200    -0.214     -7.56      0.00      0.00           
  5186.754      26.0   4.29800    -2.530      0.00      0.00      0.00           
  5186.754 114.00128   1.48100    -3.030      0.00      0.00      0.00           
  5186.754      26.0   4.30100    -2.867     -7.52      0.00      0.00           
  5186.807 106.00112   2.34700    -3.639      0.00      0.00      0.00           
  5186.822      72.0   2.83700    -0.560      0.00      0.00      0.00           
  5186.846 106.00112   2.34700    -5.461      0.00      0.00      0.00           
  5186.847      22.0   3.54600    -2.179     -7.29      0.00      0.00           
  5186.847      22.0   3.54300    -2.270      0.00      0.00      0.00           
  5186.867      26.1  10.46700    -0.194     -7.59      0.00      0.00           
  5186.873      26.1   9.74200    -2.560     -7.72      0.00      0.00           
  5186.907      64.1   1.57500    -1.023      0.00      0.00      0.00           
  5186.907      64.1   1.57400    -1.020      0.00      0.00      0.00           
  5186.952 106.00112   2.34700    -3.766      0.00      0.00      0.00           
  5186.982      22.1   7.35500    -1.623     -7.69      0.00      0.00           
  5186.990      66.1   2.59000     0.000      0.00      0.00      0.00           
  5187.000      22.0   3.30300    -3.550      0.00      0.00      0.00           
  5187.001      26.1  13.06600    -0.480     -7.52      0.00      0.00           
  5187.030      40.0   1.97500    -0.800      0.00      0.00      0.00           
  5187.039      60.0   0.29300    -0.910      0.00      0.00      0.00           
  5187.039      60.0   0.29300    -0.910      0.00      0.00      0.00           
  5187.048      40.0   1.97400    -0.800      0.00      0.00      0.00           
  5187.070 106.00113   1.57200    -4.219      0.00      0.00      0.00           
  5187.080      22.0   3.29100    -3.020      0.00      0.00      0.00           
  5187.087 112.00124   0.00000    -0.959      0.00      0.00      0.00           
  5187.089      62.0   0.18500    -1.190      0.00      0.00      0.00           
  5187.089      62.0   0.18500    -1.185      0.00      0.00      0.00           
  5187.101 112.00125   0.00000    -0.959      0.00      0.00      0.00           
  5187.115 106.00113   1.42500    -2.989      0.00      0.00      0.00           
  5187.115 112.00126   0.00000    -0.959      0.00      0.00      0.00           
  5187.168      28.0   4.53400    -2.570      0.00      0.00      0.00           
  5187.178 112.00124   0.45000    -1.965      0.00      0.00      0.00           
  5187.220 106.00113   1.13800    -7.256      0.00      0.00      0.00           
  5187.220      64.1   1.58300    -0.870      0.00      0.00      0.00           
  5187.223      64.1   1.58400    -0.900      0.00      0.00      0.00           
  5187.230 106.00113   1.56300    -6.422      0.00      0.00      0.00           
  5187.252 106.00113   1.70900    -3.839      0.00      0.00      0.00           
  5187.252 106.00113   1.42500    -7.118      0.00      0.00      0.00           
  5187.266 106.00113   1.57200    -6.351      0.00      0.00      0.00           
  5187.349 106.00113   1.56200    -9.988      0.00      0.00      0.00           
  5187.363 106.00113   1.42500    -2.977      0.00      0.00      0.00           
  5187.389 106.00113   1.57200    -4.232      0.00      0.00      0.00           
  5187.418 106.00113   1.70900    -5.923      0.00      0.00      0.00           
  5187.450      27.0   4.07200    -2.469     -7.51      0.00      0.00           
  5187.452      27.0   4.06900    -0.610      0.00      0.00      0.00           
  5187.458      58.1   1.21100     0.170      0.00      0.00      0.00           
  5187.458      58.1   1.21200     0.170      0.00      0.00      0.00           
  5187.460      58.1   0.49500    -2.300      0.00      0.00      0.00           
  5187.468      90.1   0.23100    -2.850      0.00      0.00      0.00           
  5187.468      90.1   0.23100    -2.855      0.00      0.00      0.00           
  5187.490 106.00113   1.70900    -3.851      0.00      0.00      0.00           
  5187.503      58.1   0.55900    -3.330      0.00      0.00      0.00           
  5187.516      26.1  12.89300    -0.665     -7.56      0.00      0.00           
  5187.529 112.00124   0.62400     0.331      0.00      0.00      0.00           
  5187.600      23.0   2.57300    -4.190      0.00      0.00      0.00           
  5187.647 114.00128   1.24500    -3.405      0.00      0.00      0.00           
  5187.673      23.0   1.87100    -5.420      0.00      0.00      0.00           
  5187.730 114.00128   1.24500    -3.405      0.00      0.00      0.00           
  5187.730      72.1   1.86900    -1.750      0.00      0.00      0.00           
  5187.730      72.1   1.87000    -1.750      0.00      0.00      0.00           
  5187.733 114.00128   1.77700    -2.451      0.00      0.00      0.00           
  5187.745 114.00128   1.77700    -2.451      0.00      0.00      0.00           
  5187.746      18.0  12.90700    -1.550      0.00      0.00      0.00           
  5187.819      28.0   3.70300    -1.910      0.00      0.00      0.00           
  5187.820      28.0   3.70600    -1.910     -7.23      0.00      0.00           
  5187.826      24.1   8.66700    -6.111     -7.70      0.00      0.00           
  5187.842      23.0   3.05600    -4.545     -7.54      0.00      0.00           
  5187.861 112.00124   0.62400    -2.350      0.00      0.00      0.00           
  5187.872      23.1   8.15700    -4.253     -7.71      0.00      0.00           
  5187.881      64.0   0.81200    -0.890      0.00      0.00      0.00           
  5187.881      64.0   0.81200    -0.888      0.00      0.00      0.00           
  5187.906      22.0   3.28500    -4.445     -7.31      0.00      0.00           
  5187.914      26.0   4.14300    -1.371     -7.69      0.00      0.00           
  5187.915      26.0   4.14000    -1.260      0.00      0.00      0.00           
  5187.938      26.1  11.63500    -5.367     -7.42      0.00      0.00           
  5187.947      28.1  14.40600    -2.183     -7.51      0.00      0.00           
  5187.990      26.1  11.68100    -6.686     -7.31      0.00      0.00           
  5188.017      21.0   3.34000    -5.073     -7.39      0.00      0.00           
  5188.037 112.00124   0.62400     0.347      0.00      0.00      0.00           
  5188.041      24.1   4.38400    -4.535     -7.83      0.00      0.00           
  5188.041      24.1   4.38000    -4.850      0.00      0.00      0.00           
  5188.044      21.0   2.56900    -6.510     -7.46      0.00      0.00           
  5188.058      26.1  12.27600    -5.131     -7.52      0.00      0.00           
  5188.075 112.00125   0.62300     0.347      0.00      0.00      0.00           
  5188.079      24.0   3.10400    -3.955     -7.80      0.00      0.00           
  5188.080      24.0   3.10200    -4.100      0.00      0.00      0.00           
  5188.105 112.00126   0.62300     0.347      0.00      0.00      0.00           
  5188.124      26.1  13.08400    -0.513     -7.59      0.00      0.00           
  5188.140 106.00112   1.57900    -4.219      0.00      0.00      0.00           
  5188.163      28.1  12.34400    -0.644     -7.59      0.00      0.00           
  5188.181      28.1  14.90600    -6.319     -7.12      0.00      0.00           
  5188.195      22.0   3.57400    -4.340     -7.33      0.00      0.00           
  5188.206      57.1   2.44700    -0.010      0.00      0.00      0.00           
  5188.206      57.1   2.44900    -0.010      0.00      0.00      0.00           
  5188.220      59.1   0.92200    -1.230      0.00      0.00      0.00           
  5188.222      59.1   0.92200    -1.145      0.00      0.00      0.00           
  5188.227      69.1   4.25400    -3.350      0.00      0.00      0.00           
  5188.246      28.1  13.70900    -5.010     -7.34      0.00      0.00           
  5188.252 114.00128   1.24500    -3.670      0.00      0.00      0.00           
  5188.270      27.0   4.50400    -3.132     -7.46      0.00      0.00           
  5188.270      27.0   4.50100    -1.730      0.00      0.00      0.00           
  5188.306      26.0   5.34500    -6.318     -6.86      0.00      0.00           
  5188.335 114.00128   1.24500    -3.670      0.00      0.00      0.00           
  5188.341      17.0  10.28100    -3.380      0.00      0.00      0.00           
  5188.354      26.1  12.89500    -4.174     -7.51      0.00      0.00           
  5188.354      28.1  14.66700    -3.389     -7.19      0.00      0.00           
  5188.357 106.00112   1.57900    -6.351      0.00      0.00      0.00           
  5188.359      26.1  12.94200    -5.095     -7.51      0.00      0.00           
  5188.361      26.0   4.98100    -3.270      0.00      0.00      0.00           
  5188.361      26.0   4.98500    -5.035     -7.13      0.00      0.00           
  5188.364      26.0   4.44600    -2.845     -7.42      0.00      0.00           
  5188.364      26.0   4.44200    -2.320      0.00      0.00      0.00           
  5188.387 106.00113   1.97200    -3.573      0.00      0.00      0.00           
  5188.408      24.1  12.06800    -6.376     -7.32      0.00      0.00           
  5188.421      21.0   2.56400    -5.820     -7.46      0.00      0.00           
  5188.430 106.00112   1.57900    -4.232      0.00      0.00      0.00           
  5188.446      26.1  12.91800    -2.025     -7.59      0.00      0.00           
  5188.467      66.1   2.29800    -0.480      0.00      0.00      0.00           
  5188.467      66.1   2.30000    -0.483      0.00      0.00      0.00           
  5188.492      26.0   4.41500    -4.960     -7.42      0.00      0.00           
  5188.518      26.1  11.09000    -6.075     -7.68      0.00      0.00           
  5188.543      58.1   1.93300    -2.250      0.00      0.00      0.00           
  5188.546      16.0   7.86800    -5.787     -6.49      0.00      0.00           
  5188.556 106.00113   1.97200    -5.681      0.00      0.00      0.00           
  5188.566 106.00113   2.33500    -7.343      0.00      0.00      0.00           
  5188.620 106.00113   1.97200    -3.593      0.00      0.00      0.00           
  5188.626      28.1  11.04700    -5.077     -7.70      0.00      0.00           
  5188.641      22.0   2.26600    -4.090      0.00      0.00      0.00           
  5188.641      22.0   2.26700    -3.025     -7.68      0.00      0.00           
  5188.653      16.0   7.86800    -6.950     -6.49      0.00      0.00           
  5188.676 106.00113   1.07800    -5.758      0.00      0.00      0.00           
  5188.680      22.1   1.58100    -1.210      0.00      0.00      0.00           
  5188.682      26.1   7.94000    -4.915     -7.58      0.00      0.00           
  5188.687      22.1   1.58200    -1.050     -7.85      0.00      0.00           
  5188.694      26.1  11.54700    -7.207     -7.31      0.00      0.00           
  5188.700      66.0   1.67300    -1.580      0.00      0.00      0.00           
  5188.703      27.1  11.36500    -0.921     -7.58      0.00      0.00           
  5188.717      25.1  10.19600    -4.366     -7.67      0.00      0.00           
  5188.723      28.1  14.90200    -5.174     -7.12      0.00      0.00           
  5188.771      24.1   8.35500    -5.121     -7.73      0.00      0.00           
  5188.777      24.0   3.11000    -4.160      0.00      0.00      0.00           
  5188.778      24.0   3.11300    -3.979     -7.79      0.00      0.00           
  5188.781 114.00128   1.74200    -2.469      0.00      0.00      0.00           
  5188.798 114.00128   1.28100    -3.217      0.00      0.00      0.00           
  5188.823      22.0   2.77800    -1.450     -7.77      0.00      0.00           
  5188.823      22.0   2.77600    -2.690      0.00      0.00      0.00           
  5188.827      26.1  12.91600     0.157     -7.59      0.00      0.00           
  5188.843 106.00112   1.55500    -9.706      0.00      0.00      0.00           
  5188.844      20.0   2.93300    -0.075     -7.32      0.00      0.00           
  5188.844      20.0   2.93300    -0.070      0.00      0.00      0.00           
  5188.853      23.0   1.89200    -2.040      0.00      0.00      0.00           
  5188.855      23.0   1.89300    -1.861     -7.66      0.00      0.00           
  5188.855      25.1  10.77400    -7.502     -7.60      0.00      0.00           
  5188.871 106.00112   1.14300    -7.255      0.00      0.00      0.00           
  5188.876 106.00113   1.56400    -6.379      0.00      0.00      0.00           
  5188.877      26.1  11.93700    -7.535     -7.44      0.00      0.00           
  5188.878 114.00128   1.74200    -2.469      0.00      0.00      0.00           
  5188.878      27.0   4.14700    -1.931     -7.51      0.00      0.00           
  5188.882      58.1   1.33900    -1.880      0.00      0.00      0.00           
  5188.890      70.1   7.69300    -1.010      0.00      0.00      0.00           
  5188.893      22.0   1.98100    -5.683     -7.78      0.00      0.00           
  5188.893      26.0   4.99100    -4.584     -7.45      0.00      0.00           
  5188.893      22.0   1.97900    -6.660      0.00      0.00      0.00           
  5188.893      26.0   4.98700    -3.140      0.00      0.00      0.00           
  5188.899      68.1   1.77100    -0.281      0.00      0.00      0.00           
  5188.899      68.1   1.76900    -0.280      0.00      0.00      0.00           
  5188.919      24.1   6.28500    -4.400     -7.84      0.00      0.00           
  5188.919      24.1   6.28000    -3.720      0.00      0.00      0.00           
  5188.936      73.0   1.59500    -2.020      0.00      0.00      0.00           
  5188.936      73.0   1.59400    -2.020      0.00      0.00      0.00           
  5188.999      26.1  11.27000    -2.370     -7.48      0.00      0.00           
  5189.003      26.1  12.85000    -3.209     -7.61      0.00      0.00           
  5189.008      26.1  12.86600    -0.189     -7.59      0.00      0.00           
  5189.030      16.0   7.86800    -5.047     -6.50      0.00      0.00           
  5189.045 106.00112   1.56800    -6.422      0.00      0.00      0.00           
  5189.054      18.0  13.15300    -3.310      0.00      0.00      0.00           
  5189.059 114.00128   1.28100    -3.217      0.00      0.00      0.00           
  5189.078      28.1  14.25100    -3.089     -7.51      0.00      0.00           
  5189.087      22.1   7.76100    -4.021     -7.57      0.00      0.00           
  5189.089      69.1   4.92400    -1.410      0.00      0.00      0.00           
  5189.110      22.0   0.82600    -5.599     -7.80      0.00      0.00           
  5189.110      22.0   0.82500    -5.190      0.00      0.00      0.00           
  5189.145      26.0   4.95600    -4.186     -7.14      0.00      0.00           
  5189.146      26.0   4.95200    -2.070      0.00      0.00      0.00           
  5189.184      26.1  10.93400    -3.029     -7.56      0.00      0.00           
  5189.186      41.0   0.13000    -1.394      0.00      0.00      0.00           
  5189.186      22.1   7.73800    -3.674     -7.57      0.00      0.00           
  5189.186      41.0   0.13000    -1.370      0.00      0.00      0.00           
  5189.192      58.1   1.70900    -2.160      0.00      0.00      0.00           
  5189.208      24.0   5.24000    -2.560      0.00      0.00      0.00           
  5189.263      58.0   1.16300     0.125      0.00      0.00      0.00           
  5189.263      58.0   1.16200     0.120      0.00      0.00      0.00           
  5189.267      21.0   2.29600    -3.315     -7.53      0.00      0.00           
  5189.269      69.1   4.10400    -3.110      0.00      0.00      0.00           
  5189.278 112.00124   0.20600    -1.590      0.00      0.00      0.00           
  5189.282       9.0  14.52700    -0.950      0.00      0.00      0.00           
  5189.310      23.0   1.89300    -4.713     -7.78      0.00      0.00           
  5189.310      23.0   1.89100    -4.480      0.00      0.00      0.00           
  5189.324      26.1  11.09000    -6.008     -7.72      0.00      0.00           
  5189.331      28.1  14.26800    -7.311     -7.70      0.00      0.00           
  5189.364      26.1  13.46900    -0.206     -7.59      0.00      0.00           
  5189.455      24.1  10.27600    -6.716     -7.66      0.00      0.00           
  5189.467      26.1  10.86100    -5.842     -7.64      0.00      0.00           
  5189.485      28.1  13.93900    -3.903     -7.35      0.00      0.00           
  5189.498      24.1  10.85100    -5.188     -7.72      0.00      0.00           
  5189.507      70.1   5.51000    -1.960      0.00      0.00      0.00           
  5189.509      24.1   3.10500   -12.268     -7.99      0.00      0.00           
  5189.509      24.1   3.10500   -12.277     -7.99      0.00      0.00           
  5189.517      27.1   8.85300    -4.956     -7.73      0.00      0.00           
  5189.566 106.00112   1.97800    -3.573      0.00      0.00      0.00           
  5189.578      22.0   2.23900    -1.190     -7.72      0.00      0.00           
  5189.578      22.0   2.23800    -1.190      0.00      0.00      0.00           
  5189.611      28.1  14.68500    -4.152     -7.12      0.00      0.00           
  5189.636      28.1  14.62700    -4.103     -7.12      0.00      0.00           
  5189.641      23.0   3.96000    -2.561     -7.23      0.00      0.00           
  5189.641      23.0   3.95700    -2.960      0.00      0.00      0.00           
  5189.642      39.0   2.37400    -1.483     -7.65      0.00      0.00           
  5189.650      26.1  10.85800    -4.407     -7.56      0.00      0.00           
  5189.658      26.1  12.86400    -0.703     -7.59      0.00      0.00           
  5189.671 106.00113   1.32900    -6.730      0.00      0.00      0.00           
  5189.673      24.0   3.88600    -4.130      0.00      0.00      0.00           
  5189.673      24.0   3.88900    -4.046     -7.68      0.00      0.00           
  5189.677      90.1   2.51400    -0.820      0.00      0.00      0.00           
  5189.677      90.1   2.51500    -0.821      0.00      0.00      0.00           
  5189.698 106.00112   1.97800    -5.681      0.00      0.00      0.00           
  5189.703      44.0   1.83800    -2.640      0.00      0.00      0.00           
  5189.708      24.1   8.52200    -6.457     -7.72      0.00      0.00           
  5189.711 106.00113   1.14000    -7.203      0.00      0.00      0.00           
  5189.717      28.1  14.26800    -7.803     -7.70      0.00      0.00           
  5189.717      28.1  14.26800    -9.526     -7.70      0.00      0.00           
  5189.749 106.00112   1.97800    -3.593      0.00      0.00      0.00           
  5189.752      26.1  12.85500     0.190     -7.46      0.00      0.00           
  5189.757      25.1  10.19600    -2.454     -7.67      0.00      0.00           
  5189.765      23.0   3.28300    -1.493     -7.40      0.00      0.00           
  5189.770      24.1  10.88100    -6.178     -7.72      0.00      0.00           
  5189.779      24.1  10.76000    -4.459     -7.61      0.00      0.00           
  5189.787      25.0   4.42500    -2.882     -7.26      0.00      0.00           
  5189.787      70.1   5.62100    -3.380      0.00      0.00      0.00           
  5189.789      28.1  11.85000    -3.865     -7.78      0.00      0.00           
  5189.792      25.0   4.42200    -1.380      0.00      0.00      0.00           
  5189.871      26.1  11.05100    -4.640     -7.70      0.00      0.00           
  5189.878      26.0   4.73300    -3.862     -7.29      0.00      0.00           
  5189.882      27.1  10.16300    -5.692     -7.69      0.00      0.00           
  5189.885      15.0   6.95400    -1.910      0.00      0.00      0.00           
  5189.885      15.0   6.94900    -1.910      0.00      0.00      0.00           
  5189.892      70.1   7.25100    -1.180      0.00      0.00      0.00           
  5189.910       9.0  14.52700    -2.850      0.00      0.00      0.00           
  5189.935      26.1  13.03400    -0.072     -7.46      0.00      0.00           
  5189.935      26.1  11.23800    -4.626     -7.62      0.00      0.00           
  5189.961      26.1  11.63500    -4.810     -7.42      0.00      0.00           
  5189.965      23.0   3.27500    -2.250      0.00      0.00      0.00           
  5189.965      23.0   3.27800    -3.587     -7.39      0.00      0.00           
  5189.971      26.1  13.06600    -0.165     -7.58      0.00      0.00           
  5189.986      69.1   4.37400    -2.190      0.00      0.00      0.00           
  5189.992      26.1  11.63500    -5.361     -7.42      0.00      0.00           
  5190.003      26.1  11.18500    -8.879     -7.78      0.00      0.00           
  5190.008      26.1  13.06800     0.488     -7.30      0.00      0.00           
  5190.032      58.1   3.33500    -3.010      0.00      0.00      0.00           
  5190.093      58.1   1.57500    -1.810      0.00      0.00      0.00           
  5190.093      26.1  13.49000    -3.917     -7.59      0.00      0.00           
  5190.098 112.00124   0.97700    -3.293      0.00      0.00      0.00           
  5190.113      23.1   3.75500    -2.670      0.00      0.00      0.00           
  5190.118      26.1   9.13000    -3.795     -7.74      0.00      0.00           
  5190.122      26.1  13.03400    -0.207     -7.57      0.00      0.00           
  5190.181 112.00124   0.00100    -0.959      0.00      0.00      0.00           
  5190.181 112.00124   0.00100    -1.260      0.00      0.00      0.00           
  5190.197 112.00125   0.00100    -1.260      0.00      0.00      0.00           
  5190.207 112.00126   0.00100    -1.260      0.00      0.00      0.00           
  5190.259      26.1  11.30700    -5.078     -7.71      0.00      0.00           
  5190.296      25.0   5.40700    -2.880      0.00      0.00      0.00           
  5190.304      28.1  14.26800    -7.271     -7.70      0.00      0.00           
  5190.304      28.1  14.26800    -7.866     -7.70      0.00      0.00           
  5190.346      26.1  12.91600    -1.399     -7.59      0.00      0.00           
  5190.361      24.1   4.41500   -12.736     -7.93      0.00      0.00           
  5190.388      26.1  13.03800    -1.007     -7.35      0.00      0.00           
  5190.414      26.1  11.78400    -3.986     -7.68      0.00      0.00           
  5190.420      25.1   5.37000   -11.770     -7.92      0.00      0.00           
  5190.420      25.1   5.37000    -9.142     -7.92      0.00      0.00           
  5190.428      25.0   4.42500    -3.038     -7.26      0.00      0.00           
  5190.430      62.1   0.54300    -2.420      0.00      0.00      0.00           
  5190.430      62.1   0.54400    -2.420      0.00      0.00      0.00           
  5190.439      25.0   4.42200    -1.560      0.00      0.00      0.00           
  5190.455      26.1  13.46700    -1.404     -7.58      0.00      0.00           
  5190.460      24.1  12.04700    -5.067     -7.32      0.00      0.00           
  5190.468      26.1  12.78200    -5.756     -7.57      0.00      0.00           
  5190.482      24.1   8.35600    -5.519     -7.73      0.00      0.00           
  5190.495      24.1   7.77400    -8.766     -7.87      0.00      0.00           
  5190.496 114.00128   1.57500    -2.655      0.00      0.00      0.00           
  5190.526      27.1  11.36500    -0.287     -7.57      0.00      0.00           
  5190.539 112.00124   0.58600     0.318      0.00      0.00      0.00           
  5190.544      24.1  13.05100    -6.322     -7.08      0.00      0.00           
  5190.546 106.00112   1.71600    -3.838      0.00      0.00      0.00           
  5190.563      26.1  11.30400    -6.239     -7.48      0.00      0.00           
  5190.568 112.00125   0.58500     0.318      0.00      0.00      0.00           
  5190.574      24.1   3.10500   -11.875     -7.99      0.00      0.00           
  5190.579 112.00126   0.58400     0.318      0.00      0.00      0.00           
  5190.592      58.1   1.70900    -1.570      0.00      0.00      0.00           
  5190.605      26.1  12.78200    -5.349     -7.54      0.00      0.00           
  5190.605 106.00112   1.71600    -3.850      0.00      0.00      0.00           
  5190.619      25.1  10.77400    -8.293     -7.60      0.00      0.00           
  5190.626 112.00124   0.46700    -2.004      0.00      0.00      0.00           
  5190.657      24.1  10.65500    -4.110     -7.38      0.00      0.00           
  5190.657      21.1   8.34400    -1.684     -7.29      0.00      0.00           
  5190.681      23.0   2.37400    -1.363     -7.75      0.00      0.00           
  5190.684      23.0   2.37200    -1.620      0.00      0.00      0.00           
  5190.702 106.00112   1.56900    -6.379      0.00      0.00      0.00           
  5190.717 106.00112   1.71600    -5.957      0.00      0.00      0.00           
  5190.719      24.1  11.22200    -6.160     -7.43      0.00      0.00           
  5190.734 106.00113   1.86500   -10.475      0.00      0.00      0.00           
  5190.736      26.1  10.43100    -0.912     -7.59      0.00      0.00           
  5190.754      69.1   4.84700    -1.620      0.00      0.00      0.00           
  5190.765      25.0   4.42200    -1.520      0.00      0.00      0.00           
  5190.769 106.00112   1.29000    -2.796      0.00      0.00      0.00           
  5190.772      25.0   4.42500    -3.046     -7.26      0.00      0.00           
  5190.794      28.1  14.26900    -7.255     -7.70      0.00      0.00           
  5190.821      69.1   4.74400    -2.950      0.00      0.00      0.00           
  5190.828 114.00128   1.57500    -2.655      0.00      0.00      0.00           
  5190.853 106.00112   1.29000    -6.131      0.00      0.00      0.00           
  5190.855 106.00112   1.29000    -6.228      0.00      0.00      0.00           
  5190.860      26.1  13.08400    -1.822     -7.59      0.00      0.00           
  5190.872      90.1   0.51000    -2.060      0.00      0.00      0.00           
  5190.872      90.1   0.51000    -2.056      0.00      0.00      0.00           
  5190.874 112.00124   0.58600    -2.333      0.00      0.00      0.00           
  5190.892 114.00128   1.36900    -2.644      0.00      0.00      0.00           
  5190.895      22.0   3.90400    -5.650     -7.18      0.00      0.00           
  5190.914      26.1  10.50300    -0.476     -7.59      0.00      0.00           
  5190.916      28.1  14.26800    -7.410     -7.70      0.00      0.00           
  5190.923      26.1  10.85300    -6.982     -7.55      0.00      0.00           
  5190.928      22.0   3.90400    -4.743     -7.18      0.00      0.00           
  5190.939 106.00112   1.29000    -2.742      0.00      0.00      0.00           
  5190.942      26.1  12.91800    -2.592     -7.64      0.00      0.00           
  5190.944      27.1   9.06900    -8.442     -7.73      0.00      0.00           
  5190.969      27.1   9.06900    -4.317     -7.73      0.00      0.00           
  5191.003      58.1   1.48200    -2.530      0.00      0.00      0.00           
  5191.005      24.1  10.88200    -6.217     -7.49      0.00      0.00           
  5191.015 114.00128   1.73800    -2.598      0.00      0.00      0.00           
  5191.015 114.00128   1.73800    -2.598      0.00      0.00      0.00           
  5191.020 106.00113   2.36400    -3.580      0.00      0.00      0.00           
  5191.021      27.1  10.89800    -5.074     -7.72      0.00      0.00           
  5191.042      26.1  11.63400    -5.062     -7.42      0.00      0.00           
  5191.047 112.00124   0.58600     0.334      0.00      0.00      0.00           
  5191.073 112.00125   0.58500     0.334      0.00      0.00      0.00           
  5191.080      64.1   1.59800    -0.940      0.00      0.00      0.00           
  5191.080      64.1   1.59700    -0.910      0.00      0.00      0.00           
  5191.081      26.1  11.63400    -4.856     -7.42      0.00      0.00           
  5191.095 112.00126   0.58500     0.334      0.00      0.00      0.00           
  5191.096      26.1  13.49000    -4.233     -7.59      0.00      0.00           
  5191.103      26.1  11.74900    -4.902     -7.42      0.00      0.00           
  5191.144      58.1   1.77500    -2.150      0.00      0.00      0.00           
  5191.153      26.1  12.89500    -3.766     -7.51      0.00      0.00           
  5191.202      26.1  13.49000    -3.982     -7.59      0.00      0.00           
  5191.206      28.0   5.27600    -1.540      0.00      0.00      0.00           
  5191.218      22.0   3.39200    -4.846     -7.50      0.00      0.00           
  5191.219      22.0   3.38900    -3.800      0.00      0.00      0.00           
  5191.223      23.0   1.84700    -5.160      0.00      0.00      0.00           
  5191.223      23.0   1.84900    -4.850     -7.80      0.00      0.00           
  5191.230 114.00128   1.36900    -2.644      0.00      0.00      0.00           
  5191.233      26.1  11.74900    -3.381     -7.42      0.00      0.00           
  5191.267 106.00113   2.36400    -6.250      0.00      0.00      0.00           
  5191.287      24.0   4.44300    -1.880      0.00      0.00      0.00           
  5191.294 106.00113   2.36400    -6.684      0.00      0.00      0.00           
  5191.320      59.1   0.42200    -0.680      0.00      0.00      0.00           
  5191.323      59.1   0.42200    -0.681      0.00      0.00      0.00           
  5191.385      26.0   3.26500    -4.190      0.00      0.00      0.00           
  5191.385      26.0   3.26700    -5.031     -7.81      0.00      0.00           
  5191.416 106.00112   1.14400    -7.203      0.00      0.00      0.00           
  5191.428      24.1   3.75800    -3.260     -7.86      0.00      0.00           
  5191.428      24.1   3.75500    -3.360      0.00      0.00      0.00           
  5191.440      60.1   0.20400    -0.620      0.00      0.00      0.00           
  5191.440      60.1   0.20500    -0.620      0.00      0.00      0.00           
  5191.454      26.0   3.03600    -0.550      0.00      0.00      0.00           
  5191.454      42.0   3.90700    -0.230      0.00      0.00      0.00           
  5191.454      26.0   3.03900    -0.551     -7.26      0.00      0.00           
  5191.454      42.0   3.91000    -0.229      0.00      0.00      0.00           
  5191.540 106.00113   2.36400    -3.597      0.00      0.00      0.00           
  5191.576      26.1   3.19700    -5.096     -7.88      0.00      0.00           
  5191.587      26.1   3.19500    -4.860      0.00      0.00      0.00           
  5191.592      40.1   1.75500    -0.710      0.00      0.00      0.00           
  5191.592      40.1   1.75600    -0.712      0.00      0.00      0.00           
  5191.625      23.1   3.79900    -2.386     -7.87      0.00      0.00           
  5191.625      23.1   3.79600    -4.200      0.00      0.00      0.00           
  5191.633      58.1   0.86900    -0.600      0.00      0.00      0.00           
  5191.633      58.1   0.86900    -0.600      0.00      0.00      0.00           
  5191.714      58.0   0.71900    -0.040      0.00      0.00      0.00           
  5191.714      58.0   0.71900    -0.044      0.00      0.00      0.00           
  5191.769 106.00113   1.33000    -6.683      0.00      0.00      0.00           
  5191.822      22.0   3.69100    -2.663     -7.40      0.00      0.00           
  5191.823      22.0   3.68800    -2.170      0.00      0.00      0.00           
  5191.884      24.0   3.84500    -2.835     -7.70      0.00      0.00           
  5191.884      24.0   3.84200    -2.820      0.00      0.00      0.00           
  5191.899      22.0   1.50300    -2.681     -7.67      0.00      0.00           
  5191.899      22.0   1.50100    -4.470      0.00      0.00      0.00           
  5191.977 106.00112   1.91500   -10.343      0.00      0.00      0.00           
  5191.989      23.0   2.24500    -0.870      0.00      0.00      0.00           
  5191.989      23.0   2.24700    -1.090     -7.56      0.00      0.00           
  5191.995      24.0   3.39500    -0.400     -7.26      0.00      0.00           
  5191.995      24.0   3.39200    -0.400      0.00      0.00      0.00           
  5192.046 106.00112   1.33400    -6.730      0.00      0.00      0.00           
  5192.046      26.0   5.06000    -2.060      0.00      0.00      0.00           
  5192.046      26.0   5.06400    -3.756     -7.11      0.00      0.00           
  5192.083      26.0   4.29400    -3.522     -7.52      0.00      0.00           
  5192.092      58.1   1.62500    -1.200      0.00      0.00      0.00           
  5192.092      58.1   1.62600    -1.200      0.00      0.00      0.00           
  5192.221 114.00128   1.41400    -2.537      0.00      0.00      0.00           
  5192.301      21.0   3.17200    -1.278     -7.34      0.00      0.00           
  5192.302      21.0   3.17000    -1.760      0.00      0.00      0.00           
  5192.313 114.00128   1.41400    -2.537      0.00      0.00      0.00           
  5192.315      27.0   4.14600    -0.960      0.00      0.00      0.00           
  5192.322      27.0   4.14900    -0.771     -7.52      0.00      0.00           
  5192.326      23.0   3.29900    -1.345     -7.30      0.00      0.00           
  5192.339      22.0   3.67500    -2.720      0.00      0.00      0.00           
  5192.344      26.0   2.99600    -0.420      0.00      0.00      0.00           
  5192.344      26.0   2.99800    -0.421     -7.27      0.00      0.00           
  5192.386      27.0   4.14700    -0.443     -7.51      0.00      0.00           
  5192.393 106.00113   1.16800    -3.282      0.00      0.00      0.00           
  5192.393      27.0   4.14400    -0.480      0.00      0.00      0.00           
  5192.399      27.1   5.46200    -6.020      0.00      0.00      0.00           
  5192.401      25.0   5.34500    -4.000      0.00      0.00      0.00           
  5192.438      26.1   8.17500    -2.094     -7.55      0.00      0.00           
  5192.456 106.00113   1.16800    -7.354      0.00      0.00      0.00           
  5192.490      28.0   3.69900    -1.290     -7.58      0.00      0.00           
  5192.495      26.0   4.41200    -4.280      0.00      0.00      0.00           
  5192.495      28.0   3.69600    -1.300      0.00      0.00      0.00           
  5192.503 112.00124   1.00100    -2.903      0.00      0.00      0.00           
  5192.541      27.0   4.07200    -1.734     -7.51      0.00      0.00           
  5192.549 112.00124   0.00400    -1.177      0.00      0.00      0.00           
  5192.552 114.00128   1.25800    -3.402      0.00      0.00      0.00           
  5192.567 112.00124   0.00400    -0.890      0.00      0.00      0.00           
  5192.569 112.00125   0.00400    -0.890      0.00      0.00      0.00           
  5192.573 112.00126   0.00400    -0.890      0.00      0.00      0.00           
  5192.610      60.1   1.13600     0.270      0.00      0.00      0.00           
  5192.610      60.1   1.13600     0.270      0.00      0.00      0.00           
  5192.615      26.1  12.78300     0.199     -7.57      0.00      0.00           
  5192.617 114.00128   1.71400    -2.553      0.00      0.00      0.00           
  5192.641 114.00128   1.71400    -2.553      0.00      0.00      0.00           
  5192.667 114.00128   1.25800    -3.402      0.00      0.00      0.00           
  5192.706      74.0   1.85700    -1.620      0.00      0.00      0.00           
  5192.706      74.0   1.85500    -1.620      0.00      0.00      0.00           
  5192.712 106.00113   1.16800    -3.224      0.00      0.00      0.00           
  5192.751      26.1  12.78300     0.695     -7.54      0.00      0.00           
  5192.837      22.0   3.45500    -4.070      0.00      0.00      0.00           
  5192.856      26.1  10.46700    -1.304     -7.59      0.00      0.00           
  5192.871      66.1   0.00000    -1.896      0.00      0.00      0.00           
  5192.871      66.1   0.00000    -1.900      0.00      0.00      0.00           
  5192.884      26.1   9.10000    -1.985     -7.74      0.00      0.00           
  5192.914      27.1   5.20400    -2.270      0.00      0.00      0.00           
  5192.939      27.0   4.06400    -2.160     -7.51      0.00      0.00           
  5192.941      27.0   4.06100    -2.310      0.00      0.00      0.00           
  5192.965      23.0   2.31600     0.290     -7.23      0.00      0.00           
  5192.969      22.0   0.02100    -0.950      0.00      0.00      0.00           
  5192.969      22.0   0.02100    -0.950     -7.73      0.00      0.00           
  5192.973 106.00113   1.25100    -6.446      0.00      0.00      0.00           
  5192.977      27.1   5.20800    -2.674      0.00      0.00      0.00           
  5192.984      23.0   2.31400     0.130      0.00      0.00      0.00           
  5193.004 106.00113   2.19500    -6.969      0.00      0.00      0.00           
  5193.068      41.0   0.19700    -1.250      0.00      0.00      0.00           
  5193.068      41.0   0.19700    -1.250      0.00      0.00      0.00           
  5193.130      45.0   3.53900     0.740      0.00      0.00      0.00           
  5193.130      45.0   3.53600     0.740      0.00      0.00      0.00           
  5193.170 114.00128   1.25800    -3.531      0.00      0.00      0.00           
  5193.260      58.1   1.21200    -2.190      0.00      0.00      0.00           
  5193.285 114.00128   1.25800    -3.531      0.00      0.00      0.00           
  5193.300      23.0   3.82400    -3.210      0.00      0.00      0.00           
  5193.302      24.1   6.81700    -4.320      0.00      0.00      0.00           
  5193.310      24.0   3.89000    -3.351     -7.68      0.00      0.00           
  5193.310      24.0   3.88700    -3.910      0.00      0.00      0.00           
  5193.315      24.0   4.44400    -2.490      0.00      0.00      0.00           
  5193.320      68.1   0.88600    -2.770      0.00      0.00      0.00           
  5193.320      68.1   0.88600    -2.770      0.00      0.00      0.00           
  5193.343 112.00124   0.54900     0.304      0.00      0.00      0.00           
  5193.362 112.00125   0.54800     0.304      0.00      0.00      0.00           
  5193.368 112.00126   0.54700     0.304      0.00      0.00      0.00           
  5193.394      23.1   3.75600    -3.910      0.00      0.00      0.00           
  5193.398      58.1   1.25400    -1.990      0.00      0.00      0.00           
  5193.403 112.00126   0.00800    -1.095      0.00      0.00      0.00           
  5193.405      27.0   4.14600    -3.740      0.00      0.00      0.00           
  5193.415 112.00125   0.00900    -1.095      0.00      0.00      0.00           
  5193.426 112.00124   0.00900    -1.095      0.00      0.00      0.00           
  5193.432      23.1   2.52500    -2.285     -7.85      0.00      0.00           
  5193.432      23.1   2.52300    -2.150      0.00      0.00      0.00           
  5193.492      24.0   3.41900    -0.720      0.00      0.00      0.00           
  5193.492      24.0   3.42200    -0.720     -7.68      0.00      0.00           
  5193.514      58.1   1.41200    -2.410      0.00      0.00      0.00           
  5193.529      76.0   1.36700    -2.520      0.00      0.00      0.00           
  5193.529      76.0   1.36800    -2.520      0.00      0.00      0.00           
  5193.577      23.0   2.25300    -1.310     -7.56      0.00      0.00           
  5193.578      23.0   2.25200    -0.720      0.00      0.00      0.00           
  5193.642      23.0   2.24700    -0.991     -7.56      0.00      0.00           
  5193.642      23.0   2.24600    -5.470      0.00      0.00      0.00           
  5193.664      24.0   5.25800    -2.110      0.00      0.00      0.00           
  5193.682 112.00124   0.54900    -2.315      0.00      0.00      0.00           
  5193.698      42.0   2.91600    -2.230      0.00      0.00      0.00           
  5193.710 114.00128   1.60800    -2.623      0.00      0.00      0.00           
  5193.733      26.1  12.91800     0.740     -7.59      0.00      0.00           
  5193.734 114.00128   1.60800    -2.623      0.00      0.00      0.00           
  5193.770 114.00128   1.52100    -2.979      0.00      0.00      0.00           
  5193.774      21.0   2.61400    -2.005     -7.56      0.00      0.00           
  5193.774      21.0   2.61200    -2.230      0.00      0.00      0.00           
  5193.826      90.1   0.00000    -2.380      0.00      0.00      0.00           
  5193.826      90.1   0.00000    -2.380      0.00      0.00      0.00           
  5193.851 112.00124   0.54900     0.321      0.00      0.00      0.00           
  5193.851 112.00124   0.48500    -2.041      0.00      0.00      0.00           
  5193.867 112.00125   0.54800     0.321      0.00      0.00      0.00           
  5193.881      22.0   2.34500    -1.150     -7.63      0.00      0.00           
  5193.881      22.0   2.34300    -1.150      0.00      0.00      0.00           
  5193.882 112.00126   0.54700     0.321      0.00      0.00      0.00           
  5193.890 114.00128   1.52100    -2.979      0.00      0.00      0.00           
  5193.891      73.0   2.15400    -1.570      0.00      0.00      0.00           
  5193.947      22.0   1.05200    -3.440      0.00      0.00      0.00           
  5193.947      22.0   1.05300    -3.102     -7.77      0.00      0.00           
  5194.008 106.00112   1.33500    -6.683      0.00      0.00      0.00           
  5194.037      22.0   2.10100    -0.560      0.00      0.00      0.00           
  5194.040      22.0   2.10300    -0.650     -7.23      0.00      0.00           
  5194.043      27.0   4.50400    -1.830     -7.54      0.00      0.00           
  5194.055      27.0   4.50100    -4.250      0.00      0.00      0.00           
  5194.074      26.0   4.95600    -3.198     -7.12      0.00      0.00           
  5194.074      26.0   4.95200    -2.520      0.00      0.00      0.00           
  5194.087      25.0   4.82400    -3.830      0.00      0.00      0.00           
  5194.087      25.0   4.82400    -4.010      0.00      0.00      0.00           
  5194.088      58.1   1.00800    -1.840      0.00      0.00      0.00           
  5194.122      28.0   5.27600    -1.650      0.00      0.00      0.00           
  5194.177 112.00124   0.21600    -1.657      0.00      0.00      0.00           
  5194.217      22.0   3.10400    -2.388     -7.43      0.00      0.00           
  5194.217      22.0   3.10200    -1.410      0.00      0.00      0.00           
  5194.228      24.1   6.79800    -3.420      0.00      0.00      0.00           
  5194.278 106.00112   1.08100    -5.757      0.00      0.00      0.00           
  5194.281 106.00112   1.71800    -3.838      0.00      0.00      0.00           
  5194.346      22.0   1.96700    -5.950      0.00      0.00      0.00           
  5194.346      22.0   1.96900    -5.036     -7.77      0.00      0.00           
  5194.381      26.1  12.85800     0.782     -7.59      0.00      0.00           
  5194.392      24.0   3.09000    -5.970      0.00      0.00      0.00           
  5194.398      59.0   0.17100    -0.018      0.00      0.00      0.00           
  5194.398      59.0   0.17100    -0.020      0.00      0.00      0.00           
  5194.454 106.00112   1.71800    -5.922      0.00      0.00      0.00           
  5194.487      23.0   2.36400    -3.270      0.00      0.00      0.00           
  5194.487      23.0   2.36500    -2.911     -7.75      0.00      0.00           
  5194.504 106.00112   1.71800    -3.850      0.00      0.00      0.00           
  5194.597      24.0   2.70600    -5.250      0.00      0.00      0.00           
  5194.597      24.0   2.70800    -4.906     -7.68      0.00      0.00           
  5194.641 106.00113   2.22300    -4.815      0.00      0.00      0.00           
  5194.724      62.0   1.62200     0.240      0.00      0.00      0.00           
  5194.724      62.0   1.62400     0.236      0.00      0.00      0.00           
  5194.743      20.0   5.72400    -2.780      0.00      0.00      0.00           
  5194.765      23.0   2.29500    -0.330     -7.56      0.00      0.00           
  5194.766      58.0   0.00000    -1.290      0.00      0.00      0.00           
  5194.766      58.0   0.00000    -1.290      0.00      0.00      0.00           
  5194.778      23.0   2.29400    -0.020      0.00      0.00      0.00           
  5194.829 106.00113   1.82700    -6.222      0.00      0.00      0.00           
  5194.873      23.0   2.26400    -1.197     -7.56      0.00      0.00           
  5194.874      23.0   2.26200    -0.390      0.00      0.00      0.00           
  5194.886      26.1  10.46700    -0.108     -7.59      0.00      0.00           
  5194.898      26.1  13.47100     0.501     -7.59      0.00      0.00           
  5194.941      26.0   1.55700    -2.021     -7.68      0.00      0.00           
  5194.942      26.0   1.55600    -2.020      0.00      0.00      0.00           
  5194.959 114.00128   1.73800    -2.222      0.00      0.00      0.00           
  5194.959 114.00128   1.73800    -2.222      0.00      0.00      0.00           
  5194.991 112.00124   0.00900    -1.319      0.00      0.00      0.00           
  5195.011 112.00126   0.00900    -0.681      0.00      0.00      0.00           
  5195.013 112.00125   0.00900    -0.681      0.00      0.00      0.00           
  5195.016      44.0   1.08700    -1.200      0.00      0.00      0.00           
  5195.016 112.00124   0.00900    -0.681      0.00      0.00      0.00           
  5195.016      44.0   1.08700    -1.440      0.00      0.00      0.00           
  5195.087 106.00113   2.25300    -6.198      0.00      0.00      0.00           
  5195.096 106.00113   2.25300    -3.266      0.00      0.00      0.00           
  5195.110      59.1   1.11000    -0.180      0.00      0.00      0.00           
  5195.114      59.1   1.11100    -0.114      0.00      0.00      0.00           
  5195.154      26.0   5.06000    -2.210      0.00      0.00      0.00           
  5195.154      26.0   5.06400    -3.503     -7.12      0.00      0.00           
  5195.248 106.00113   2.19600    -7.016      0.00      0.00      0.00           
  5195.255      26.1  12.91800     0.444     -7.59      0.00      0.00           
  5195.295 106.00113   2.25300    -3.289      0.00      0.00      0.00           
  5195.304 106.00113   2.25300    -5.903      0.00      0.00      0.00           
  5195.310      59.1   0.79500    -0.270      0.00      0.00      0.00           
  5195.312      26.0   5.00800    -4.140      0.00      0.00      0.00           
  5195.314      59.1   0.79500    -0.296      0.00      0.00      0.00           
  5195.345      23.0   2.27800    -0.120     -7.24      0.00      0.00           
  5195.358      23.0   2.27600    -0.180      0.00      0.00      0.00           
  5195.385      25.0   3.13400    -3.331     -7.80      0.00      0.00           
  5195.391 106.00113   1.57600   -10.233      0.00      0.00      0.00           
  5195.407      25.0   3.13200    -3.350      0.00      0.00      0.00           
  5195.472      26.0   4.22000    -0.086     -7.51      0.00      0.00           
  5195.472      26.0   4.21700     0.020      0.00      0.00      0.00           
  5195.477 106.00112   2.28100    -6.662      0.00      0.00      0.00           
  5195.535 106.00112   1.83200    -6.222      0.00      0.00      0.00           
  5195.565 106.00112   2.28100    -3.599      0.00      0.00      0.00           
  5195.621      74.0   3.21900    -0.580      0.00      0.00      0.00           
  5195.672      21.0   3.05500    -3.800      0.00      0.00      0.00           
  5195.742      23.0   3.27000    -2.960      0.00      0.00      0.00           
  5195.767 106.00112   2.28100    -3.614      0.00      0.00      0.00           
  5195.767      21.0   3.08100    -2.710      0.00      0.00      0.00           
  5195.814      90.0   0.61500    -1.460      0.00      0.00      0.00           
  5195.814      90.0   0.61500    -1.456      0.00      0.00      0.00           
  5195.834      41.0   0.14200    -1.400      0.00      0.00      0.00           
  5195.834      41.0   0.14200    -1.479      0.00      0.00      0.00           
  5195.855 106.00112   2.28100    -6.278      0.00      0.00      0.00           
  5195.937      26.1  12.91600     0.919     -7.59      0.00      0.00           
  5195.940 112.00124   0.51300     0.289      0.00      0.00      0.00           
  5195.942      27.0   3.96800    -0.690      0.00      0.00      0.00           
  5195.943      27.0   3.97100    -0.392     -7.50      0.00      0.00           
  5195.951 112.00126   0.51100     0.289      0.00      0.00      0.00           
  5195.951 112.00125   0.51200     0.289      0.00      0.00      0.00           
  5196.027 114.00128   1.29900    -3.154      0.00      0.00      0.00           
  5196.037      42.0   2.75600    -2.190      0.00      0.00      0.00           
  5196.059      26.0   4.25600    -0.493     -7.51      0.00      0.00           
  5196.059      26.0   4.25300    -0.520      0.00      0.00      0.00           
  5196.088      70.0   3.38400     0.060      0.00      0.00      0.00           
  5196.152      33.0   6.28500     0.200      0.00      0.00      0.00           
  5196.152 112.00126   0.01400    -0.772      0.00      0.00      0.00           
  5196.152      33.0   6.28000     0.200      0.00      0.00      0.00           
  5196.166 112.00125   0.01400    -0.772      0.00      0.00      0.00           
  5196.174      23.1   2.21900    -7.360      0.00      0.00      0.00           
  5196.180 112.00124   0.01400    -0.772      0.00      0.00      0.00           
  5196.199      22.0   1.99500    -6.540      0.00      0.00      0.00           
  5196.230      26.0   2.94900    -6.021     -7.82      0.00      0.00           
  5196.230      26.0   2.94700    -5.700      0.00      0.00      0.00           
  5196.268 114.00128   1.29900    -3.154      0.00      0.00      0.00           
  5196.273 106.00112   2.20400    -6.969      0.00      0.00      0.00           
  5196.282 112.00124   0.51300    -2.297      0.00      0.00      0.00           
  5196.335      22.0   0.89900    -5.110      0.00      0.00      0.00           
  5196.335      22.0   0.90000    -5.004     -7.76      0.00      0.00           
  5196.339      26.1  12.86400    -0.094     -7.60      0.00      0.00           
  5196.347 106.00113   1.82700    -6.179      0.00      0.00      0.00           
  5196.353 112.00124   0.00400    -1.261      0.00      0.00      0.00           
  5196.376      24.0   4.44300    -3.420      0.00      0.00      0.00           
  5196.412      62.1   0.99800    -1.990      0.00      0.00      0.00           
  5196.420      39.1   1.74800    -1.230      0.00      0.00      0.00           
  5196.422      39.1   1.74800    -1.270      0.00      0.00      0.00           
  5196.440      26.1  10.37900    -0.634     -7.59      0.00      0.00           
  5196.444      21.0   3.17000    -3.170      0.00      0.00      0.00           
  5196.446      24.0   3.44600    -0.270      0.00      0.00      0.00           
  5196.446      24.0   3.44900    -0.270     -7.57      0.00      0.00           
  5196.447 112.00124   0.51300     0.307      0.00      0.00      0.00           
  5196.454      22.0   3.10900    -3.690      0.00      0.00      0.00           
  5196.456 112.00125   0.51200     0.307      0.00      0.00      0.00           
  5196.464      24.0   3.55600    -3.037     -7.62      0.00      0.00           
  5196.464 112.00126   0.51100     0.307      0.00      0.00      0.00           
  5196.464      24.0   3.55300    -3.060      0.00      0.00      0.00           
  5196.494      24.0   2.70900    -3.171     -7.68      0.00      0.00           
  5196.494      24.0   2.70700    -3.730      0.00      0.00      0.00           
  5196.513      20.0   5.66700    -3.190      0.00      0.00      0.00           
  5196.553   25.0055   3.13300    -3.783      0.00      0.00      0.00           
  5196.558   25.0055   3.13300    -2.686      0.00      0.00      0.00           
  5196.558   25.0055   3.13300    -3.653      0.00      0.00      0.00           
  5196.561   25.0055   3.13300    -2.175      0.00      0.00      0.00           
  5196.563      24.0   3.44900    -1.671     -7.57      0.00      0.00           
  5196.564   25.0055   3.13300    -3.748      0.00      0.00      0.00           
  5196.564      24.0   3.44600    -0.360      0.00      0.00      0.00           
  5196.564   25.0055   3.13300    -2.498      0.00      0.00      0.00           
  5196.569   25.0055   3.13300    -2.042      0.00      0.00      0.00           
  5196.572   25.0055   3.13300    -2.443      0.00      0.00      0.00           
  5196.573   25.0055   3.13300    -4.085      0.00      0.00      0.00           
  5196.578   25.0055   3.13300    -1.912      0.00      0.00      0.00           
  5196.583   25.0055   3.13300    -2.481      0.00      0.00      0.00           
  5196.590      25.0   3.13500    -0.970     -7.56      0.00      0.00           
  5196.590   25.0055   3.13300    -1.790      0.00      0.00      0.00           
  5196.594   25.0055   3.13300    -2.669      0.00      0.00      0.00           
  5196.604   25.0055   3.13300    -1.677      0.00      0.00      0.00           
  5196.604      71.0   2.29300     0.100      0.00      0.00      0.00           
  5196.619   25.0055   3.13300    -1.573      0.00      0.00      0.00           
  5196.628      26.0   5.01600    -2.830      0.00      0.00      0.00           
  5196.628      26.0   5.02000    -3.494     -7.13      0.00      0.00           
  5196.663      23.0   3.80300    -2.590      0.00      0.00      0.00           
  5196.682      23.0   3.28400    -2.020      0.00      0.00      0.00           
  5196.737      20.0   5.29500    -5.160      0.00      0.00      0.00           
  5196.747 114.00128   1.39300    -2.606      0.00      0.00      0.00           
  5196.846 112.00124   0.50400    -2.076      0.00      0.00      0.00           
  5196.972      26.1  10.46700    -2.087     -7.59      0.00      0.00           
  5197.014      24.0   4.44600    -2.090      0.00      0.00      0.00           
  5197.055      24.1   6.27700    -4.140      0.00      0.00      0.00           
  5197.060      44.0   1.32100    -2.920      0.00      0.00      0.00           
  5197.061 106.00112   2.33900    -7.278      0.00      0.00      0.00           
  5197.084      24.0   3.84400    -2.690      0.00      0.00      0.00           
  5197.084      24.0   3.84700    -2.212     -7.70      0.00      0.00           
  5197.097      26.0   3.98400    -3.804     -7.55      0.00      0.00           
  5197.097      26.0   3.98100    -3.640      0.00      0.00      0.00           
  5197.114 114.00128   1.39300    -2.606      0.00      0.00      0.00           
  5197.126 106.00112   1.83200    -6.179      0.00      0.00      0.00           
  5197.133      14.0   4.95400    -3.975     -7.32      0.00      0.00           
  5197.157      28.0   3.89500    -1.190      0.00      0.00      0.00           
  5197.160      28.0   3.89800    -1.291     -7.23      0.00      0.00           
  5197.195      25.0   3.13500    -1.810     -7.56      0.00      0.00           
  5197.200      20.0   5.29600    -4.110      0.00      0.00      0.00           
  5197.216      24.0   3.55600    -2.374     -7.62      0.00      0.00           
  5197.216      24.0   3.55300    -2.090      0.00      0.00      0.00           
  5197.217      25.0   3.13300    -1.810      0.00      0.00      0.00           
  5197.256      20.0   5.31700    -4.860      0.00      0.00      0.00           
  5197.299      14.0   4.95400    -4.887     -7.32      0.00      0.00           
  5197.347 112.00124   0.01400    -1.433      0.00      0.00      0.00           
  5197.365 112.00126   0.01400    -0.539      0.00      0.00      0.00           
  5197.372 112.00125   0.01400    -0.539      0.00      0.00      0.00           
  5197.379 112.00124   0.01400    -0.539      0.00      0.00      0.00           
  5197.480      26.1   5.95200    -2.720      0.00      0.00      0.00           
  5197.484      26.1   5.95600    -3.134     -7.78      0.00      0.00           
  5197.505      26.1  12.91800     0.065     -7.59      0.00      0.00           
  5197.568      26.1   3.23000    -2.220     -7.88      0.00      0.00           
  5197.571      26.1  10.39800    -2.105     -7.73      0.00      0.00           
  5197.577      26.1   3.23100    -2.220      0.00      0.00      0.00           
  5197.577      26.0   4.95200    -2.320      0.00      0.00      0.00           
  5197.577      26.0   4.95600    -2.078     -7.25      0.00      0.00           
  5197.586      20.0   4.62100    -4.500      0.00      0.00      0.00           
  5197.627 106.00113   2.22400    -7.376      0.00      0.00      0.00           
  5197.666      66.1   0.53800    -1.850      0.00      0.00      0.00           
  5197.666      66.1   0.53800    -1.850      0.00      0.00      0.00           
  5197.692      22.0   3.55600    -3.410      0.00      0.00      0.00           
  5197.742      26.0   5.06000    -2.610      0.00      0.00      0.00           
  5197.742      26.0   5.06400    -2.319     -7.12      0.00      0.00           
  5197.748      26.1  13.03800    -0.314     -7.43      0.00      0.00           
  5197.756      58.1   1.02700    -1.970      0.00      0.00      0.00           
  5197.767      26.0   4.37100    -4.283     -7.51      0.00      0.00           
  5197.768      26.0   4.36800    -3.290      0.00      0.00      0.00           
  5197.773      64.0   0.88000     0.050      0.00      0.00      0.00           
  5197.773      64.0   0.88100     0.050      0.00      0.00      0.00           
  5197.784      26.0   5.07000    -4.659     -7.11      0.00      0.00           
  5197.784      26.0   5.06600    -3.630      0.00      0.00      0.00           
  5197.790      23.0   2.57500    -3.547     -7.68      0.00      0.00           
  5197.790      23.0   2.57300    -5.330      0.00      0.00      0.00           
  5197.805      26.1  11.11200    -6.753     -7.72      0.00      0.00           
  5197.880 106.00113   1.91100    -3.593      0.00      0.00      0.00           
  5197.900 114.00128   1.27200    -3.406      0.00      0.00      0.00           
  5197.902       7.0   0.00000   -13.153      0.00      0.00      0.00           
  5197.902       7.0   0.00000   -12.586      0.00      0.00      0.00           
  5197.914      58.1   0.26500    -2.750      0.00      0.00      0.00           
  5197.936      26.0   4.29800    -1.640      0.00      0.00      0.00           
  5197.936      26.0   4.30100    -1.540     -7.17      0.00      0.00           
  5197.956      27.1  11.44600    -0.415     -7.57      0.00      0.00           
  5197.963      25.1  10.87600    -5.641     -7.67      0.00      0.00           
  5197.972      24.0   5.66300    -1.830      0.00      0.00      0.00           
  5197.981 106.00113   1.91100    -3.611      0.00      0.00      0.00           
  5198.009      25.1   5.37300    -9.261     -7.92      0.00      0.00           
  5198.009      25.1   5.37300   -11.479     -7.92      0.00      0.00           
  5198.011      26.1  11.63500    -4.712     -7.42      0.00      0.00           
  5198.048      26.1  12.81300    -5.959     -7.47      0.00      0.00           
  5198.050 114.00128   1.27200    -3.406      0.00      0.00      0.00           
  5198.053      60.0   0.14000    -0.680      0.00      0.00      0.00           
  5198.053      60.0   0.14000    -0.680      0.00      0.00      0.00           
  5198.068      28.1  14.66700    -3.966     -7.16      0.00      0.00           
  5198.074 106.00113   1.91100    -5.702      0.00      0.00      0.00           
  5198.099 106.00112   1.17200    -3.281      0.00      0.00      0.00           
  5198.120      22.0   3.39700    -3.180      0.00      0.00      0.00           
  5198.120      22.0   3.39900    -2.892     -7.52      0.00      0.00           
  5198.125      27.0   4.39200    -3.850      0.00      0.00      0.00           
  5198.130      23.0   2.57500    -3.983     -7.69      0.00      0.00           
  5198.131      23.0   2.57300    -4.750      0.00      0.00      0.00           
  5198.136      27.0   4.39500    -3.159     -7.49      0.00      0.00           
  5198.140      26.1  13.47000    -0.592     -7.58      0.00      0.00           
  5198.141      25.1  12.58300    -8.912     -6.98      0.00      0.00           
  5198.160 106.00112   1.17200    -7.353      0.00      0.00      0.00           
  5198.166      27.1  11.27900    -0.203     -7.57      0.00      0.00           
  5198.192      26.1  12.88700    -3.909     -7.51      0.00      0.00           
  5198.197 106.00113   1.82500   -10.645      0.00      0.00      0.00           
  5198.274      23.0   3.05500    -3.846     -7.67      0.00      0.00           
  5198.294      26.1  13.47100    -1.708     -7.59      0.00      0.00           
  5198.317      22.0   3.55100    -3.832     -7.29      0.00      0.00           
  5198.317      26.1  10.39900    -2.847     -7.73      0.00      0.00           
  5198.317      22.0   3.54800    -3.270      0.00      0.00      0.00           
  5198.328 112.00124   0.47800     0.274      0.00      0.00      0.00           
  5198.328 112.00126   0.47600     0.274      0.00      0.00      0.00           
  5198.332 112.00125   0.47700     0.274      0.00      0.00      0.00           
  5198.368      28.1  14.41500    -3.292     -7.56      0.00      0.00           
  5198.409      24.0   4.44400    -1.380      0.00      0.00      0.00           
  5198.422 106.00112   1.17200    -3.223      0.00      0.00      0.00           
  5198.452 106.00112   1.56700    -9.986      0.00      0.00      0.00           
  5198.455      28.1  14.47600    -3.704     -7.21      0.00      0.00           
  5198.463      69.1   4.35500    -3.040      0.00      0.00      0.00           
  5198.488       6.0   8.77100    -1.240     -6.67      0.00      0.00           
  5198.500      26.1  12.86600    -1.174     -7.59      0.00      0.00           
  5198.509      28.1   9.90900    -3.676     -7.78      0.00      0.00           
  5198.520 106.00112   2.20500    -7.015      0.00      0.00      0.00           
  5198.530      24.1   6.80500    -4.835     -7.83      0.00      0.00           
  5198.531      24.1   6.80000    -4.610      0.00      0.00      0.00           
  5198.539 114.00128   1.27200    -3.419      0.00      0.00      0.00           
  5198.541      22.0   2.30500    -3.412     -7.52      0.00      0.00           
  5198.541      22.0   2.30400    -4.550      0.00      0.00      0.00           
  5198.550      42.0   3.30300    -1.425      0.00      0.00      0.00           
  5198.550      42.0   3.30000    -1.430      0.00      0.00      0.00           
  5198.588 112.00126   0.02100    -0.590      0.00      0.00      0.00           
  5198.595      26.1  13.03800    -0.130     -7.46      0.00      0.00           
  5198.604 112.00125   0.02100    -0.590      0.00      0.00      0.00           
  5198.621 112.00124   0.02100    -0.590      0.00      0.00      0.00           
  5198.672 112.00124   0.47800    -2.278      0.00      0.00      0.00           
  5198.690 114.00128   1.27200    -3.419      0.00      0.00      0.00           
  5198.706      23.1   8.16000    -3.946     -7.72      0.00      0.00           
  5198.711      26.0   2.22300    -2.135     -7.59      0.00      0.00           
  5198.711      26.0   2.22100    -2.130      0.00      0.00      0.00           
  5198.728      26.1  13.04700    -1.845     -7.51      0.00      0.00           
  5198.752      24.1   2.54300   -11.504     -8.04      0.00      0.00           
  5198.752      24.1   2.54300   -11.834     -8.04      0.00      0.00           
  5198.766      39.1   7.96900    -2.318     -7.29      0.00      0.00           
  5198.783      26.1  13.03800    -0.913     -7.57      0.00      0.00           
  5198.790      21.0   2.56900    -5.839     -7.46      0.00      0.00           
  5198.800      90.0   1.30500    -0.775      0.00      0.00      0.00           
  5198.800      90.0   1.30400    -0.780      0.00      0.00      0.00           
  5198.807      26.1  13.49700    -0.672     -7.57      0.00      0.00           
  5198.834 112.00124   0.47800     0.292      0.00      0.00      0.00           
  5198.836 112.00125   0.47700     0.292      0.00      0.00      0.00           
  5198.838      22.0   3.56700    -3.760      0.00      0.00      0.00           
  5198.838      22.0   3.56900    -4.346     -7.29      0.00      0.00           
  5198.839 112.00126   0.47600     0.292      0.00      0.00      0.00           
  5198.867      26.0   3.54400    -3.550      0.00      0.00      0.00           
  5198.867      26.0   3.54700    -3.648     -7.82      0.00      0.00           
  5198.874      26.1  10.85300    -5.858     -7.64      0.00      0.00           
  5198.887 112.00124   0.22700    -1.716      0.00      0.00      0.00           
  5198.896      24.0   3.55100    -3.077     -7.67      0.00      0.00           
  5198.912 106.00112   1.25600    -6.445      0.00      0.00      0.00           
  5198.939      28.1  14.66700    -4.683     -7.16      0.00      0.00           
  5198.952      25.0   5.39200    -4.080      0.00      0.00      0.00           
  5198.960      21.1   8.24000    -4.236     -7.44      0.00      0.00           
  5198.960      21.1   8.24000    -4.221     -7.44      0.00      0.00           
  5198.962      26.1  12.78200    -6.847     -7.54      0.00      0.00           
  5198.979      18.0  13.07600    -3.330      0.00      0.00      0.00           
  5199.051      27.1  12.04600    -7.781     -7.62      0.00      0.00           
  5199.055      24.1  10.28100    -5.667     -7.66      0.00      0.00           
  5199.089      22.0   1.04500    -5.430      0.00      0.00      0.00           
  5199.089      22.0   1.04600    -4.674     -7.77      0.00      0.00           
  5199.097      26.1  13.04400    -2.217     -7.47      0.00      0.00           
  5199.110      69.0   2.53000    -0.700      0.00      0.00      0.00           
  5199.119      26.1  10.37900     0.121     -7.59      0.00      0.00           
  5199.150      70.1   5.86800    -2.530      0.00      0.00      0.00           
  5199.153 114.00128   1.71600    -2.569      0.00      0.00      0.00           
  5199.164      90.0   0.47900    -1.310      0.00      0.00      0.00           
  5199.164      90.0   0.47900    -1.312      0.00      0.00      0.00           
  5199.180      26.1   1.04000   -13.002     -7.94      0.00      0.00           
  5199.180      26.1   1.04000    -8.503     -7.94      0.00      0.00           
  5199.185 106.00112   1.91700    -3.593      0.00      0.00      0.00           
  5199.200      64.1   1.62000    -1.250      0.00      0.00      0.00           
  5199.203 106.00112   1.91700    -3.611      0.00      0.00      0.00           
  5199.204      64.1   1.62100    -1.290      0.00      0.00      0.00           
  5199.220      23.0   1.35100    -8.669     -7.78      0.00      0.00           
  5199.220      69.1   4.89900    -2.280      0.00      0.00      0.00           
  5199.220      23.0   1.34900    -7.920      0.00      0.00      0.00           
  5199.223      28.1  14.47600    -4.168     -7.22      0.00      0.00           
  5199.245 106.00113   2.22300    -9.405      0.00      0.00      0.00           
  5199.251      26.1  11.74900    -5.733     -7.42      0.00      0.00           
  5199.277      26.1  10.73100    -4.808     -7.74      0.00      0.00           
  5199.294      26.1  13.06800    -0.151     -7.59      0.00      0.00           
  5199.294      26.1  13.00800    -2.717     -7.51      0.00      0.00           
  5199.313 106.00112   1.91700    -5.701      0.00      0.00      0.00           
  5199.315      24.1   8.75100    -3.930     -7.51      0.00      0.00           
  5199.354      26.1  13.07000    -1.310     -7.58      0.00      0.00           
  5199.361      26.0   4.73300    -3.859     -7.31      0.00      0.00           
  5199.361      26.0   4.73000    -3.740      0.00      0.00      0.00           
  5199.361 114.00128   1.71700    -2.569      0.00      0.00      0.00           
  5199.364      24.0   4.10600    -5.637     -6.63      0.00      0.00           
  5199.367      26.1  11.78800    -5.622     -7.68      0.00      0.00           
  5199.386      26.1  11.25500    -4.100     -7.62      0.00      0.00           
  5199.392      26.1  12.89200    -2.104     -7.21      0.00      0.00           
  5199.396      27.1  11.45100    -0.637     -7.57      0.00      0.00           
  5199.398      24.1   6.89700    -3.136     -7.83      0.00      0.00           
  5199.398      24.1   6.89200    -4.040      0.00      0.00      0.00           
  5199.454      22.0   3.58100    -3.683     -7.33      0.00      0.00           
  5199.455      23.0   3.08000    -4.659     -7.53      0.00      0.00           
  5199.469      24.1   1.52600   -16.211     -7.94      0.00      0.00           
  5199.471      25.0   4.42900    -3.483     -7.26      0.00      0.00           
  5199.474      25.0   4.42600    -1.720      0.00      0.00      0.00           
  5199.479      26.1  11.20800    -4.377     -7.62      0.00      0.00           
  5199.510      22.0   3.40900    -3.609     -7.51      0.00      0.00           
  5199.510      22.0   3.40700    -4.200      0.00      0.00      0.00           
  5199.513      27.1  11.45100     0.873     -7.57      0.00      0.00           
  5199.523      24.1  10.68300    -0.255     -7.57      0.00      0.00           
  5199.531      26.0   3.88200    -3.736     -7.55      0.00      0.00           
  5199.531      26.0   3.87900    -3.490      0.00      0.00      0.00           
  5199.550      58.1   2.21300    -3.360      0.00      0.00      0.00           
  5199.557 112.00124   0.02100    -1.526      0.00      0.00      0.00           
  5199.574 112.00126   0.02100    -0.432      0.00      0.00      0.00           
  5199.584 112.00125   0.02100    -0.432      0.00      0.00      0.00           
  5199.596 112.00124   0.02100    -0.432      0.00      0.00      0.00           
  5199.612      26.0   5.02000    -7.950     -7.18      0.00      0.00           
  5199.614 112.00124   0.52500    -2.009      0.00      0.00      0.00           
  5199.655      23.1   2.26600    -3.990      0.00      0.00      0.00           
  5199.655      23.1   2.26800    -3.588     -7.86      0.00      0.00           
  5199.665      27.1  11.27900    -0.215     -7.57      0.00      0.00           
  5199.696      26.0   3.54400    -3.370      0.00      0.00      0.00           
  5199.696      26.0   3.54700    -3.499     -7.82      0.00      0.00           
  5199.715      27.0   2.87500    -4.800      0.00      0.00      0.00           
  5199.719      27.1  11.48600    -1.259     -7.62      0.00      0.00           
  5199.722      60.0   0.00000    -0.810      0.00      0.00      0.00           
  5199.722      60.0   0.00000    -0.815      0.00      0.00      0.00           
  5199.723      26.1  10.39800    -8.956     -7.70      0.00      0.00           
  5199.728      24.1   6.80000    -3.280      0.00      0.00      0.00           
  5199.728      24.1   6.80500    -4.167     -7.83      0.00      0.00           
  5199.734      27.0   2.87700    -5.276     -7.72      0.00      0.00           
  5199.753      26.1  13.47100    -0.176     -7.59      0.00      0.00           
  5199.779      26.0   5.03300    -3.290     -7.13      0.00      0.00           
  5199.779      26.0   5.02900    -2.460      0.00      0.00      0.00           
  5199.797      26.1   6.20900    -7.453     -7.89      0.00      0.00           
  5199.797      26.1  13.04800    -2.361     -7.51      0.00      0.00           
  5199.798      26.1  12.94600    -4.949     -7.51      0.00      0.00           
  5199.837       7.0  11.60300    -1.819      0.00      0.00      0.00           
  5199.873      26.1  11.63400    -4.683     -7.42      0.00      0.00           
  5199.877      44.0   3.61500     0.410      0.00      0.00      0.00           
  5199.877      44.0   3.61300     0.410      0.00      0.00      0.00           
  5199.942      58.1   0.67400    -2.080      0.00      0.00      0.00           
  5199.943      26.1  12.92000    -1.332     -7.59      0.00      0.00           
  5199.970      26.1  13.46900    -3.480     -7.59      0.00      0.00           
  5199.985      25.1   4.11000    -9.991     -7.93      0.00      0.00           
